productId,name,cleanName,imageUrl,categoryId,groupId,url,modifiedOn,imageCount,extNumber,extRarity,extCardType,extHP,extStage,extCardText,extAttack1,extWeakness,extResistance,extRetreatCost,lowPrice,midPrice,highPrice,marketPrice,directLowPrice,subTypeName,extAttack2,extAttack3,extUPC
83470,Aerodactyl,Aerodactyl,https://tcgplayer-cdn.tcgplayer.com/product/83470_200w.jpg,3,1391,https://cpt.tcgcsv.com/qpH,2023-11-14T21:30:58.943,1,13/99,Rare,Fighting,80,Stage 1,"Unearth - Once during your turn (before your attack), you may search your deck for Helix Fossil, Dome Fossil, or Old Amber, show it to your opponent, and put it into your hand.  Shuffle your deck afterward.  This power can't be used if Aerodactyl is affected by a Special Condition.  (Poke-POWER)","[2] Hyper  Beam (30) Flip a coin.  If heads, discard an Energy card attached to the Defending Pokemon.",L+20,F-20,1,1.15,1.56,4.0,1.74,,Normal,,,
83470,Aerodactyl,Aerodactyl,https://tcgplayer-cdn.tcgplayer.com/product/83470_200w.jpg,3,1391,https://cpt.tcgcsv.com/qpH,2023-11-14T21:30:58.943,1,13/99,Rare,Fighting,80,Stage 1,"Unearth - Once during your turn (before your attack), you may search your deck for Helix Fossil, Dome Fossil, or Old Amber, show it to your opponent, and put it into your hand.  Shuffle your deck afterward.  This power can't be used if Aerodactyl is affected by a Special Condition.  (Poke-POWER)","[2] Hyper  Beam (30) Flip a coin.  If heads, discard an Energy card attached to the Defending Pokemon.",L+20,F-20,1,3.68,4.99,11.49,6.41,,Reverse Holofoil,,,
83592,Arceus (AR1),Arceus AR1,https://tcgplayer-cdn.tcgplayer.com/product/83592_200w.jpg,3,1391,https://cpt.tcgcsv.com/SrH,2026-01-06T17:24:38.62,1,AR1,Holo Rare,Darkness,70,Basic,,"[1D] Prize Count (20+) If you have more Prize cards left than your opponent, this attack does 20 damage plus 60 more damage.",Fx2,P-20,1,36.06,43.21,79.99,35.46,,Holofoil,,,
83593,Arceus (AR2),Arceus AR2,https://tcgplayer-cdn.tcgplayer.com/product/83593_200w.jpg,3,1391,https://cpt.tcgcsv.com/TrH,2022-06-09T18:24:18.817,1,AR2,Holo Rare,Grass,90,Basic,,[1G] Leaf Refresh (30) Remove 3 damage counters from each of your Benched Pokemon.,Rx2,W-20,2,18.51,34.47,49.95,28.69,,Holofoil,,,
83594,Arceus (AR3),Arceus AR3,https://tcgplayer-cdn.tcgplayer.com/product/83594_200w.jpg,3,1391,https://cpt.tcgcsv.com/VrH,2023-05-21T08:27:38.2,1,AR3,Holo Rare,Fire,80,Basic,,"[2R] Bright Flame (80) Flip a coin.  If tails, discard 2 Energy attached to Arceus.",Wx2,,1,10.99,19.17,1000.0,22.5,,Holofoil,,,
83595,Arceus (AR4),Arceus AR4,https://tcgplayer-cdn.tcgplayer.com/product/83595_200w.jpg,3,1391,https://cpt.tcgcsv.com/WrH,2020-12-16T19:04:48.337,1,AR4,Holo Rare,Water,90,Basic,,"[2W] Fastwave (50) This attack's damage isn't affected by Resistance, Poke-Powers, Poke-Bodies, or any other effects on the Defending Pokemon.",Lx2,,2,25.3,41.82,79.99,43.34,,Holofoil,,,
83596,Arceus (AR5),Arceus AR5,https://tcgplayer-cdn.tcgplayer.com/product/83596_200w.jpg,3,1391,https://cpt.tcgcsv.com/XrH,2020-12-16T19:04:48.907,1,AR5,Holo Rare,Colorless,80,Basic,,"[0] Ripple Swell - If you have 6 Arceus in play and each of them is a different type, search your deck for up to 6 basic Energy cards.  Attach each of those Energy cards to a different Pokemon you have in play.  Shuffle your deck afterward.",Fx2,,1,23.5,38.99,79.95,32.06,,Holofoil,[3] Sky Spear - Choose 1 of your opponent's Pokemon.  This attack does 80 damage to that Pokemon.  (Don't apply Weakness and Resistance for Benched Pokemon.)  Remove all Energy cards attached to Arceus and put them in the Lost Zone.,,
83597,Arceus (AR6),Arceus AR6,https://tcgplayer-cdn.tcgplayer.com/product/83597_200w.jpg,3,1391,https://cpt.tcgcsv.com/ZrH,2025-10-31T23:35:56.42,1,AR6,Holo Rare,Lightning,70,Basic,,[1L] Lightning Turn (30) Switch Arceus with 1 of your Benched Pokemon.,Fx2,M-20,1,5.0,15.0,44.95,17.19,9.99,Holofoil,,,
83598,Arceus (AR7),Arceus AR7,https://tcgplayer-cdn.tcgplayer.com/product/83598_200w.jpg,3,1391,https://cpt.tcgcsv.com/-rH,2020-12-16T19:04:49.907,1,AR7,Holo Rare,Psychic,80,Basic,,[2P] Mind Bend (40) The Defending Pokemon is now Confused.,Px2,,1,15.34,28.68,40.24,28.14,,Holofoil,,,
83599,Arceus (AR8),Arceus AR8,https://tcgplayer-cdn.tcgplayer.com/product/83599_200w.jpg,3,1391,https://cpt.tcgcsv.com/_rH,2020-12-16T19:04:50.447,1,AR8,Holo Rare,Fighting,80,Basic,,[2F] Break Ground (60) Does 10 damage to each of your Benched Pokemon.  (Don't apply Weakness and Resistance for Benched Pokemon.),Wx2,L-20,2,22.0,28.7,39.7,28.83,,Holofoil,,,
83600,Arceus (AR9),Arceus AR9,https://tcgplayer-cdn.tcgplayer.com/product/83600_200w.jpg,3,1391,https://cpt.tcgcsv.com/0sH,2020-12-16T19:04:51.013,1,AR9,Holo Rare,Metal,90,Basic,,"[2M] Metal Barrier (40) Prevent all effects of attacks, including damage, done to Arceus by Pokemon LV.X during your opponent's next turn.",Rx2,P-20,2,18.0,30.93,49.9,28.44,,Holofoil,,,
83602,Arceus Lv.X (94),Arceus LvX 94,https://tcgplayer-cdn.tcgplayer.com/product/83602_200w.jpg,3,1391,https://cpt.tcgcsv.com/3sH,2023-11-14T21:50:24.647,1,94/99,Ultra Rare,Colorless,120,Level Up,Multitype - Arceus LV.X's type is the same type as its previous Level.  (Poke-BODY)Omniscient - Arceus can use the attacks of all Arceus you have in play as its own.  (You still need the necessary Energy to use each attack.)  (Poke-BODY),,,,1,28.98,48.67,523.59,38.33,,Holofoil,,,
83603,Arceus Lv.X (95),Arceus LvX 95,https://tcgplayer-cdn.tcgplayer.com/product/83603_200w.jpg,3,1391,https://cpt.tcgcsv.com/5sH,2023-11-14T21:50:30.943,1,95/99,Ultra Rare,Colorless,120,Level Up,Multitype - Arceus LV.X's type is the same type as its previous Level.  (Poke-BODY),"[1GR] Meteor Blast (100) Flip a coin.  If tails, this attack's base damage is 50 instead of 100.",,,1,34.9,69.92,100.78,63.66,,Holofoil,,,
83604,Arceus Lv.X (96),Arceus LvX 96,https://tcgplayer-cdn.tcgplayer.com/product/83604_200w.jpg,3,1391,https://cpt.tcgcsv.com/6sH,2023-11-14T21:50:36.183,1,96/99,Ultra Rare,Colorless,120,Level Up,Multitype - Arceus LV.X's type is the same type as its previous Level.  (Poke-BODY),[1LP] Psychic Bolt (100) Discard a L Energy and a P Energy attached to Arceus.,,,1,33.99,40.0,69.5,40.15,,Holofoil,,,
83699,Bagon,Bagon,https://tcgplayer-cdn.tcgplayer.com/product/83699_200w.jpg,3,1391,https://cpt.tcgcsv.com/_tH,2023-11-14T21:43:24.71,1,52/99,Common,Colorless,60,Basic,,[1] Smash Kick (10),C+10,,1,0.09,0.3,1.25,0.33,,Normal,"[1R] Super Singe (20) Flip a coin.  If heads, the Defending Pokemon is now Burned.",,
83699,Bagon,Bagon,https://tcgplayer-cdn.tcgplayer.com/product/83699_200w.jpg,3,1391,https://cpt.tcgcsv.com/_tH,2023-11-14T21:43:24.71,1,52/99,Common,Colorless,60,Basic,,[1] Smash Kick (10),C+10,,1,1.06,1.36,39.98,1.06,,Reverse Holofoil,"[1R] Super Singe (20) Flip a coin.  If heads, the Defending Pokemon is now Burned.",,
83700,Bagon (Shiny),Bagon Shiny,https://tcgplayer-cdn.tcgplayer.com/product/83700_200w.jpg,3,1391,https://cpt.tcgcsv.com/0vH,2021-10-22T18:14:51.48,1,SH10,Shiny Holo Rare,Colorless,50,Basic,"<strong>Poke-BODY â€” Star Barrier<strong>
<br>As long as Bagon has any Energy attached to it, Bagon has no Weakness.","[1] Dragon Rage (40) 
<br>Flip 2 coins.  If either of them is tails, this attack does nothing.",C+10,None,1,76.87,79.99,96.94,60.94,,Reverse Holofoil,,,
83776,Beedrill G,Beedrill G,https://tcgplayer-cdn.tcgplayer.com/product/83776_200w.jpg,3,1391,https://cpt.tcgcsv.com/xwH,2025-11-11T21:04:14.263,1,53/99,Common,Grass,80,Basic,,"[G] Raid (10) If you played Beedrill G from your hand during this turn, this attack's base damage is 40 instead of 10.",Rx2,,1,0.08,0.41,3.49,0.46,,Normal,[2G] Fury Attack (30x) Flip 3 coins.  This attack does 30 damage times the number of heads.,,
83776,Beedrill G,Beedrill G,https://tcgplayer-cdn.tcgplayer.com/product/83776_200w.jpg,3,1391,https://cpt.tcgcsv.com/xwH,2025-11-11T21:04:14.263,1,53/99,Common,Grass,80,Basic,,"[G] Raid (10) If you played Beedrill G from your hand during this turn, this attack's base damage is 40 instead of 10.",Rx2,,1,2.0,2.24,2.47,2.25,,Reverse Holofoil,[2G] Fury Attack (30x) Flip 3 coins.  This attack does 30 damage times the number of heads.,,
83777,Beginning Door,Beginning Door,https://tcgplayer-cdn.tcgplayer.com/product/83777_200w.jpg,3,1391,https://cpt.tcgcsv.com/zwH,2024-07-26T16:09:05.097,1,82/99,Uncommon,Item,0,Trainer,,"Search your deck for Arceus, show it to your opponent, and put it into your hand.  Shuffle your deck afterward.",,,,0.15,0.41,1.25,0.53,,Normal,,,
83777,Beginning Door,Beginning Door,https://tcgplayer-cdn.tcgplayer.com/product/83777_200w.jpg,3,1391,https://cpt.tcgcsv.com/zwH,2024-07-26T16:09:05.097,1,82/99,Uncommon,Item,0,Trainer,,"Search your deck for Arceus, show it to your opponent, and put it into your hand.  Shuffle your deck afterward.",,,,0.93,0.98,2.24,2.13,,Reverse Holofoil,,,
83811,Bench Shield,Bench Shield,https://tcgplayer-cdn.tcgplayer.com/product/83811_200w.jpg,3,1391,https://cpt.tcgcsv.com/fxH,2024-04-23T17:55:54.86,1,83/99,Uncommon,Item,0,Tool,"Attach Bench Shield to 1 of your Pokemon that doesn't already have a Pokemon Tool attached to it.  If that Pokemon is Knocked Out, discard this card.","As long as the Pokemon this card is attached to is on your Bench, prevent all damage done to that Pokemon by attacks (both yours and your opponent's).",,,,0.15,0.33,3.76,0.28,,Normal,,,
83811,Bench Shield,Bench Shield,https://tcgplayer-cdn.tcgplayer.com/product/83811_200w.jpg,3,1391,https://cpt.tcgcsv.com/fxH,2024-04-23T17:55:54.86,1,83/99,Uncommon,Item,0,Tool,"Attach Bench Shield to 1 of your Pokemon that doesn't already have a Pokemon Tool attached to it.  If that Pokemon is Knocked Out, discard this card.","As long as the Pokemon this card is attached to is on your Bench, prevent all damage done to that Pokemon by attacks (both yours and your opponent's).",,,,0.35,0.75,5.0,0.92,,Reverse Holofoil,,,
83995,Bronzong (14),Bronzong 14,https://tcgplayer-cdn.tcgplayer.com/product/83995_200w.jpg,3,1391,https://cpt.tcgcsv.com/WCH,2023-11-14T21:31:04.603,1,14/99,Rare,Metal,90,Stage 1,,[1M] Oracle Arrow - Choose 1 of your opponent's Pokemon that has any damage counters on it.  This attack does 40 damage to that Pokemon.  (Don't apply Weakness and Resistance for Benched Pokemon.),R+20,P-20,3,0.24,0.62,2.56,0.43,,Normal,[2M] Antigravity (60) The Retreat Cost for Bronzong is 0 until the end of your next turn.,,
83995,Bronzong (14),Bronzong 14,https://tcgplayer-cdn.tcgplayer.com/product/83995_200w.jpg,3,1391,https://cpt.tcgcsv.com/WCH,2023-11-14T21:31:04.603,1,14/99,Rare,Metal,90,Stage 1,,[1M] Oracle Arrow - Choose 1 of your opponent's Pokemon that has any damage counters on it.  This attack does 40 damage to that Pokemon.  (Don't apply Weakness and Resistance for Benched Pokemon.),R+20,P-20,3,0.42,0.98,2.44,0.89,,Reverse Holofoil,[2M] Antigravity (60) The Retreat Cost for Bronzong is 0 until the end of your next turn.,,
83996,Bronzong (33),Bronzong 33,https://tcgplayer-cdn.tcgplayer.com/product/83996_200w.jpg,3,1391,https://cpt.tcgcsv.com/XCH,2025-11-11T21:03:43.103,1,33/99,Uncommon,Metal,90,Stage 1,,[M] Wide Laser - This attack does 10 damage to each of your opponent's Pokemon.  (Don't apply Weakness and Resistance for Benched Pokemon.),R+20,P-20,3,0.1,0.34,2.35,0.36,0.3,Normal,"[3] Hyper Beam (50) Flip a coin.  If heads, discard an Energy card attached to the Defending Pokemon.",,
83996,Bronzong (33),Bronzong 33,https://tcgplayer-cdn.tcgplayer.com/product/83996_200w.jpg,3,1391,https://cpt.tcgcsv.com/XCH,2025-11-11T21:03:43.103,1,33/99,Uncommon,Metal,90,Stage 1,,[M] Wide Laser - This attack does 10 damage to each of your opponent's Pokemon.  (Don't apply Weakness and Resistance for Benched Pokemon.),R+20,P-20,3,0.45,0.99,2.09,1.04,,Reverse Holofoil,"[3] Hyper Beam (50) Flip a coin.  If heads, discard an Energy card attached to the Defending Pokemon.",,
84004,Bronzor (34),Bronzor 34,https://tcgplayer-cdn.tcgplayer.com/product/84004_200w.jpg,3,1391,https://cpt.tcgcsv.com/6DH,2023-11-14T21:39:59.273,1,34/99,Uncommon,Metal,50,Basic,,[M] Speed Dive (10),R+10,P-20,2,0.1,0.35,1.49,0.3,,Normal,"[3] Extrasensory (30+) If you have the same number of cards in your hand as your opponent, this attack does 30 damage plus 30 more damage.",,
84004,Bronzor (34),Bronzor 34,https://tcgplayer-cdn.tcgplayer.com/product/84004_200w.jpg,3,1391,https://cpt.tcgcsv.com/6DH,2023-11-14T21:39:59.273,1,34/99,Uncommon,Metal,50,Basic,,[M] Speed Dive (10),R+10,P-20,2,0.4,0.95,2.42,0.99,,Reverse Holofoil,"[3] Extrasensory (30+) If you have the same number of cards in your hand as your opponent, this attack does 30 damage plus 30 more damage.",,
84005,Bronzor (54),Bronzor 54,https://tcgplayer-cdn.tcgplayer.com/product/84005_200w.jpg,3,1391,https://cpt.tcgcsv.com/7DH,2023-11-14T21:43:37.68,1,54/99,Common,Metal,60,Basic,,"[M] Hypnosis (10) Flip a coin.  If heads, the Defending Pokemon is now Asleep.",R+10,P-20,2,0.09,0.3,1.54,0.35,,Normal,[2] Spinning Attack (20),,
84005,Bronzor (54),Bronzor 54,https://tcgplayer-cdn.tcgplayer.com/product/84005_200w.jpg,3,1391,https://cpt.tcgcsv.com/7DH,2023-11-14T21:43:37.68,1,54/99,Common,Metal,60,Basic,,"[M] Hypnosis (10) Flip a coin.  If heads, the Defending Pokemon is now Asleep.",R+10,P-20,2,0.75,1.05,4.54,1.88,,Reverse Holofoil,[2] Spinning Attack (20),,
84014,Buffer Piece,Buffer Piece,https://tcgplayer-cdn.tcgplayer.com/product/84014_200w.jpg,3,1391,https://cpt.tcgcsv.com/jDH,2023-11-14T21:49:05.703,1,84/99,Uncommon,Item,0,Tool,"Attach Buffer Piece to 1 of your Pokemon that doesn't already have a Pokemon Tool attached to it.  If that Pokemon is Knocked Out, discard this card.","Any damage done to the Pokemon this card is attached to by an opponent's attack is reduced by 20 (after applying Weakness and Resistance).  At the end of your opponent's turn after you played Buffer Piece, discard Buffer Piece.",,,,0.1,0.25,2.0,0.24,0.1,Normal,,,
84014,Buffer Piece,Buffer Piece,https://tcgplayer-cdn.tcgplayer.com/product/84014_200w.jpg,3,1391,https://cpt.tcgcsv.com/jDH,2023-11-14T21:49:05.703,1,84/99,Uncommon,Item,0,Tool,"Attach Buffer Piece to 1 of your Pokemon that doesn't already have a Pokemon Tool attached to it.  If that Pokemon is Knocked Out, discard this card.","Any damage done to the Pokemon this card is attached to by an opponent's attack is reduced by 20 (after applying Weakness and Resistance).  At the end of your opponent's turn after you played Buffer Piece, discard Buffer Piece.",,,,0.01,0.65,2.0,0.65,,Reverse Holofoil,,,
84044,Buneary,Buneary,https://tcgplayer-cdn.tcgplayer.com/product/84044_200w.jpg,3,1391,https://cpt.tcgcsv.com/VDH,2023-11-14T21:43:44.98,1,55/99,Common,Colorless,50,Basic,,[1] Bunny Hop - Choose 1 of your opponent's Pokemon that doesn't have any damage counters on it.  This attack does 20 damage to that Pokemon.  (Don't apply Weakness and Resistance for Benched Pokemon.,F+10,,1,0.1,0.33,2.53,0.36,0.69,Normal,,,
84044,Buneary,Buneary,https://tcgplayer-cdn.tcgplayer.com/product/84044_200w.jpg,3,1391,https://cpt.tcgcsv.com/VDH,2023-11-14T21:43:44.98,1,55/99,Common,Colorless,50,Basic,,[1] Bunny Hop - Choose 1 of your opponent's Pokemon that doesn't have any damage counters on it.  This attack does 20 damage to that Pokemon.  (Don't apply Weakness and Resistance for Benched Pokemon.,F+10,,1,2.51,3.31,39.98,2.17,,Reverse Holofoil,,,
84051,Burmy Plant Cloak,Burmy Plant Cloak,https://tcgplayer-cdn.tcgplayer.com/product/84051_200w.jpg,3,1391,https://cpt.tcgcsv.com/2FH,2023-11-14T21:43:54.42,1,56/99,Common,Grass,40,Basic,Cloak Evolution - Burmy Plant Cloak can evolve during the turn you play it.  (Poke-BODY),[1G] Tackle (20),R+10,,1,0.1,0.3,5.0,0.28,,Normal,,,
84051,Burmy Plant Cloak,Burmy Plant Cloak,https://tcgplayer-cdn.tcgplayer.com/product/84051_200w.jpg,3,1391,https://cpt.tcgcsv.com/2FH,2023-11-14T21:43:54.42,1,56/99,Common,Grass,40,Basic,Cloak Evolution - Burmy Plant Cloak can evolve during the turn you play it.  (Poke-BODY),[1G] Tackle (20),R+10,,1,1.25,1.46,2.05,1.47,,Reverse Holofoil,,,
84055,Burmy Sandy Cloak,Burmy Sandy Cloak,https://tcgplayer-cdn.tcgplayer.com/product/84055_200w.jpg,3,1391,https://cpt.tcgcsv.com/7FH,2024-10-18T12:41:13.91,1,57/99,Common,Grass,40,Basic,Cloak Evolution - Burmy Sandy Cloak can evolve during the turn you play it.  (Poke-BODY),[1F] Tackle (20),R+10,,1,0.15,0.5,8.87,0.57,,Normal,,,
84055,Burmy Sandy Cloak,Burmy Sandy Cloak,https://tcgplayer-cdn.tcgplayer.com/product/84055_200w.jpg,3,1391,https://cpt.tcgcsv.com/7FH,2024-10-18T12:41:13.91,1,57/99,Common,Grass,40,Basic,Cloak Evolution - Burmy Sandy Cloak can evolve during the turn you play it.  (Poke-BODY),[1F] Tackle (20),R+10,,1,4.99,5.41,14.99,5.15,,Reverse Holofoil,,,
84057,Burmy Trash Cloak,Burmy Trash Cloak,https://tcgplayer-cdn.tcgplayer.com/product/84057_200w.jpg,3,1391,https://cpt.tcgcsv.com/9FH,2025-11-11T21:03:05.537,1,58/99,Common,Grass,40,Basic,Cloak Evolution - Burmy Trash Cloak can evolve during the turn you play it.  (Poke-BODY),[1M] Tackle (20),R+10,,1,0.1,0.35,1.07,0.39,0.23,Normal,,,
84057,Burmy Trash Cloak,Burmy Trash Cloak,https://tcgplayer-cdn.tcgplayer.com/product/84057_200w.jpg,3,1391,https://cpt.tcgcsv.com/9FH,2025-11-11T21:03:05.537,1,58/99,Common,Grass,40,Basic,Cloak Evolution - Burmy Trash Cloak can evolve during the turn you play it.  (Poke-BODY),[1M] Tackle (20),R+10,,1,0.69,1.36,3.67,1.37,,Reverse Holofoil,,,
84191,Charizard,Charizard,https://tcgplayer-cdn.tcgplayer.com/product/84191_200w.jpg,3,1391,https://cpt.tcgcsv.com/RHH,2024-03-04T08:19:23.497,1,1/99,Holo Rare,Fire,140,Stage 2,Fire Formation - Each of Charizard's attacks does 10 more damage for each R Pokemon on your Bench to your opponent's Active Pokemon (before applying Weakness and Resistance).  (Poke-BODY),[R] Fire Wing (30),W+30,F-20,3,40.0,50.54,99.99,44.82,,Holofoil,[1RR] Burning Tail (80) Discard a R Energy attached to Charizard.,,
84191,Charizard,Charizard,https://tcgplayer-cdn.tcgplayer.com/product/84191_200w.jpg,3,1391,https://cpt.tcgcsv.com/RHH,2024-03-04T08:19:23.497,1,1/99,Holo Rare,Fire,140,Stage 2,Fire Formation - Each of Charizard's attacks does 10 more damage for each R Pokemon on your Bench to your opponent's Active Pokemon (before applying Weakness and Resistance).  (Poke-BODY),[R] Fire Wing (30),W+30,F-20,3,35.0,49.99,89.99,51.44,,Reverse Holofoil,[1RR] Burning Tail (80) Discard a R Energy attached to Charizard.,,
84217,Charmander,Charmander,https://tcgplayer-cdn.tcgplayer.com/product/84217_200w.jpg,3,1391,https://cpt.tcgcsv.com/mJH,2023-11-14T21:44:14.343,1,59/99,Common,Fire,60,Basic,,"[1] Call for Friends - Search your deck for a R Basic Pokemon, show it to your opponent, and put it into your hand.  Shuffle your deck afterward.",W+10,,1,0.15,1.0,5.0,1.64,,Normal,[1R] Steady Firebreathing (20),,
84217,Charmander,Charmander,https://tcgplayer-cdn.tcgplayer.com/product/84217_200w.jpg,3,1391,https://cpt.tcgcsv.com/mJH,2023-11-14T21:44:14.343,1,59/99,Common,Fire,60,Basic,,"[1] Call for Friends - Search your deck for a R Basic Pokemon, show it to your opponent, and put it into your hand.  Shuffle your deck afterward.",W+10,,1,14.3,75.0,149.99,21.5,,Reverse Holofoil,[1R] Steady Firebreathing (20),,
84233,Charmeleon,Charmeleon,https://tcgplayer-cdn.tcgplayer.com/product/84233_200w.jpg,3,1391,https://cpt.tcgcsv.com/HJH,2023-11-14T21:40:07.517,1,35/99,Uncommon,Fire,80,Stage 1,,[2] Slam (30x) Flip 2 coins.  This attack does 30 damage times the number of heads.,W+20,,1,0.39,1.05,5.99,1.08,0.79,Normal,[2R] Fire Punch (50),,
84233,Charmeleon,Charmeleon,https://tcgplayer-cdn.tcgplayer.com/product/84233_200w.jpg,3,1391,https://cpt.tcgcsv.com/HJH,2023-11-14T21:40:07.517,1,35/99,Uncommon,Fire,80,Stage 1,,[2] Slam (30x) Flip 2 coins.  This attack does 30 damage times the number of heads.,W+20,,1,4.0,14.45,21.28,14.47,,Reverse Holofoil,[2R] Fire Punch (50),,
84255,Cherrim,Cherrim,https://tcgplayer-cdn.tcgplayer.com/product/84255_200w.jpg,3,1391,https://cpt.tcgcsv.com/7KH,2023-11-14T21:31:10.613,1,15/99,Rare,Grass,80,Stage 1,"Cloudy Sky - If any of your G Pokemon or R Pokemon would be damaged by an attack, reduce that damage by 10 (after applying Weakness and Resistance).  (Poke-BODY)","[1G] Worry Seed (30) Flip a coin.  If heads, the Defending Pokemon is now Confused.",R+20,W-20,1,2.0,5.82,6.99,4.75,,Normal,,,
84255,Cherrim,Cherrim,https://tcgplayer-cdn.tcgplayer.com/product/84255_200w.jpg,3,1391,https://cpt.tcgcsv.com/7KH,2023-11-14T21:31:10.613,1,15/99,Rare,Grass,80,Stage 1,"Cloudy Sky - If any of your G Pokemon or R Pokemon would be damaged by an attack, reduce that damage by 10 (after applying Weakness and Resistance).  (Poke-BODY)","[1G] Worry Seed (30) Flip a coin.  If heads, the Defending Pokemon is now Confused.",R+20,W-20,1,15.84,18.0,23.0,4.95,,Reverse Holofoil,,,
84263,Cherubi,Cherubi,https://tcgplayer-cdn.tcgplayer.com/product/84263_200w.jpg,3,1391,https://cpt.tcgcsv.com/hKH,2023-11-14T21:44:20.98,1,60/99,Common,Grass,50,Basic,,[1] Ram (10),R+10,W-20,1,0.15,0.54,2.91,0.66,0.25,Normal,[1G] Solarbeam (20),,
84263,Cherubi,Cherubi,https://tcgplayer-cdn.tcgplayer.com/product/84263_200w.jpg,3,1391,https://cpt.tcgcsv.com/hKH,2023-11-14T21:44:20.98,1,60/99,Common,Grass,50,Basic,,[1] Ram (10),R+10,W-20,1,7.55,8.49,14.99,8.17,,Reverse Holofoil,[1G] Solarbeam (20),,
84478,Croagunk,Croagunk,https://tcgplayer-cdn.tcgplayer.com/product/84478_200w.jpg,3,1391,https://cpt.tcgcsv.com/BPH,2023-11-14T21:44:28.077,1,61/99,Common,Fighting,60,Basic,,"[1] Astonish - Choose 1 card from your opponent's hand without looking.  Look at the card you chose, then have your opponent shuffle that card into his or her deck.",P+10,,1,0.15,0.39,1.0,0.41,,Normal,[1F] Punch (30),,
84478,Croagunk,Croagunk,https://tcgplayer-cdn.tcgplayer.com/product/84478_200w.jpg,3,1391,https://cpt.tcgcsv.com/BPH,2023-11-14T21:44:28.077,1,61/99,Common,Fighting,60,Basic,,"[1] Astonish - Choose 1 card from your opponent's hand without looking.  Look at the card you chose, then have your opponent shuffle that card into his or her deck.",P+10,,1,2.6,3.0,9.99,2.86,,Reverse Holofoil,[1F] Punch (30),,
84780,Department Store Girl,Department Store Girl,https://tcgplayer-cdn.tcgplayer.com/product/84780_200w.jpg,3,1391,https://cpt.tcgcsv.com/DWH,2023-11-14T21:49:16.383,1,85/99,Uncommon,Supporter,0,Supporter,"You can play only one Supporter each turn.  When you play this card, put it next to your Active Pokemon.  When your turn ends, discard this card.","Search your deck for up to 3 Pokemon Tool cards, show them to your opponent, and put them into your hand.  Shuffle your deck afterward.",,,,0.05,0.52,3.0,0.56,0.75,Normal,,,
84780,Department Store Girl,Department Store Girl,https://tcgplayer-cdn.tcgplayer.com/product/84780_200w.jpg,3,1391,https://cpt.tcgcsv.com/DWH,2023-11-14T21:49:16.383,1,85/99,Uncommon,Supporter,0,Supporter,"You can play only one Supporter each turn.  When you play this card, put it next to your Active Pokemon.  When your turn ends, discard this card.","Search your deck for up to 3 Pokemon Tool cards, show them to your opponent, and put them into your hand.  Shuffle your deck afterward.",,,,1.43,2.18,5.67,2.11,,Reverse Holofoil,,,
84869,Dome Fossil,Dome Fossil,https://tcgplayer-cdn.tcgplayer.com/product/84869_200w.jpg,3,1391,https://cpt.tcgcsv.com/pZH,2025-11-11T21:02:28.743,1,92/99,Common,Item,50,Trainer,"Rock Reaction - When you attach a F Energy card from your hand to Dome Fossil (excluding effects of attacks or Poke-Powers), search your deck for a card that evolves from Dome Fossil and put it onto Dome Fossil (this counts as evolving Dome Fossil).  Shuffle your deck afterward.  (Poke-BODY)","Play Dome Fossil as if it were a C Basic Pokemon.  (Dome Fossil counts as a Trainer card as well, but if Dome Fossil is Knocked Out, this counts as a Knocked Out Pokemon.)  Dome Fossil can't be affected by any Special Conditions and can't retreat.  At any time during your turn before your attack, you may discard Dome Fossil from play.  (This doesn't count as a Knocked Out Pokemon.)",,,,0.06,0.28,1.29,0.33,0.27,Normal,,,
84869,Dome Fossil,Dome Fossil,https://tcgplayer-cdn.tcgplayer.com/product/84869_200w.jpg,3,1391,https://cpt.tcgcsv.com/pZH,2025-11-11T21:02:28.743,1,92/99,Common,Item,50,Trainer,"Rock Reaction - When you attach a F Energy card from your hand to Dome Fossil (excluding effects of attacks or Poke-Powers), search your deck for a card that evolves from Dome Fossil and put it onto Dome Fossil (this counts as evolving Dome Fossil).  Shuffle your deck afterward.  (Poke-BODY)","Play Dome Fossil as if it were a C Basic Pokemon.  (Dome Fossil counts as a Trainer card as well, but if Dome Fossil is Knocked Out, this counts as a Knocked Out Pokemon.)  Dome Fossil can't be affected by any Special Conditions and can't retreat.  At any time during your turn before your attack, you may discard Dome Fossil from play.  (This doesn't count as a Knocked Out Pokemon.)",,,,0.9,1.32,1.98,1.52,,Reverse Holofoil,,,
85142,Electrike (62),Electrike 62,https://tcgplayer-cdn.tcgplayer.com/product/85142_200w.jpg,3,1391,https://cpt.tcgcsv.com/S3J,2023-11-14T21:44:44.337,1,62/99,Common,Lightning,60,Basic,,[L] Zap Kick (10),F+10,M-20,1,0.1,0.31,5.0,0.36,,Normal,"[1L] Thunder Jolt (30) Flip a coin.  If tails, Electrike does 10 damage to itself.",,
85142,Electrike (62),Electrike 62,https://tcgplayer-cdn.tcgplayer.com/product/85142_200w.jpg,3,1391,https://cpt.tcgcsv.com/S3J,2023-11-14T21:44:44.337,1,62/99,Common,Lightning,60,Basic,,[L] Zap Kick (10),F+10,M-20,1,0.8,0.84,1.24,1.24,,Reverse Holofoil,"[1L] Thunder Jolt (30) Flip a coin.  If tails, Electrike does 10 damage to itself.",,
85143,Electrike (63),Electrike 63,https://tcgplayer-cdn.tcgplayer.com/product/85143_200w.jpg,3,1391,https://cpt.tcgcsv.com/T3J,2023-11-14T21:45:52.103,1,63/99,Common,Lightning,60,Basic,,[1] Bite (10),F+10,M-20,1,0.06,0.25,1.49,0.19,,Normal,,,
85143,Electrike (63),Electrike 63,https://tcgplayer-cdn.tcgplayer.com/product/85143_200w.jpg,3,1391,https://cpt.tcgcsv.com/T3J,2023-11-14T21:45:52.103,1,63/99,Common,Lightning,60,Basic,,[1] Bite (10),F+10,M-20,1,0.7,0.91,1.99,0.88,,Reverse Holofoil,,,
85229,Energy Restore,Energy Restore,https://tcgplayer-cdn.tcgplayer.com/product/85229_200w.jpg,3,1391,https://cpt.tcgcsv.com/C6J,2023-11-14T21:49:23.387,1,86/99,Uncommon,Trainer,0,Trainer,,"Flip 3 coins.  For each heads, put a basic Energy card from your discard pile into your hand.  If you don't have that many basic Energy cards in your discard pile, put all of them into your hand.",,,,0.05,0.25,1.25,0.24,,Normal,,,
85229,Energy Restore,Energy Restore,https://tcgplayer-cdn.tcgplayer.com/product/85229_200w.jpg,3,1391,https://cpt.tcgcsv.com/C6J,2023-11-14T21:49:23.387,1,86/99,Uncommon,Trainer,0,Trainer,,"Flip 3 coins.  For each heads, put a basic Energy card from your discard pile into your hand.  If you don't have that many basic Energy cards in your discard pile, put all of them into your hand.",,,,0.25,0.56,3.0,1.09,,Reverse Holofoil,,,
85369,Expert Belt,Expert Belt,https://tcgplayer-cdn.tcgplayer.com/product/85369_200w.jpg,3,1391,https://cpt.tcgcsv.com/p9J,2023-11-14T21:49:29.617,1,87/99,Uncommon,Tool,0,Tool,"Attach Expert Belt to 1 of your Pokemon that doesn't already have a Pokemon Tool attached to it.  If that Pokemon is Knocked Out, discard this card.","The Pokemon this card is attached to gets +20 HP and that Pokemon's attacks do 20 more damage to your opponent's Active Pokemon (before applying Weakness and Resistance).  When the Pokemon this card is attached to is Knocked Out, your opponent takes 1 more Prize card.",,,,0.2,0.93,5.0,1.2,0.54,Normal,,,
85369,Expert Belt,Expert Belt,https://tcgplayer-cdn.tcgplayer.com/product/85369_200w.jpg,3,1391,https://cpt.tcgcsv.com/p9J,2023-11-14T21:49:29.617,1,87/99,Uncommon,Tool,0,Tool,"Attach Expert Belt to 1 of your Pokemon that doesn't already have a Pokemon Tool attached to it.  If that Pokemon is Knocked Out, discard this card.","The Pokemon this card is attached to gets +20 HP and that Pokemon's attacks do 20 more damage to your opponent's Active Pokemon (before applying Weakness and Resistance).  When the Pokemon this card is attached to is Knocked Out, your opponent takes 1 more Prize card.",,,,0.8,1.52,5.0,1.86,,Reverse Holofoil,,,
85573,Froslass,Froslass,https://tcgplayer-cdn.tcgplayer.com/product/85573_200w.jpg,3,1391,https://cpt.tcgcsv.com/tfJ,2023-11-08T19:06:41.987,1,2/99,Holo Rare,Water,80,Stage 1,"Snow Gift - Once during your turn, when you play Froslass from your hand to evolve 1 of your Pokemon, you may search your deck for any 1 card and put it into your hand.  Shuffle your deck afterward.  (Poke-POWER)","[1W] Ground Frost (50) If there is any Stadium card in play, this attack does nothing.",M+20,,1,2.0,2.76,8.99,3.82,,Holofoil,,,
85573,Froslass,Froslass,https://tcgplayer-cdn.tcgplayer.com/product/85573_200w.jpg,3,1391,https://cpt.tcgcsv.com/tfJ,2023-11-08T19:06:41.987,1,2/99,Holo Rare,Water,80,Stage 1,"Snow Gift - Once during your turn, when you play Froslass from your hand to evolve 1 of your Pokemon, you may search your deck for any 1 card and put it into your hand.  Shuffle your deck afterward.  (Poke-POWER)","[1W] Ground Frost (50) If there is any Stadium card in play, this attack does nothing.",M+20,,1,2.72,3.66,10.5,4.87,,Reverse Holofoil,,,
85654,Gastly (36),Gastly 36,https://tcgplayer-cdn.tcgplayer.com/product/85654_200w.jpg,3,1391,https://cpt.tcgcsv.com/6hJ,2023-11-14T21:40:20.5,1,36/99,Uncommon,Psychic,50,Basic,,"[P] Lick (10) Flip a coin.  If heads, the Defending Pokemon is now Paralyzed.",D+10,C-20,1,0.1,1.0,1.99,1.24,,Normal,[2] Night Shade (10) Does 10 damage to 1 of your opponent's Benched Pokemon.  (Don't apply Weakness and Resistance for Benched Pokemon.),,
85654,Gastly (36),Gastly 36,https://tcgplayer-cdn.tcgplayer.com/product/85654_200w.jpg,3,1391,https://cpt.tcgcsv.com/6hJ,2023-11-14T21:40:20.5,1,36/99,Uncommon,Psychic,50,Basic,,"[P] Lick (10) Flip a coin.  If heads, the Defending Pokemon is now Paralyzed.",D+10,C-20,1,3.99,4.65,10.15,8.69,,Reverse Holofoil,[2] Night Shade (10) Does 10 damage to 1 of your opponent's Benched Pokemon.  (Don't apply Weakness and Resistance for Benched Pokemon.),,
85655,Gastly (64),Gastly 64,https://tcgplayer-cdn.tcgplayer.com/product/85655_200w.jpg,3,1391,https://cpt.tcgcsv.com/7hJ,2025-11-11T21:05:15.9,1,64/99,Common,Psychic,50,Basic,,[1] Gnaw (10),D+10,C-20,1,0.15,0.35,5.0,0.37,,Normal,[1P] Suffocating Gas (20),,
85655,Gastly (64),Gastly 64,https://tcgplayer-cdn.tcgplayer.com/product/85655_200w.jpg,3,1391,https://cpt.tcgcsv.com/7hJ,2025-11-11T21:05:15.9,1,64/99,Common,Psychic,50,Basic,,[1] Gnaw (10),D+10,C-20,1,7.92,16.99,19.99,16.66,,Reverse Holofoil,[1P] Suffocating Gas (20),,
85677,Gengar (16),Gengar 16,https://tcgplayer-cdn.tcgplayer.com/product/85677_200w.jpg,3,1391,https://cpt.tcgcsv.com/zhJ,2023-11-14T21:31:15.88,1,16/99,Rare,Psychic,110,Stage 2,"Curse - Once during your turn (before your attack), you may move 1 damage counter from 1 of your opponent's Pokemon to another of your opponent's Pokemon.  This power can't be used if Gengar is affected by a Special Condition..  (Poke-POWER)",[1PP] Shadow Skip (60) Does 10 damage to 1 of your opponent's Benched Pokemon.  (Don't apply Weakness and Resistance for Benched Pokemon.)  You may switch Gengar with 1 of your Benched Pokemon.,D+30,C-20,0,25.0,30.71,99.99,28.81,,Normal,,,
85677,Gengar (16),Gengar 16,https://tcgplayer-cdn.tcgplayer.com/product/85677_200w.jpg,3,1391,https://cpt.tcgcsv.com/zhJ,2023-11-14T21:31:15.88,1,16/99,Rare,Psychic,110,Stage 2,"Curse - Once during your turn (before your attack), you may move 1 damage counter from 1 of your opponent's Pokemon to another of your opponent's Pokemon.  This power can't be used if Gengar is affected by a Special Condition..  (Poke-POWER)",[1PP] Shadow Skip (60) Does 10 damage to 1 of your opponent's Benched Pokemon.  (Don't apply Weakness and Resistance for Benched Pokemon.)  You may switch Gengar with 1 of your Benched Pokemon.,D+30,C-20,0,78.64,79.0,199.99,76.65,,Reverse Holofoil,,,
85678,Gengar (17),Gengar 17,https://tcgplayer-cdn.tcgplayer.com/product/85678_200w.jpg,3,1391,https://cpt.tcgcsv.com/BhJ,2023-11-14T21:31:38.81,1,17/99,Rare,Psychic,120,Stage 2,,[1P] Sharpshooting - Choose 1 of your opponent's Pokemon.  This attack does 40 damage to that Pokemon.  (Don't apply Weakness and Resistance for Benched Pokemon..),D+30,C-20,0,24.97,45.07,149.98,30.39,,Normal,[2P] Poison Jab (60) The Defending Pokemon is now Poisoned.,,
85678,Gengar (17),Gengar 17,https://tcgplayer-cdn.tcgplayer.com/product/85678_200w.jpg,3,1391,https://cpt.tcgcsv.com/BhJ,2023-11-14T21:31:38.81,1,17/99,Rare,Psychic,120,Stage 2,,[1P] Sharpshooting - Choose 1 of your opponent's Pokemon.  This attack does 40 damage to that Pokemon.  (Don't apply Weakness and Resistance for Benched Pokemon..),D+30,C-20,0,60.0,135.0,149.98,59.71,,Reverse Holofoil,[2P] Poison Jab (60) The Defending Pokemon is now Poisoned.,,
85682,Gengar Lv.X,Gengar LvX,https://tcgplayer-cdn.tcgplayer.com/product/85682_200w.jpg,3,1391,https://cpt.tcgcsv.com/GhJ,2023-11-14T21:50:42.787,1,97/99,Ultra Rare,Psychic,140,Level Up,"Level-Down - Once during your turn (before your attack), you may choose 1 of your opponent's Pokemon LV.X.  Remove the Level-Up card from that Pokemon and have your opponent shuffle that card into his or her deck.  This power can't be used if Gengar is affected by a Special Condition.  (Poke-POWER)",[1PP] Compound Pain - This attack does 30 damage to each of your opponent's Pokemon that already has any damage counters on it.  (Don't apply Weakness and Resistance for Benched Pokemon.),Dx2,C-20,0,299.8,312.99,1299.95,275.0,,Holofoil,,,
85693,Geodude,Geodude,https://tcgplayer-cdn.tcgplayer.com/product/85693_200w.jpg,3,1391,https://cpt.tcgcsv.com/ThJ,2023-11-14T21:46:05.63,1,65/99,Common,Fighting,60,Basic,,[F] Stone Barrage (10x) Flip a coin until you get tails.  This attack does 10 damage times the number of heads.,G+10,L-20,2,0.09,0.26,2.84,0.3,,Normal,,,
85693,Geodude,Geodude,https://tcgplayer-cdn.tcgplayer.com/product/85693_200w.jpg,3,1391,https://cpt.tcgcsv.com/ThJ,2023-11-14T21:46:05.63,1,65/99,Common,Fighting,60,Basic,,[F] Stone Barrage (10x) Flip a coin until you get tails.  This attack does 10 damage times the number of heads.,G+10,L-20,2,0.92,1.26,4.99,1.25,,Reverse Holofoil,,,
85756,Glalie,Glalie,https://tcgplayer-cdn.tcgplayer.com/product/85756_200w.jpg,3,1391,https://cpt.tcgcsv.com/8kJ,2025-11-11T21:05:55.323,1,18/99,Rare,Water,90,Stage 1,,"[2] Wreck (20+) If there is any Stadium card in play, this attack does 20 damage plus 50 more damage.  Discard that Stadium card.",M+20,,1,0.15,0.66,1.49,0.79,1.49,Normal,"[1WW] Avalanche (50) Flip a coin.  If heads, this attack does 10 damage to each of your opponent's Benched Pokemon.  (Don't apply Weakness and Resistance for Benched Pokemon.)",,
85756,Glalie,Glalie,https://tcgplayer-cdn.tcgplayer.com/product/85756_200w.jpg,3,1391,https://cpt.tcgcsv.com/8kJ,2025-11-11T21:05:55.323,1,18/99,Rare,Water,90,Stage 1,,"[2] Wreck (20+) If there is any Stadium card in play, this attack does 20 damage plus 50 more damage.  Discard that Stadium card.",M+20,,1,1.0,2.58,3.73,3.11,,Reverse Holofoil,"[1WW] Avalanche (50) Flip a coin.  If heads, this attack does 10 damage to each of your opponent's Benched Pokemon.  (Don't apply Weakness and Resistance for Benched Pokemon.)",,
85829,Golem,Golem,https://tcgplayer-cdn.tcgplayer.com/product/85829_200w.jpg,3,1391,https://cpt.tcgcsv.com/ClJ,2023-11-14T21:31:55.47,1,19/99,Rare,Fighting,140,Stage 2,,[1F] Lunge Out (50),G+30,L-20,4,0.25,1.25,4.99,1.51,,Normal,[2F] Tumble Down (30x) Discard as many F Energy cards as you like from your hand.  This attack does 30 damage times the number of F Energy cards you discarded.,[2FF] Rock Tumble (80) This attack's damage isn't affected by Resistance.,
85829,Golem,Golem,https://tcgplayer-cdn.tcgplayer.com/product/85829_200w.jpg,3,1391,https://cpt.tcgcsv.com/ClJ,2023-11-14T21:31:55.47,1,19/99,Rare,Fighting,140,Stage 2,,[1F] Lunge Out (50),G+30,L-20,4,2.64,8.54,19.8,12.4,,Reverse Holofoil,[2F] Tumble Down (30x) Discard as many F Energy cards as you like from your hand.  This attack does 30 damage times the number of F Energy cards you discarded.,[2FF] Rock Tumble (80) This attack's damage isn't affected by Resistance.,
85894,Graveler,Graveler,https://tcgplayer-cdn.tcgplayer.com/product/85894_200w.jpg,3,1391,https://cpt.tcgcsv.com/VmJ,2023-11-14T21:40:40.503,1,37/99,Uncommon,Fighting,90,Stage 1,,[2] Tackle (30),G+20,L-20,3,0.3,0.81,4.01,0.98,,Normal,[1FF] Double-edge (70) Graveler does 10 damage to itself.,,
85894,Graveler,Graveler,https://tcgplayer-cdn.tcgplayer.com/product/85894_200w.jpg,3,1391,https://cpt.tcgcsv.com/VmJ,2023-11-14T21:40:40.503,1,37/99,Uncommon,Fighting,90,Stage 1,,[2] Tackle (30),G+20,L-20,3,0.99,1.0,2.46,1.37,,Reverse Holofoil,[1FF] Double-edge (70) Graveler does 10 damage to itself.,,
85943,Grovyle (38),Grovyle 38,https://tcgplayer-cdn.tcgplayer.com/product/85943_200w.jpg,3,1391,https://cpt.tcgcsv.com/TnJ,2023-11-14T21:41:49.36,1,38/99,Uncommon,Grass,80,Stage 1,,"[1] Detect - Flip a coin.  If heads, prevent all effects of an attack, including damage, done to Grovyle during your opponent's next turn.",R+20,W-20,1,0.25,0.53,2.89,0.84,,Normal,[1G] Blade Arms (30),,
85943,Grovyle (38),Grovyle 38,https://tcgplayer-cdn.tcgplayer.com/product/85943_200w.jpg,3,1391,https://cpt.tcgcsv.com/TnJ,2023-11-14T21:41:49.36,1,38/99,Uncommon,Grass,80,Stage 1,,"[1] Detect - Flip a coin.  If heads, prevent all effects of an attack, including damage, done to Grovyle during your opponent's next turn.",R+20,W-20,1,0.55,1.28,2.44,1.63,,Reverse Holofoil,[1G] Blade Arms (30),,
85944,Grovyle (39),Grovyle 39,https://tcgplayer-cdn.tcgplayer.com/product/85944_200w.jpg,3,1391,https://cpt.tcgcsv.com/VnJ,2023-11-14T21:41:57.253,1,39/99,Uncommon,Grass,80,Stage 1,,"[2] Quick Attack (20+) Flip a coin.  If heads, this attack does 20 damage plus 10 more damage.",R+20,W-20,1,0.22,0.5,2.71,0.56,,Normal,[2G] Cut (50),,
85944,Grovyle (39),Grovyle 39,https://tcgplayer-cdn.tcgplayer.com/product/85944_200w.jpg,3,1391,https://cpt.tcgcsv.com/VnJ,2023-11-14T21:41:57.253,1,39/99,Uncommon,Grass,80,Stage 1,,"[2] Quick Attack (20+) Flip a coin.  If heads, this attack does 20 damage plus 10 more damage.",R+20,W-20,1,0.5,0.75,2.99,1.4,,Reverse Holofoil,[2G] Cut (50),,
85978,Gulpin (40),Gulpin 40,https://tcgplayer-cdn.tcgplayer.com/product/85978_200w.jpg,3,1391,https://cpt.tcgcsv.com/BpJ,2025-11-11T21:06:30.013,1,40/99,Uncommon,Psychic,60,Basic,,"[1] Endure - Flip a coin.  If heads, during your opponent's next turn, if Gulpin would be Knocked Out by damage from an attack, Gulpin is not Knocked Out and its remaining HP becomes 10 instead.",P+10,,2,0.33,0.66,9.41,0.71,,Normal,[P] Pound (10),,
85978,Gulpin (40),Gulpin 40,https://tcgplayer-cdn.tcgplayer.com/product/85978_200w.jpg,3,1391,https://cpt.tcgcsv.com/BpJ,2025-11-11T21:06:30.013,1,40/99,Uncommon,Psychic,60,Basic,,"[1] Endure - Flip a coin.  If heads, during your opponent's next turn, if Gulpin would be Knocked Out by damage from an attack, Gulpin is not Knocked Out and its remaining HP becomes 10 instead.",P+10,,2,1.8,1.83,2.25,2.15,,Reverse Holofoil,[P] Pound (10),,
85979,Gulpin (66),Gulpin 66,https://tcgplayer-cdn.tcgplayer.com/product/85979_200w.jpg,3,1391,https://cpt.tcgcsv.com/CpJ,2023-11-14T21:46:15.667,1,66/99,Common,Psychic,60,Basic,,[1] Collect - Draw a card.,P+10,,1,0.09,0.25,10.23,0.26,,Normal,[1P] Drool (20),,
85979,Gulpin (66),Gulpin 66,https://tcgplayer-cdn.tcgplayer.com/product/85979_200w.jpg,3,1391,https://cpt.tcgcsv.com/CpJ,2023-11-14T21:46:15.667,1,66/99,Common,Psychic,60,Basic,,[1] Collect - Draw a card.,P+10,,1,0.79,2.07,3.01,2.12,,Reverse Holofoil,[1P] Drool (20),,
86015,Hariyama,Hariyama,https://tcgplayer-cdn.tcgplayer.com/product/86015_200w.jpg,3,1391,https://cpt.tcgcsv.com/kqJ,2023-11-14T21:32:03.813,1,20/99,Rare,Fighting,110,Stage 1,,[2F] Push Out (50) Your opponent switches the Defending Pokemon with 1 of his or her Benched Pokemon.,P+30,,4,0.35,0.57,2.95,0.67,0.77,Normal,"[2FF] Vortex Chop (60) If the Defending Pokemon has any Resistance, this attack's base damage is 120 instead of 60.",,
86015,Hariyama,Hariyama,https://tcgplayer-cdn.tcgplayer.com/product/86015_200w.jpg,3,1391,https://cpt.tcgcsv.com/kqJ,2023-11-14T21:32:03.813,1,20/99,Rare,Fighting,110,Stage 1,,[2F] Push Out (50) Your opponent switches the Defending Pokemon with 1 of his or her Benched Pokemon.,P+30,,4,0.99,1.25,2.25,1.85,,Reverse Holofoil,"[2FF] Vortex Chop (60) If the Defending Pokemon has any Resistance, this attack's base damage is 120 instead of 60.",,
86029,Haunter (41),Haunter 41,https://tcgplayer-cdn.tcgplayer.com/product/86029_200w.jpg,3,1391,https://cpt.tcgcsv.com/CqJ,2025-11-11T21:08:57.783,1,41/99,Uncommon,Psychic,70,Stage 1,"Hidden Poison - If Haunter is your Active Pokemon and is damaged by an opponent's attack (even if Haunter is Knocked Out), the Attacking Pokemon is now Poisoned.  (Poke-BODY)",[1P] Tongue Spring - Choose 1 of your opponent's Pokemon.  This attack does 20 damage to that Pokemon.  (Don't apply Weakness and Resistance for Benched Pokemon.),D+20,C-20,1,2.94,6.16,29.99,6.19,,Normal,,,
86029,Haunter (41),Haunter 41,https://tcgplayer-cdn.tcgplayer.com/product/86029_200w.jpg,3,1391,https://cpt.tcgcsv.com/CqJ,2025-11-11T21:08:57.783,1,41/99,Uncommon,Psychic,70,Stage 1,"Hidden Poison - If Haunter is your Active Pokemon and is damaged by an opponent's attack (even if Haunter is Knocked Out), the Attacking Pokemon is now Poisoned.  (Poke-BODY)",[1P] Tongue Spring - Choose 1 of your opponent's Pokemon.  This attack does 20 damage to that Pokemon.  (Don't apply Weakness and Resistance for Benched Pokemon.),D+20,C-20,1,36.98,36.99,41.98,12.76,,Reverse Holofoil,,,
86030,Haunter (42),Haunter 42,https://tcgplayer-cdn.tcgplayer.com/product/86030_200w.jpg,3,1391,https://cpt.tcgcsv.com/DqJ,2024-05-08T13:00:30.607,1,42/99,Uncommon,Psychic,80,Stage 1,,[P] Psyshot (20),D+20,C-20,1,0.25,1.0,3.27,1.06,0.75,Normal,[2] Shadow Bind (30) The Defending Pokemon can't retreat during your opponent's next turn.,,
86030,Haunter (42),Haunter 42,https://tcgplayer-cdn.tcgplayer.com/product/86030_200w.jpg,3,1391,https://cpt.tcgcsv.com/DqJ,2024-05-08T13:00:30.607,1,42/99,Uncommon,Psychic,80,Stage 1,,[P] Psyshot (20),D+20,C-20,1,7.99,7.99,12.59,11.04,,Reverse Holofoil,[2] Shadow Bind (30) The Defending Pokemon can't retreat during your opponent's next turn.,,
86050,Heatran,Heatran,https://tcgplayer-cdn.tcgplayer.com/product/86050_200w.jpg,3,1391,https://cpt.tcgcsv.com/0rJ,2023-11-08T19:06:56.187,1,3/99,Holo Rare,Fire,100,Basic,,[1R] Fire Fang (20) The Defending Pokemon is now Burned.,Wx2,,3,1.5,3.15,7.0,3.15,1.7,Holofoil,[2RR] Magma Mantle (60+) Discard the top 3 cards of your deck.  This attack does 60 damage plus 20 more damage for each R or M Energy card you discarded.,,
86050,Heatran,Heatran,https://tcgplayer-cdn.tcgplayer.com/product/86050_200w.jpg,3,1391,https://cpt.tcgcsv.com/0rJ,2023-11-08T19:06:56.187,1,3/99,Holo Rare,Fire,100,Basic,,[1R] Fire Fang (20) The Defending Pokemon is now Burned.,Wx2,,3,2.19,3.49,6.64,3.7,,Reverse Holofoil,[2RR] Magma Mantle (60+) Discard the top 3 cards of your deck.  This attack does 60 damage plus 20 more damage for each R or M Energy card you discarded.,,
86058,Helix Fossil,Helix Fossil,https://tcgplayer-cdn.tcgplayer.com/product/86058_200w.jpg,3,1391,https://cpt.tcgcsv.com/brJ,2023-11-14T21:50:18.293,1,93/99,Common,Trainer,50,Trainer,"Aqua Reaction - When you attach a W Energy card from your hand to Helix Fossil (excluding effects of attacks or Poke-Powers), search your deck for a card that evolves from Helix Fossil and put it onto Helix Fossil (this counts as evolving Helix Fossil).  Shuffle your deck afterward.  (Poke-BODY)","Play Helix Fossil as if it were a C Basic Pokemon.  (Dome Fossil counts as a Trainer card as well, but if Dome Fossil is Knocked Out, this counts as a Knocked Out Pokemon.)  Dome Fossil can't be affected by any Special Conditions and can't retreat.  At any time during your turn before your attack, you may discard Dome Fossil from play.  (This doesn't count as a Knocked Out Pokemon.)",,,,0.05,0.3,1.25,0.37,0.18,Normal,,,
86058,Helix Fossil,Helix Fossil,https://tcgplayer-cdn.tcgplayer.com/product/86058_200w.jpg,3,1391,https://cpt.tcgcsv.com/brJ,2023-11-14T21:50:18.293,1,93/99,Common,Trainer,50,Trainer,"Aqua Reaction - When you attach a W Energy card from your hand to Helix Fossil (excluding effects of attacks or Poke-Powers), search your deck for a card that evolves from Helix Fossil and put it onto Helix Fossil (this counts as evolving Helix Fossil).  Shuffle your deck afterward.  (Poke-BODY)","Play Helix Fossil as if it were a C Basic Pokemon.  (Dome Fossil counts as a Trainer card as well, but if Dome Fossil is Knocked Out, this counts as a Knocked Out Pokemon.)  Dome Fossil can't be affected by any Special Conditions and can't retreat.  At any time during your turn before your attack, you may discard Dome Fossil from play.  (This doesn't count as a Knocked Out Pokemon.)",,,,0.5,0.9,3.14,0.86,,Reverse Holofoil,,,
86387,Kabuto,Kabuto,https://tcgplayer-cdn.tcgplayer.com/product/86387_200w.jpg,3,1391,https://cpt.tcgcsv.com/MzJ,2023-11-14T21:46:31.593,1,67/99,Common,Fighting,80,Stage 1,,"[1] Fast Evolution - Search your deck for up to 2 Evolution cards, show them to your opponent, and put them into your hand.  Shuffle your deck afterward.",G+20,,1,0.15,0.4,5.45,0.53,,Normal,[1F] Speed Attack (30),,
86387,Kabuto,Kabuto,https://tcgplayer-cdn.tcgplayer.com/product/86387_200w.jpg,3,1391,https://cpt.tcgcsv.com/MzJ,2023-11-14T21:46:31.593,1,67/99,Common,Fighting,80,Stage 1,,"[1] Fast Evolution - Search your deck for up to 2 Evolution cards, show them to your opponent, and put them into your hand.  Shuffle your deck afterward.",G+20,,1,1.3,18.45,39.98,1.69,,Reverse Holofoil,[1F] Speed Attack (30),,
86400,Kabutops,Kabutops,https://tcgplayer-cdn.tcgplayer.com/product/86400_200w.jpg,3,1391,https://cpt.tcgcsv.com/0BJ,2023-11-08T19:07:03.017,1,4/99,Holo Rare,Fighting,130,Stage 2,,"[F] Primal Scythe (20+) You may discard Helix Fossil, Dome Fossil, or Old Amber from your hand.  If you do, this attack does 20 damage plus 50 more damage.",G+30,,2,4.85,8.07,19.99,10.33,,Holofoil,[2F] Rock Slide (60) Does 10 damage to 2 of your opponent's Benched Pokemon.  (Don't apply Weakness and Resistance for Benched Pokemon.),,
86400,Kabutops,Kabutops,https://tcgplayer-cdn.tcgplayer.com/product/86400_200w.jpg,3,1391,https://cpt.tcgcsv.com/0BJ,2023-11-08T19:07:03.017,1,4/99,Holo Rare,Fighting,130,Stage 2,,"[F] Primal Scythe (20+) You may discard Helix Fossil, Dome Fossil, or Old Amber from your hand.  If you do, this attack does 20 damage plus 50 more damage.",G+30,,2,8.55,10.52,28.51,10.52,,Reverse Holofoil,[2F] Rock Slide (60) Does 10 damage to 2 of your opponent's Benched Pokemon.  (Don't apply Weakness and Resistance for Benched Pokemon.),,
86827,Lopunny,Lopunny,https://tcgplayer-cdn.tcgplayer.com/product/86827_200w.jpg,3,1391,https://cpt.tcgcsv.com/zLJ,2025-03-11T19:43:10.007,1,21/99,Rare,Colorless,80,Stage 1,"Relaxing Shower - Once during your turn (before your attack), you may discard an Energy card from your hand.  If you do, remove 1 damage counter from each of your Pokemon.  This power can't be used if Lopunny is affected by a Special Condition.  (Poke-POWER)",[2] Hover Heal (40) Remove all Special Conditions from Lopunny.,F+20,,1,1.28,1.57,29.99,1.74,29.99,Normal,,,
86827,Lopunny,Lopunny,https://tcgplayer-cdn.tcgplayer.com/product/86827_200w.jpg,3,1391,https://cpt.tcgcsv.com/zLJ,2025-03-11T19:43:10.007,1,21/99,Rare,Colorless,80,Stage 1,"Relaxing Shower - Once during your turn (before your attack), you may discard an Energy card from your hand.  If you do, remove 1 damage counter from each of your Pokemon.  This power can't be used if Lopunny is affected by a Special Condition.  (Poke-POWER)",[2] Hover Heal (40) Remove all Special Conditions from Lopunny.,F+20,,1,3.31,7.0,24.99,3.93,,Reverse Holofoil,,,
86892,Lucky Egg,Lucky Egg,https://tcgplayer-cdn.tcgplayer.com/product/86892_200w.jpg,3,1391,https://cpt.tcgcsv.com/SMJ,2025-11-11T21:09:40.493,1,88/99,Uncommon,Trainer,0,Tool,"Attach Lucky Egg to 1 of your Pokemon that doesn't already have a Pokemon Tool attached to it.  If that Pokemon is Knocked Out, discard this card.","When the Pokemon this card is attached to is Knocked Out by damage from an opponent's attack, draw cards until you have 7 cards in your hand.",,,,0.12,0.42,5.0,0.48,0.53,Normal,,,
86892,Lucky Egg,Lucky Egg,https://tcgplayer-cdn.tcgplayer.com/product/86892_200w.jpg,3,1391,https://cpt.tcgcsv.com/SMJ,2025-11-11T21:09:40.493,1,88/99,Uncommon,Trainer,0,Tool,"Attach Lucky Egg to 1 of your Pokemon that doesn't already have a Pokemon Tool attached to it.  If that Pokemon is Knocked Out, discard this card.","When the Pokemon this card is attached to is Knocked Out by damage from an opponent's attack, draw cards until you have 7 cards in your hand.",,,,0.42,0.99,7.0,3.0,0.7,Reverse Holofoil,,,
86942,Luxio,Luxio,https://tcgplayer-cdn.tcgplayer.com/product/86942_200w.jpg,3,1391,https://cpt.tcgcsv.com/SNJ,2025-11-11T21:10:47.603,1,43/99,Uncommon,Lightning,80,Stage 1,,[1] Kick (20),F+20,M-20,1,0.14,0.38,2.0,0.42,,Normal,[2L] Discharge (40x) Discard all L Energy attached to Luxio.  Flip a coin for each Energy card you discarded.  This attack does 40 damage times the number of heads.,,
86942,Luxio,Luxio,https://tcgplayer-cdn.tcgplayer.com/product/86942_200w.jpg,3,1391,https://cpt.tcgcsv.com/SNJ,2025-11-11T21:10:47.603,1,43/99,Uncommon,Lightning,80,Stage 1,,[1] Kick (20),F+20,M-20,1,0.3,1.25,3.97,1.77,,Reverse Holofoil,[2L] Discharge (40x) Discard all L Energy attached to Luxio.  Flip a coin for each Energy card you discarded.  This attack does 40 damage times the number of heads.,,
86949,Luxray,Luxray,https://tcgplayer-cdn.tcgplayer.com/product/86949_200w.jpg,3,1391,https://cpt.tcgcsv.com/_NJ,2023-11-08T19:07:09.223,1,5/99,Holo Rare,Lightning,120,Stage 2,,"[L] Flash (30) If the Defending Pokemon tries to attack during your opponent's next turn, your opponent flips a coin.  If tails, that attack does nothing.",F+30,M-20,0,3.0,4.92,10.0,4.96,,Holofoil,"[2L] Gadget Bolt (60) If Luxray has a Pokemon Tool card attached to it, you may do 100 damage instead of 60 to the Defending Pokemon.  If you do, discard that Pokemon Tool card.",,
86949,Luxray,Luxray,https://tcgplayer-cdn.tcgplayer.com/product/86949_200w.jpg,3,1391,https://cpt.tcgcsv.com/_NJ,2023-11-08T19:07:09.223,1,5/99,Holo Rare,Lightning,120,Stage 2,,"[L] Flash (30) If the Defending Pokemon tries to attack during your opponent's next turn, your opponent flips a coin.  If tails, that attack does nothing.",F+30,M-20,0,4.49,6.73,7.98,5.82,,Reverse Holofoil,"[2L] Gadget Bolt (60) If Luxray has a Pokemon Tool card attached to it, you may do 100 damage instead of 60 to the Defending Pokemon.  If you do, discard that Pokemon Tool card.",,
87132,Makuhita,Makuhita,https://tcgplayer-cdn.tcgplayer.com/product/87132_200w.jpg,3,1391,https://cpt.tcgcsv.com/GSJ,2023-11-14T21:46:38.61,1,68/99,Common,Fighting,70,Basic,,"[1] Sand Attack - If the Defending Pokemon tries to attack during your opponent's next turn, your opponent flips a coin.  If tails, that attack does nothing.",P+10,,2,0.09,0.26,2.26,0.29,,Normal,[1F] Magnum Punch (30),,
87132,Makuhita,Makuhita,https://tcgplayer-cdn.tcgplayer.com/product/87132_200w.jpg,3,1391,https://cpt.tcgcsv.com/GSJ,2023-11-14T21:46:38.61,1,68/99,Common,Fighting,70,Basic,,"[1] Sand Attack - If the Defending Pokemon tries to attack during your opponent's next turn, your opponent flips a coin.  If tails, that attack does nothing.",P+10,,2,1.07,1.27,7.99,1.24,,Reverse Holofoil,[1F] Magnum Punch (30),,
87163,Manectric (22),Manectric 22,https://tcgplayer-cdn.tcgplayer.com/product/87163_200w.jpg,3,1391,https://cpt.tcgcsv.com/hTJ,2024-02-10T10:28:05.58,1,22/99,Rare,Lightning,90,Stage 1,,[1L] Second Bite (20+) Does 20 damage plus 10 more damage for each damage counter on the Defending Pokemon.,F+20,M-20,0,0.2,0.49,1.51,0.53,,Normal,"[2L] Swift (50) This attack's damage isn't affected by Weakness, Resistance, Poke-Powers, Poke-Bodies, or any other effect on the Defending Pokemon.",,
87163,Manectric (22),Manectric 22,https://tcgplayer-cdn.tcgplayer.com/product/87163_200w.jpg,3,1391,https://cpt.tcgcsv.com/hTJ,2024-02-10T10:28:05.58,1,22/99,Rare,Lightning,90,Stage 1,,[1L] Second Bite (20+) Does 20 damage plus 10 more damage for each damage counter on the Defending Pokemon.,F+20,M-20,0,0.99,2.9,6.74,3.13,,Reverse Holofoil,"[2L] Swift (50) This attack's damage isn't affected by Weakness, Resistance, Poke-Powers, Poke-Bodies, or any other effect on the Defending Pokemon.",,
87164,Manectric (44),Manectric 44,https://tcgplayer-cdn.tcgplayer.com/product/87164_200w.jpg,3,1391,https://cpt.tcgcsv.com/jTJ,2023-11-14T21:42:25.71,1,44/99,Uncommon,Lightning,90,Stage 1,,[1] Tackle (20),F+20,M-20,0,0.13,0.35,5.0,0.36,,Normal,[2L] Head Bolt (60),,
87164,Manectric (44),Manectric 44,https://tcgplayer-cdn.tcgplayer.com/product/87164_200w.jpg,3,1391,https://cpt.tcgcsv.com/jTJ,2023-11-14T21:42:25.71,1,44/99,Uncommon,Lightning,90,Stage 1,,[1] Tackle (20),F+20,M-20,0,0.51,1.2,2.99,1.53,,Reverse Holofoil,[2L] Head Bolt (60),,
87583,Mothim,Mothim,https://tcgplayer-cdn.tcgplayer.com/product/87583_200w.jpg,3,1391,https://cpt.tcgcsv.com/H2K,2023-11-08T19:07:15.693,1,6/99,Holo Rare,Grass,90,Stage 1,,"[0] Cloak Party - Search your deck for up to 3 in any combination of Burmy and Wormadam, show them to your opponent, and put them into your hand.  Shuffle your deck afterward.",R+20,F-30,0,1.72,2.0,9.99,2.36,,Holofoil,[1] Energy Assist (30) Search your discard pile for a basic Energy card and attach it to 1 of your Benched Pokemon.,,
87583,Mothim,Mothim,https://tcgplayer-cdn.tcgplayer.com/product/87583_200w.jpg,3,1391,https://cpt.tcgcsv.com/H2K,2023-11-08T19:07:15.693,1,6/99,Holo Rare,Grass,90,Stage 1,,"[0] Cloak Party - Search your deck for up to 3 in any combination of Burmy and Wormadam, show them to your opponent, and put them into your hand.  Shuffle your deck afterward.",R+20,F-30,0,1.74,2.53,7.0,2.3,,Reverse Holofoil,[1] Energy Assist (30) Search your discard pile for a basic Energy card and attach it to 1 of your Benched Pokemon.,,
87803,Nosepass,Nosepass,https://tcgplayer-cdn.tcgplayer.com/product/87803_200w.jpg,3,1391,https://cpt.tcgcsv.com/58K,2023-11-14T21:46:48.143,1,69/99,Common,Fighting,70,Basic,,"[1] Harden - During your opponent's next turn, if Nosepass would be damaged by an attack, prevent that attack's damage done to Nosepass if that damage is 30 or less.",W+10,,1,0.01,0.32,1.18,0.35,,Normal,"[1F] Knock Away (20+) Flip a coin.  If heads, this attack does 20 damage plus 10 more damage.",,
87803,Nosepass,Nosepass,https://tcgplayer-cdn.tcgplayer.com/product/87803_200w.jpg,3,1391,https://cpt.tcgcsv.com/58K,2023-11-14T21:46:48.143,1,69/99,Common,Fighting,70,Basic,,"[1] Harden - During your opponent's next turn, if Nosepass would be damaged by an attack, prevent that attack's damage done to Nosepass if that damage is 30 or less.",W+10,,1,1.01,1.46,43.0,1.01,,Reverse Holofoil,"[1F] Knock Away (20+) Flip a coin.  If heads, this attack does 20 damage plus 10 more damage.",,
87849,Old Amber,Old Amber,https://tcgplayer-cdn.tcgplayer.com/product/87849_200w.jpg,3,1391,https://cpt.tcgcsv.com/_8K,2023-11-14T21:49:48.527,1,89/99,Uncommon,Trainer,50,Trainer,"Hard Amber - As long as Old Amber is on your Bench, prevent all damage done to Old Amber by attacks (both yours and your opponent's).  (Poke-BODY)","Play Old Amber as if it were a Colorless Basic Pokemon.  (Old Amber counts as a Trainer card as well, but if Old Amber is Knocked Out, this counts as a Knocked Out Pokemon.)  Old Amber can't be affected by any Special Conditions and can't retreat.  At any time during your turn before your attack, you may discard Old Amber from play.  (This doesn't count as a Knocked Out Pokemon.)",,,,0.05,0.25,1.25,0.27,,Normal,,,
87849,Old Amber,Old Amber,https://tcgplayer-cdn.tcgplayer.com/product/87849_200w.jpg,3,1391,https://cpt.tcgcsv.com/_8K,2023-11-14T21:49:48.527,1,89/99,Uncommon,Trainer,50,Trainer,"Hard Amber - As long as Old Amber is on your Bench, prevent all damage done to Old Amber by attacks (both yours and your opponent's).  (Poke-BODY)","Play Old Amber as if it were a Colorless Basic Pokemon.  (Old Amber counts as a Trainer card as well, but if Old Amber is Knocked Out, this counts as a Knocked Out Pokemon.)  Old Amber can't be affected by any Special Conditions and can't retreat.  At any time during your turn before your attack, you may discard Old Amber from play.  (This doesn't count as a Knocked Out Pokemon.)",,,,0.35,0.65,1.97,0.75,,Reverse Holofoil,,,
87861,Omanyte,Omanyte,https://tcgplayer-cdn.tcgplayer.com/product/87861_200w.jpg,3,1391,https://cpt.tcgcsv.com/f9K,2023-11-14T21:46:56.543,1,70/99,Common,Water,80,Stage 1,,[W] Collect - Draw 3 cards.,G+20,,1,0.05,0.35,1.42,0.36,,Normal,"[2] Tickle (20) Flip a coin.  If heads, the Defending Pokemon is Paralyzed.",,
87861,Omanyte,Omanyte,https://tcgplayer-cdn.tcgplayer.com/product/87861_200w.jpg,3,1391,https://cpt.tcgcsv.com/f9K,2023-11-14T21:46:56.543,1,70/99,Common,Water,80,Stage 1,,[W] Collect - Draw 3 cards.,G+20,,1,0.75,0.88,1.61,1.85,,Reverse Holofoil,"[2] Tickle (20) Flip a coin.  If heads, the Defending Pokemon is Paralyzed.",,
87871,Omastar,Omastar,https://tcgplayer-cdn.tcgplayer.com/product/87871_200w.jpg,3,1391,https://cpt.tcgcsv.com/r9K,2023-11-14T21:32:42.477,1,23/99,Rare,Water,120,Stage 2,,[2] Time Spiral - Choose 1 of your opponent's Evolved Pokemon.  Remove the highest Stage Evolution card from that Pokemon and have your opponent shuffle that card into his or her deck.,G+30,,1,0.93,1.5,3.14,1.62,,Normal,"[1W] Primal Tentacles (30+) Does 30 damage plus 10 more damage for each Helix Fossil, Dome Fossil, and Old Amber in your discard piles.",,
87871,Omastar,Omastar,https://tcgplayer-cdn.tcgplayer.com/product/87871_200w.jpg,3,1391,https://cpt.tcgcsv.com/r9K,2023-11-14T21:32:42.477,1,23/99,Rare,Water,120,Stage 2,,[2] Time Spiral - Choose 1 of your opponent's Evolved Pokemon.  Remove the highest Stage Evolution card from that Pokemon and have your opponent shuffle that card into his or her deck.,G+30,,1,3.77,4.0,4.18,4.18,,Reverse Holofoil,"[1W] Primal Tentacles (30+) Does 30 damage plus 10 more damage for each Helix Fossil, Dome Fossil, and Old Amber in your discard piles.",,
87978,Pelipper (24),Pelipper 24,https://tcgplayer-cdn.tcgplayer.com/product/87978_200w.jpg,3,1391,https://cpt.tcgcsv.com/BcK,2024-08-27T18:36:24.03,1,24/99,Rare,Water,90,Stage 1,,[1W] Water Pulse (30) The Defending Pokemon is now Asleep.,L+20,F-20,2,0.29,0.75,3.46,0.87,,Normal,"[2WW] Continuous Crush (70) Flip a coin until you get tails.  For each heads, discard an Energy card attached to the Defending Pokemon.",,
87978,Pelipper (24),Pelipper 24,https://tcgplayer-cdn.tcgplayer.com/product/87978_200w.jpg,3,1391,https://cpt.tcgcsv.com/BcK,2024-08-27T18:36:24.03,1,24/99,Rare,Water,90,Stage 1,,[1W] Water Pulse (30) The Defending Pokemon is now Asleep.,L+20,F-20,2,1.82,3.21,29.99,1.12,29.99,Reverse Holofoil,"[2WW] Continuous Crush (70) Flip a coin until you get tails.  For each heads, discard an Energy card attached to the Defending Pokemon.",,
87979,Pelipper (45),Pelipper 45,https://tcgplayer-cdn.tcgplayer.com/product/87979_200w.jpg,3,1391,https://cpt.tcgcsv.com/CcK,2023-11-14T21:42:32.257,1,45/99,Uncommon,Water,90,Stage 1,,[1] Water Ball (20+) Does 20 damage plus 10 more damage for each W Energy attached to Pelipper.,L+20,F-20,2,0.1,0.35,1.41,0.39,,Normal,[2W] Wing Attack (60),,
87979,Pelipper (45),Pelipper 45,https://tcgplayer-cdn.tcgplayer.com/product/87979_200w.jpg,3,1391,https://cpt.tcgcsv.com/CcK,2023-11-14T21:42:32.257,1,45/99,Uncommon,Water,90,Stage 1,,[1] Water Ball (20+) Does 20 damage plus 10 more damage for each W Energy attached to Pelipper.,L+20,F-20,2,0.64,0.84,2.91,0.79,,Reverse Holofoil,[2W] Wing Attack (60),,
88021,Pichu,Pichu,https://tcgplayer-cdn.tcgplayer.com/product/88021_200w.jpg,3,1391,https://cpt.tcgcsv.com/rdK,2023-11-14T21:32:55.673,1,25/99,Rare,Lightning,50,Basic,"Baby Evolution - Once during your turn (before your attack), you may put Pikachu from your hand onto Pichu (this counts as evolving Pichu) and remove all damage counters from Pichu.  (Poke-POWER)","[0] Baby Steps - Look at the top 5 cards of your deck, choose 1 of them, and put it into your hand.  Shuffle the other cards back into your deck.",F+10,M-20,1,5.75,10.5,19.97,9.58,,Normal,,,
88021,Pichu,Pichu,https://tcgplayer-cdn.tcgplayer.com/product/88021_200w.jpg,3,1391,https://cpt.tcgcsv.com/rdK,2023-11-14T21:32:55.673,1,25/99,Rare,Lightning,50,Basic,"Baby Evolution - Once during your turn (before your attack), you may put Pikachu from your hand onto Pichu (this counts as evolving Pichu) and remove all damage counters from Pichu.  (Poke-POWER)","[0] Baby Steps - Look at the top 5 cards of your deck, choose 1 of them, and put it into your hand.  Shuffle the other cards back into your deck.",F+10,M-20,1,17.15,24.1,29.99,19.16,,Reverse Holofoil,,,
88094,Pikachu,Pikachu,https://tcgplayer-cdn.tcgplayer.com/product/88094_200w.jpg,3,1391,https://cpt.tcgcsv.com/VfK,2025-11-04T23:42:19.477,1,71/99,Common,Lightning,60,Basic,,[L] Pika Ball (10),F+10,M-20,1,1.99,5.14,17.07,5.62,,Normal,[2L] Mega Shot - Discard all L Energy attached to Pikachu and then choose 1 of your opponent's Pokemon.  This attack does 40 damage to that Pokemon.  (Don't apply Weakness and Resistance for Benched Pokemon.),,
88094,Pikachu,Pikachu,https://tcgplayer-cdn.tcgplayer.com/product/88094_200w.jpg,3,1391,https://cpt.tcgcsv.com/VfK,2025-11-04T23:42:19.477,1,71/99,Common,Lightning,60,Basic,,[L] Pika Ball (10),F+10,M-20,1,24.96,29.98,35.0,19.99,,Reverse Holofoil,[2L] Mega Shot - Discard all L Energy attached to Pikachu and then choose 1 of your opponent's Pokemon.  This attack does 40 damage to that Pokemon.  (Don't apply Weakness and Resistance for Benched Pokemon.),,
88289,Ponyta (46),Ponyta 46,https://tcgplayer-cdn.tcgplayer.com/product/88289_200w.jpg,3,1391,https://cpt.tcgcsv.com/PkK,2023-11-14T21:42:38.97,1,46/99,Uncommon,Fire,40,Basic,,[1] Ascension - Search your deck for a card that evolves from Ponyta and put it onto Ponyta.  (This counts as evolving Ponyta.)  Shuffle your deck afterward.,W+10,,1,0.5,0.75,1.8,0.92,,Normal,[1R] Combustion (20),,
88289,Ponyta (46),Ponyta 46,https://tcgplayer-cdn.tcgplayer.com/product/88289_200w.jpg,3,1391,https://cpt.tcgcsv.com/PkK,2023-11-14T21:42:38.97,1,46/99,Uncommon,Fire,40,Basic,,[1] Ascension - Search your deck for a card that evolves from Ponyta and put it onto Ponyta.  (This counts as evolving Ponyta.)  Shuffle your deck afterward.,W+10,,1,3.1,9.14,24.99,13.04,,Reverse Holofoil,[1R] Combustion (20),,
88290,Ponyta (72),Ponyta 72,https://tcgplayer-cdn.tcgplayer.com/product/88290_200w.jpg,3,1391,https://cpt.tcgcsv.com/QkK,2024-07-26T16:09:05.19,1,72/99,Common,Fire,60,Basic,,[1] Tackle (10),W+10,,1,0.05,0.32,1.47,0.34,,Normal,"[1R] Stomp (10+) Flip a coin.  If heads, this attack does 10 damage plus 20 more damage.",,
88290,Ponyta (72),Ponyta 72,https://tcgplayer-cdn.tcgplayer.com/product/88290_200w.jpg,3,1391,https://cpt.tcgcsv.com/QkK,2024-07-26T16:09:05.19,1,72/99,Common,Fire,60,Basic,,[1] Tackle (10),W+10,,1,0.49,2.75,7.61,2.45,,Reverse Holofoil,"[1R] Stomp (10+) Flip a coin.  If heads, this attack does 10 damage plus 20 more damage.",,
88291,Ponyta (Shiny),Ponyta Shiny,https://tcgplayer-cdn.tcgplayer.com/product/88291_200w.jpg,3,1391,https://cpt.tcgcsv.com/RkK,2021-10-22T18:14:28.67,1,SH11,Shiny Holo Rare,Fire,60,Basic,"<strong>Poke-BODY â€” Star Barrier</strong>
<br>As long as Ponyta has any Energy attached to it, Ponyta has no Weakness.","[RR] Blue Fire (50) 
<br>Discard all R Energy attached to Ponyta.",W+10,None,1,124.98,180.63,191.0,191.32,,Reverse Holofoil,,,
88320,Porygon-Z G,Porygon Z G,https://tcgplayer-cdn.tcgplayer.com/product/88320_200w.jpg,3,1391,https://cpt.tcgcsv.com/qlK,2023-11-14T21:33:41.197,1,26/99,Rare,Colorless,80,Basic,"Dowsing Code - Once during your turn, when you put Porygon-Z G from your hand onto your Bench, you may search your discard pile for up to 2 Pokemon Tool cards, show them to your opponent, and shuffle them into your deck.  (Poke-POWER)","[3] Ambush (20+) Flip a coin.  If heads, this attack does 20 damage plus 40 more damage.",Fx2,,1,0.93,1.35,2.29,1.67,,Normal,,,
88320,Porygon-Z G,Porygon Z G,https://tcgplayer-cdn.tcgplayer.com/product/88320_200w.jpg,3,1391,https://cpt.tcgcsv.com/qlK,2023-11-14T21:33:41.197,1,26/99,Rare,Colorless,80,Basic,"Dowsing Code - Once during your turn, when you put Porygon-Z G from your hand onto your Bench, you may search your discard pile for up to 2 Pokemon Tool cards, show them to your opponent, and shuffle them into your deck.  (Poke-POWER)","[3] Ambush (20+) Flip a coin.  If heads, this attack does 20 damage plus 40 more damage.",Fx2,,1,2.79,4.72,13.0,4.59,,Reverse Holofoil,,,
88378,Probopass,Probopass,https://tcgplayer-cdn.tcgplayer.com/product/88378_200w.jpg,3,1391,https://cpt.tcgcsv.com/BmK,2023-11-08T19:11:03.003,1,7/99,Holo Rare,Metal,100,Stage 1,"Competitiveness - If you don't have a Supporter card in play, each of Probopass's attacks does 30 more damage to the Active Pokemon (before applying Weakness and Resistance).  (Poke-BODY)",[1M] Top Chop (30) Draw a card.,R+20,P-20,3,0.75,1.48,3.99,1.53,,Holofoil,"[2M] Tumbling Attack (50+) Flip a coin.  If heads, this attack does 50 damage plus 30 more damage.",,
88378,Probopass,Probopass,https://tcgplayer-cdn.tcgplayer.com/product/88378_200w.jpg,3,1391,https://cpt.tcgcsv.com/BmK,2023-11-08T19:11:03.003,1,7/99,Holo Rare,Metal,100,Stage 1,"Competitiveness - If you don't have a Supporter card in play, each of Probopass's attacks does 30 more damage to the Active Pokemon (before applying Weakness and Resistance).  (Poke-BODY)",[1M] Top Chop (30) Draw a card.,R+20,P-20,3,1.0,1.44,3.23,2.69,,Reverse Holofoil,"[2M] Tumbling Attack (50+) Flip a coin.  If heads, this attack does 50 damage plus 30 more damage.",,
88406,Professor Oak's Visit,Professor Oaks Visit,https://tcgplayer-cdn.tcgplayer.com/product/88406_200w.jpg,3,1391,https://cpt.tcgcsv.com/8nK,2025-11-11T21:11:42.187,1,90/99,Uncommon,Supporter,0,Supporter,"You can play only one Supporter each turn.  When you play this card, put it next to your Active Pokemon.  When your turn ends, discard this card.",Draw 3 cards.  Then choose a card from your hand and put it on the bottom of your deck.,,,,0.07,0.35,1.49,0.36,0.1,Normal,,,
88406,Professor Oak's Visit,Professor Oaks Visit,https://tcgplayer-cdn.tcgplayer.com/product/88406_200w.jpg,3,1391,https://cpt.tcgcsv.com/8nK,2025-11-11T21:11:42.187,1,90/99,Uncommon,Supporter,0,Supporter,"You can play only one Supporter each turn.  When you play this card, put it next to your Active Pokemon.  When your turn ends, discard this card.",Draw 3 cards.  Then choose a card from your hand and put it on the bottom of your deck.,,,,0.65,1.11,4.54,1.13,,Reverse Holofoil,,,
88516,Raichu,Raichu,https://tcgplayer-cdn.tcgplayer.com/product/88516_200w.jpg,3,1391,https://cpt.tcgcsv.com/lqK,2023-11-14T21:33:47.503,1,27/99,Rare,Lightning,90,Stage 1,,"[L] Boosted Voltage (20) If Raichu has a Pokemon Tool attached to it, this attack does 20 damage to each of your opponent's Benched Pokemon that isn't an Evolved Pokemon.  (Don't apply Weakness and Resistance for Benched Pokemon.)",F+20,M-20,1,2.38,3.25,29.99,4.41,29.99,Normal,[2L] Thunder Blast (70) Discard a L Energy card attached to Raichu.,,
88516,Raichu,Raichu,https://tcgplayer-cdn.tcgplayer.com/product/88516_200w.jpg,3,1391,https://cpt.tcgcsv.com/lqK,2023-11-14T21:33:47.503,1,27/99,Rare,Lightning,90,Stage 1,,"[L] Boosted Voltage (20) If Raichu has a Pokemon Tool attached to it, this attack does 20 damage to each of your opponent's Benched Pokemon that isn't an Evolved Pokemon.  (Don't apply Weakness and Resistance for Benched Pokemon.)",F+20,M-20,1,7.26,24.99,29.99,16.82,,Reverse Holofoil,[2L] Thunder Blast (70) Discard a L Energy card attached to Raichu.,,
88585,Rapidash (28),Rapidash 28,https://tcgplayer-cdn.tcgplayer.com/product/88585_200w.jpg,3,1391,https://cpt.tcgcsv.com/KrK,2023-11-14T21:33:54.337,1,28/99,Rare,Fire,80,Stage 1,"Wild Guard - Prevent all effects of attacks, including damage, done to Rapidash by you opponent's Pokemon SP.  (Poke-BODY)",[R] Fire Mane (20),W+20,,0,1.1,1.47,4.99,1.33,,Normal,"[2R] Rising Lunge (50+) Flip a coin.  If heads, this attack does 50 damage plus 20 more damage.",,
88585,Rapidash (28),Rapidash 28,https://tcgplayer-cdn.tcgplayer.com/product/88585_200w.jpg,3,1391,https://cpt.tcgcsv.com/KrK,2023-11-14T21:33:54.337,1,28/99,Rare,Fire,80,Stage 1,"Wild Guard - Prevent all effects of attacks, including damage, done to Rapidash by you opponent's Pokemon SP.  (Poke-BODY)",[R] Fire Mane (20),W+20,,0,1.25,3.25,9.0,3.68,,Reverse Holofoil,"[2R] Rising Lunge (50+) Flip a coin.  If heads, this attack does 50 damage plus 20 more damage.",,
88586,Rapidash (47),Rapidash 47,https://tcgplayer-cdn.tcgplayer.com/product/88586_200w.jpg,3,1391,https://cpt.tcgcsv.com/LrK,2023-11-14T21:42:44.64,1,47/99,Uncommon,Fire,90,Stage 1,,[R] Searing Flame (10) The Defending Pokemon is now Burned.,W+20,,0,0.05,0.5,2.97,0.56,,Normal,[1R] Flare (40),,
88586,Rapidash (47),Rapidash 47,https://tcgplayer-cdn.tcgplayer.com/product/88586_200w.jpg,3,1391,https://cpt.tcgcsv.com/LrK,2023-11-14T21:42:44.64,1,47/99,Uncommon,Fire,90,Stage 1,,[R] Searing Flame (10) The Defending Pokemon is now Burned.,W+20,,0,0.98,1.48,3.14,1.58,3.14,Reverse Holofoil,[1R] Flare (40),,
88605,Raticate,Raticate,https://tcgplayer-cdn.tcgplayer.com/product/88605_200w.jpg,3,1391,https://cpt.tcgcsv.com/7sK,2025-11-24T16:27:33.423,1,29/99,Rare,Colorless,70,Stage 1,,"[1] Recruit - Look at your opponent's hand, choose a Supporter card you find there, and discard it.  Then, use the effect of that card as the effect of this attack.",F+20,,0,0.45,0.74,1.25,0.77,0.54,Normal,"[1] Extend Fang (20+) If Raticate has a Pokemon Tool attached to it, this attack does 20 damage plus 40 more damage.",,
88605,Raticate,Raticate,https://tcgplayer-cdn.tcgplayer.com/product/88605_200w.jpg,3,1391,https://cpt.tcgcsv.com/7sK,2025-11-24T16:27:33.423,1,29/99,Rare,Colorless,70,Stage 1,,"[1] Recruit - Look at your opponent's hand, choose a Supporter card you find there, and discard it.  Then, use the effect of that card as the effect of this attack.",F+20,,0,1.29,2.02,3.0,1.79,,Reverse Holofoil,"[1] Extend Fang (20+) If Raticate has a Pokemon Tool attached to it, this attack does 20 damage plus 40 more damage.",,
88619,Rattata,Rattata,https://tcgplayer-cdn.tcgplayer.com/product/88619_200w.jpg,3,1391,https://cpt.tcgcsv.com/psK,2023-11-14T21:47:17.923,1,73/99,Common,Colorless,30,Basic,,"[1] Lunge (30) Flip a coin.  If tails, this attack does nothing.",F+10,,0,0.08,0.32,1.1,0.4,,Normal,,,
88619,Rattata,Rattata,https://tcgplayer-cdn.tcgplayer.com/product/88619_200w.jpg,3,1391,https://cpt.tcgcsv.com/psK,2023-11-14T21:47:17.923,1,73/99,Common,Colorless,30,Basic,,"[1] Lunge (30) Flip a coin.  If tails, this attack does nothing.",F+10,,0,3.0,5.08,5.3,1.01,,Reverse Holofoil,,,
88899,Salamence,Salamence,https://tcgplayer-cdn.tcgplayer.com/product/88899_200w.jpg,3,1391,https://cpt.tcgcsv.com/_zK,2023-11-14T21:28:43.893,1,8/99,Holo Rare,Colorless,140,Stage 2,"Top Accelerator - Once during your turn (before your attack), you may reveal the top card of your deck.  If that card is a basic Energy card, attach it to 1 of your Pokemon.  If that card isn't a basic Energy card, discard it.  This power can't be used if Salamence is affected by a Special Condition.  (Poke-POWER)",[1RW] Shoot Through (50) Does 20 damage to 1 of your opponent's Benched Pokemon.  (Don't apply Weakness and Resistance for Benched Pokemon.),C+30,F-20,2,4.05,4.67,13.45,6.1,,Holofoil,[4] Dragon Claw (70),,
88899,Salamence,Salamence,https://tcgplayer-cdn.tcgplayer.com/product/88899_200w.jpg,3,1391,https://cpt.tcgcsv.com/_zK,2023-11-14T21:28:43.893,1,8/99,Holo Rare,Colorless,140,Stage 2,"Top Accelerator - Once during your turn (before your attack), you may reveal the top card of your deck.  If that card is a basic Energy card, attach it to 1 of your Pokemon.  If that card isn't a basic Energy card, discard it.  This power can't be used if Salamence is affected by a Special Condition.  (Poke-POWER)",[1RW] Shoot Through (50) Does 20 damage to 1 of your opponent's Benched Pokemon.  (Don't apply Weakness and Resistance for Benched Pokemon.),C+30,F-20,2,6.67,8.23,11.99,8.23,,Reverse Holofoil,[4] Dragon Claw (70),,
88906,Salamence Lv.X,Salamence LvX,https://tcgplayer-cdn.tcgplayer.com/product/88906_200w.jpg,3,1391,https://cpt.tcgcsv.com/8BK,2023-11-14T21:50:48.853,1,98/99,Ultra Rare,Colorless,160,Level Up,"Double Fall - Once during your turn (before your attack), when you put Salamence LV.X from your hand onto your Active Salamence, you may use this power.  For each of your opponent's Pokemon that is Knocked Out by damage from Salamence's attacks this turn, take 1 more Prize card.  (Poke-POWER)",[2RW] Steam Blast (100) Discard an Energy card attached to Salamence.,Cx2,F-20,2,69.0,121.39,241.58,67.33,,Holofoil,,,
88951,Sceptile (30),Sceptile 30,https://tcgplayer-cdn.tcgplayer.com/product/88951_200w.jpg,3,1391,https://cpt.tcgcsv.com/2CK,2023-11-14T21:34:07.017,1,30/99,Rare,Grass,120,Stage 2,"Green Breath - When you attach a G Energy card from your hand to Sceptile, remove 2 damage counters from Sceptile.  (Poke-BODY)",[G] Leaf Blast (20x) Does 20 damage times the amount of G Energy attached to Sceptile.,R+30,W-20,2,1.18,2.12,4.65,2.53,,Normal,[3G] Poison Claws (60) The Defending Pokemon is now Poisoned.,,
88951,Sceptile (30),Sceptile 30,https://tcgplayer-cdn.tcgplayer.com/product/88951_200w.jpg,3,1391,https://cpt.tcgcsv.com/2CK,2023-11-14T21:34:07.017,1,30/99,Rare,Grass,120,Stage 2,"Green Breath - When you attach a G Energy card from your hand to Sceptile, remove 2 damage counters from Sceptile.  (Poke-BODY)",[G] Leaf Blast (20x) Does 20 damage times the amount of G Energy attached to Sceptile.,R+30,W-20,2,2.99,5.07,5.71,5.03,,Reverse Holofoil,[3G] Poison Claws (60) The Defending Pokemon is now Poisoned.,,
88952,Sceptile (31),Sceptile 31,https://tcgplayer-cdn.tcgplayer.com/product/88952_200w.jpg,3,1391,https://cpt.tcgcsv.com/3CK,2025-11-11T21:13:15.987,1,31/99,Rare,Grass,130,Stage 2,,[G] Leaf Supply (30) You may attach a basic Energy card from your hand to 1 of your Pokemon.,R+30,W-20,1,0.75,1.33,29.99,2.17,29.99,Normal,[2G] Dual Cut (70x) Flip 2 coins.  This attack does 70 damage times the number of heads.,,
88952,Sceptile (31),Sceptile 31,https://tcgplayer-cdn.tcgplayer.com/product/88952_200w.jpg,3,1391,https://cpt.tcgcsv.com/3CK,2025-11-11T21:13:15.987,1,31/99,Rare,Grass,130,Stage 2,,[G] Leaf Supply (30) You may attach a basic Energy card from your hand to 1 of your Pokemon.,R+30,W-20,1,15.0,15.0,17.99,5.92,,Reverse Holofoil,[2G] Dual Cut (70x) Flip 2 coins.  This attack does 70 damage times the number of heads.,,
89129,Shelgon,Shelgon,https://tcgplayer-cdn.tcgplayer.com/product/89129_200w.jpg,3,1391,https://cpt.tcgcsv.com/CGK,2025-10-01T02:29:18.457,1,48/99,Uncommon,Colorless,80,Stage 1,,"[1] Scrunch - Flip a coin.  If heads, prevent all damage done to Shelgon during your opponent's next turn.",C+20,,1,0.1,0.39,1.22,0.44,,Normal,"[3] Dragon Bump (40+) If Shelgon has any basic R Energy and any basic W Energy attached to it, this attack does 40 damage plus 20 more damage.",,
89129,Shelgon,Shelgon,https://tcgplayer-cdn.tcgplayer.com/product/89129_200w.jpg,3,1391,https://cpt.tcgcsv.com/CGK,2025-10-01T02:29:18.457,1,48/99,Uncommon,Colorless,80,Stage 1,,"[1] Scrunch - Flip a coin.  If heads, prevent all damage done to Shelgon during your opponent's next turn.",C+20,,1,0.56,1.43,2.63,1.75,,Reverse Holofoil,"[3] Dragon Bump (40+) If Shelgon has any basic R Energy and any basic W Energy attached to it, this attack does 40 damage plus 20 more damage.",,
89177,Shinx,Shinx,https://tcgplayer-cdn.tcgplayer.com/product/89177_200w.jpg,3,1391,https://cpt.tcgcsv.com/zHK,2023-11-14T21:47:25.98,1,74/99,Common,Lightning,60,Basic,,[1] Gnaw (10),F+10,M-20,1,0.09,0.35,5.0,0.36,,Normal,"[2] Swagger (20) Flip a coin.  If heads, discard an Energy card attached to the Defending Pokemon.",,
89177,Shinx,Shinx,https://tcgplayer-cdn.tcgplayer.com/product/89177_200w.jpg,3,1391,https://cpt.tcgcsv.com/zHK,2023-11-14T21:47:25.98,1,74/99,Common,Lightning,60,Basic,,[1] Gnaw (10),F+10,M-20,1,1.7,3.96,4.49,5.93,,Reverse Holofoil,"[2] Swagger (20) Flip a coin.  If heads, discard an Energy card attached to the Defending Pokemon.",,
89178,Shinx (Shiny),Shinx Shiny,https://tcgplayer-cdn.tcgplayer.com/product/89178_200w.jpg,3,1391,https://cpt.tcgcsv.com/BHK,2021-10-22T18:14:13.903,1,SH12,Shiny Holo Rare,Lightning,50,Basic,"<strong>Poke-BODY â€” Star Barrier</strong>
<br>As long as Shinx has any Energy attached to it, Shinx has no Weakness.","[L] Payback (10+) 
<br>If your opponent has only 1 Prize card left, this attack does 10 damage plus 30 more damage.",F+10,M-20,1,98.16,142.53,199.99,93.49,,Reverse Holofoil,,,
89403,Snorunt,Snorunt,https://tcgplayer-cdn.tcgplayer.com/product/89403_200w.jpg,3,1391,https://cpt.tcgcsv.com/5NK,2024-10-18T12:08:15.577,1,75/99,Common,Water,50,Basic,,"[1] Ice Breath - Flip a coin.  If heads, the Defending Pokemon is now Paralyzed.",M+10,,1,0.4,0.67,1.74,0.67,,Normal,[1W] Double Headbutt (20x) Flip 2 coins.  This attack does 20 damage times the number of heads.,,
89466,Spiritomb,Spiritomb,https://tcgplayer-cdn.tcgplayer.com/product/89466_200w.jpg,3,1391,https://cpt.tcgcsv.com/lPK,2023-11-14T21:37:21.893,1,32/99,Rare,Darkness,60,Basic,"Keystone Seal - As long as Spiritomb is your Active Pokemon, each player can't play any Trainer cards from his or her hand.  (Poke-BODY)","[0] Darkness Grace - Search your deck for a card that evolves from 1 of your Pokemon and put it onto that Pokemon.  (This counts as evolving that Pokemon.)  If you do, put 1 damage counter on Spiritomb.  Shuffle your deck afterward.",,C-20,1,3.5,4.83,8.5,5.65,,Normal,[D] Will-o'-the-wisp (10),,
89466,Spiritomb,Spiritomb,https://tcgplayer-cdn.tcgplayer.com/product/89466_200w.jpg,3,1391,https://cpt.tcgcsv.com/lPK,2023-11-14T21:37:21.893,1,32/99,Rare,Darkness,60,Basic,"Keystone Seal - As long as Spiritomb is your Active Pokemon, each player can't play any Trainer cards from his or her hand.  (Poke-BODY)","[0] Darkness Grace - Search your deck for a card that evolves from 1 of your Pokemon and put it onto that Pokemon.  (This counts as evolving that Pokemon.)  If you do, put 1 damage counter on Spiritomb.  Shuffle your deck afterward.",,C-20,1,7.48,8.5,12.32,8.31,,Reverse Holofoil,[D] Will-o'-the-wisp (10),,
89674,Swalot,Swalot,https://tcgplayer-cdn.tcgplayer.com/product/89674_200w.jpg,3,1391,https://cpt.tcgcsv.com/vTK,2023-11-14T21:28:49.637,1,9/99,Holo Rare,Psychic,100,Stage 1,,"[P] Damage Roller - Put damage counters on the Defending Pokemon until the Defending Pokemon has the same remaining HP as Swalot.  (If the Defending Pokemon has the same or less remaining HP as Swalot, this attack does nothing.)",P+20,,3,1.75,2.78,29.99,3.06,19.97,Holofoil,"[1PP] Entangle Tackle (50+) You may do 50 damage plus 30 more damage.  If you do, this attack does 30 damage to 1 of your Pokemon, and don't apply Weakness and Resistance to this damage.",,
89674,Swalot,Swalot,https://tcgplayer-cdn.tcgplayer.com/product/89674_200w.jpg,3,1391,https://cpt.tcgcsv.com/vTK,2023-11-14T21:28:49.637,1,9/99,Holo Rare,Psychic,100,Stage 1,,"[P] Damage Roller - Put damage counters on the Defending Pokemon until the Defending Pokemon has the same remaining HP as Swalot.  (If the Defending Pokemon has the same or less remaining HP as Swalot, this attack does nothing.)",P+20,,3,2.21,2.68,5.79,2.96,,Reverse Holofoil,"[1PP] Entangle Tackle (50+) You may do 50 damage plus 30 more damage.  If you do, this attack does 30 damage to 1 of your Pokemon, and don't apply Weakness and Resistance to this damage.",,
89746,Tangela (76),Tangela 76,https://tcgplayer-cdn.tcgplayer.com/product/89746_200w.jpg,3,1391,https://cpt.tcgcsv.com/XVK,2025-11-11T21:13:53.767,1,76/99,Common,Grass,70,Basic,,[1] Absorb (10) Remove 1 damage counter from Tangela.,R+10,W-20,2,0.05,0.26,1.44,0.37,,Normal,[1G] Sleep Powder (20) The Defending Pokemon is now Asleep.,,
89746,Tangela (76),Tangela 76,https://tcgplayer-cdn.tcgplayer.com/product/89746_200w.jpg,3,1391,https://cpt.tcgcsv.com/XVK,2025-11-11T21:13:53.767,1,76/99,Common,Grass,70,Basic,,[1] Absorb (10) Remove 1 damage counter from Tangela.,R+10,W-20,2,0.97,1.09,5.03,2.99,,Reverse Holofoil,[1G] Sleep Powder (20) The Defending Pokemon is now Asleep.,,
89747,Tangela (77),Tangela 77,https://tcgplayer-cdn.tcgplayer.com/product/89747_200w.jpg,3,1391,https://cpt.tcgcsv.com/ZVK,2023-11-14T21:47:59.84,1,77/99,Common,Grass,60,Basic,,[1] Collect - Draw a card.,R+10,W-20,1,0.09,0.29,1.49,0.38,,Normal,"[2G] Stun Spore (30) Flip a coin.  If heads, the Defending Pokemon is now Paralyzed.",,
89747,Tangela (77),Tangela 77,https://tcgplayer-cdn.tcgplayer.com/product/89747_200w.jpg,3,1391,https://cpt.tcgcsv.com/ZVK,2023-11-14T21:47:59.84,1,77/99,Common,Grass,60,Basic,,[1] Collect - Draw a card.,R+10,W-20,1,1.18,1.47,1.79,2.15,,Reverse Holofoil,"[2G] Stun Spore (30) Flip a coin.  If heads, the Defending Pokemon is now Paralyzed.",,
89753,Tangrowth,Tangrowth,https://tcgplayer-cdn.tcgplayer.com/product/89753_200w.jpg,3,1391,https://cpt.tcgcsv.com/5WK,2025-11-11T21:14:24.993,1,10/99,Holo Rare,Grass,110,Stage 1,,"[1G] Leaf Guard (30) During your opponent's next turn, any damage done to Tangrowth by attacks is reduced by 20 (after applying Weakness and Resistance).",R+30,W-20,3,1.55,2.95,19.99,3.22,1.18,Holofoil,"[2GG] Swallow Up (50) Before doing damage, count the number of remaining HP of the Defending Pokemon and Tangrowth.  If the Defending Pokemon has fewer remaining HP than Tangrowth's, this attack does 120 damage instead.",,
89753,Tangrowth,Tangrowth,https://tcgplayer-cdn.tcgplayer.com/product/89753_200w.jpg,3,1391,https://cpt.tcgcsv.com/5WK,2025-11-11T21:14:24.993,1,10/99,Holo Rare,Grass,110,Stage 1,,"[1G] Leaf Guard (30) During your opponent's next turn, any damage done to Tangrowth by attacks is reduced by 20 (after applying Weakness and Resistance).",R+30,W-20,3,1.17,1.41,7.34,2.05,,Reverse Holofoil,"[2GG] Swallow Up (50) Before doing damage, count the number of remaining HP of the Defending Pokemon and Tangrowth.  If the Defending Pokemon has fewer remaining HP than Tangrowth's, this attack does 120 damage instead.",,
89757,Tangrowth Lv.X,Tangrowth LvX,https://tcgplayer-cdn.tcgplayer.com/product/89757_200w.jpg,3,1391,https://cpt.tcgcsv.com/9WK,2023-11-14T21:50:56.357,1,99/99,Ultra Rare,Grass,130,Level Up,"Healing Growth - Once during your turn (before your attack), you may flip a coin.  If heads, remove 4 damage counters from 1 of your Pokemon.  This power can't be used if Tangrowth is affected by a Special Condition.  (Poke-POWER)",[G] Big Growth - Search your discard pile for as many G Energy cards as you like and attach them to your Pokemon in any way you like.,Rx2,W-20,3,14.95,22.95,99.99,23.8,,Holofoil,,,
90009,Toxicroak,Toxicroak,https://tcgplayer-cdn.tcgplayer.com/product/90009_200w.jpg,3,1391,https://cpt.tcgcsv.com/c0L,2023-11-14T21:29:03.19,1,11/99,Holo Rare,Fighting,90,Stage 1,,[F] Corner (20) The Defending Pokemon can't retreat during your opponent's next turn.,P+20,,1,1.79,2.49,8.99,2.57,,Holofoil,"[2] Convert Blow (30+) If Toxicroak has any P Energy attached to it, the Defending Pokemon is now Poisoned.  If Toxicroak has any F Energy attached to it, this attack does 30 damage plus 30 more damage.",,
90009,Toxicroak,Toxicroak,https://tcgplayer-cdn.tcgplayer.com/product/90009_200w.jpg,3,1391,https://cpt.tcgcsv.com/c0L,2023-11-14T21:29:03.19,1,11/99,Holo Rare,Fighting,90,Stage 1,,[F] Corner (20) The Defending Pokemon can't retreat during your opponent's next turn.,P+20,,1,2.07,2.19,8.0,5.94,,Reverse Holofoil,"[2] Convert Blow (30+) If Toxicroak has any P Energy attached to it, the Defending Pokemon is now Poisoned.  If Toxicroak has any F Energy attached to it, this attack does 30 damage plus 30 more damage.",,
90041,Treecko (78),Treecko 78,https://tcgplayer-cdn.tcgplayer.com/product/90041_200w.jpg,3,1391,https://cpt.tcgcsv.com/R0L,2023-11-14T21:48:05.533,1,78/99,Common,Grass,60,Basic,,"[2] Tail Crush (20+) Flip a coin.  If heads, this attack does 20 damage plus 10 more damage.",R+10,W-20,1,0.2,0.48,2.97,0.85,0.4,Normal,,,
90041,Treecko (78),Treecko 78,https://tcgplayer-cdn.tcgplayer.com/product/90041_200w.jpg,3,1391,https://cpt.tcgcsv.com/R0L,2023-11-14T21:48:05.533,1,78/99,Common,Grass,60,Basic,,"[2] Tail Crush (20+) Flip a coin.  If heads, this attack does 20 damage plus 10 more damage.",R+10,W-20,1,7.06,15.0,17.82,14.85,,Reverse Holofoil,,,
90042,Treecko (79),Treecko 79,https://tcgplayer-cdn.tcgplayer.com/product/90042_200w.jpg,3,1391,https://cpt.tcgcsv.com/S0L,2023-11-14T21:48:11.513,1,79/99,Common,Grass,60,Basic,,[1] Pound (10),R+10,W-20,1,0.13,0.38,1.51,0.61,0.22,Normal,[1G] Slash (20),,
90042,Treecko (79),Treecko 79,https://tcgplayer-cdn.tcgplayer.com/product/90042_200w.jpg,3,1391,https://cpt.tcgcsv.com/S0L,2023-11-14T21:48:11.513,1,79/99,Common,Grass,60,Basic,,[1] Pound (10),R+10,W-20,1,3.0,7.0,12.32,7.49,,Reverse Holofoil,[1G] Slash (20),,
90133,Ultimate Zone,Ultimate Zone,https://tcgplayer-cdn.tcgplayer.com/product/90133_200w.jpg,3,1391,https://cpt.tcgcsv.com/H3L,2023-11-14T21:50:01.033,1,91/99,Uncommon,Stadium,0,Stadium,"This card stays in play when you play it.  Discard this card if another Stadium card comes into play.  If another card with the same name is in play, you can't play this card.","During each player's turn, the player may move an Energy card attached to 1 of his or her Benched Pokemon to his or her Active Arceus as often as he or she likes.",,,,0.01,0.33,1.0,0.37,0.14,Normal,,,
90133,Ultimate Zone,Ultimate Zone,https://tcgplayer-cdn.tcgplayer.com/product/90133_200w.jpg,3,1391,https://cpt.tcgcsv.com/H3L,2023-11-14T21:50:01.033,1,91/99,Uncommon,Stadium,0,Stadium,"This card stays in play when you play it.  Discard this card if another Stadium card comes into play.  If another card with the same name is in play, you can't play this card.","During each player's turn, the player may move an Energy card attached to 1 of his or her Benched Pokemon to his or her Active Arceus as often as he or she likes.",,,,0.69,1.06,2.55,2.04,,Reverse Holofoil,,,
90610,Wingull (80),Wingull 80,https://tcgplayer-cdn.tcgplayer.com/product/90610_200w.jpg,3,1391,https://cpt.tcgcsv.com/dgL,2023-11-14T21:48:29.997,1,80/99,Common,Water,40,Basic,,[1] Glide (10),L+10,F-20,1,0.12,0.25,1.43,0.26,0.2,Normal,"[1W] Slashing Strike (30) During your next turn, Wingull can't use Slashing Strike.",,
90610,Wingull (80),Wingull 80,https://tcgplayer-cdn.tcgplayer.com/product/90610_200w.jpg,3,1391,https://cpt.tcgcsv.com/dgL,2023-11-14T21:48:29.997,1,80/99,Common,Water,40,Basic,,[1] Glide (10),L+10,F-20,1,0.71,1.01,4.95,1.1,,Reverse Holofoil,"[1W] Slashing Strike (30) During your next turn, Wingull can't use Slashing Strike.",,
90611,Wingull (81),Wingull 81,https://tcgplayer-cdn.tcgplayer.com/product/90611_200w.jpg,3,1391,https://cpt.tcgcsv.com/fgL,2023-11-14T21:48:40.593,1,81/99,Common,Water,50,Basic,,[W] Rain Splash (20),L+10,F-20,1,0.02,0.28,1.18,0.29,,Normal,,,
90611,Wingull (81),Wingull 81,https://tcgplayer-cdn.tcgplayer.com/product/90611_200w.jpg,3,1391,https://cpt.tcgcsv.com/fgL,2023-11-14T21:48:40.593,1,81/99,Common,Water,50,Basic,,[W] Rain Splash (20),L+10,F-20,1,0.99,1.34,29.99,1.23,15.49,Reverse Holofoil,,,
90641,Wormadam Plant Cloak,Wormadam Plant Cloak,https://tcgplayer-cdn.tcgplayer.com/product/90641_200w.jpg,3,1391,https://cpt.tcgcsv.com/RgL,2023-11-14T21:42:57.493,1,49/99,Uncommon,Grass,80,Stage 1,,[G] Magical Needle (20) Remove 2 damage counters from 1 of your Benched Pokemon.,R+20,,1,0.08,0.33,1.0,0.34,,Normal,"[2G] Cloak Scale (50) If you have Wormadam Sandy Cloak in play, the Defending Pokemon is now Burned, Confused, and Poisoned.",,
90641,Wormadam Plant Cloak,Wormadam Plant Cloak,https://tcgplayer-cdn.tcgplayer.com/product/90641_200w.jpg,3,1391,https://cpt.tcgcsv.com/RgL,2023-11-14T21:42:57.493,1,49/99,Uncommon,Grass,80,Stage 1,,[G] Magical Needle (20) Remove 2 damage counters from 1 of your Benched Pokemon.,R+20,,1,0.4,0.78,29.99,0.72,15.2,Reverse Holofoil,"[2G] Cloak Scale (50) If you have Wormadam Sandy Cloak in play, the Defending Pokemon is now Burned, Confused, and Poisoned.",,
90644,Wormadam Sandy Cloak,Wormadam Sandy Cloak,https://tcgplayer-cdn.tcgplayer.com/product/90644_200w.jpg,3,1391,https://cpt.tcgcsv.com/VgL,2023-11-14T21:43:05.83,1,50/99,Uncommon,Fighting,90,Stage 1,,[F] Hang Down (30),R+20,L-20,1,0.09,0.32,5.0,0.32,,Normal,"[2F] Cloak Headbutt (60+) If you have Wormadam Trash Cloak in play, this attack does 60 damage plus 30 more damage.",,
90644,Wormadam Sandy Cloak,Wormadam Sandy Cloak,https://tcgplayer-cdn.tcgplayer.com/product/90644_200w.jpg,3,1391,https://cpt.tcgcsv.com/VgL,2023-11-14T21:43:05.83,1,50/99,Uncommon,Fighting,90,Stage 1,,[F] Hang Down (30),R+20,L-20,1,0.5,0.85,5.95,0.87,,Reverse Holofoil,"[2F] Cloak Headbutt (60+) If you have Wormadam Trash Cloak in play, this attack does 60 damage plus 30 more damage.",,
90646,Wormadam Trash Cloak,Wormadam Trash Cloak,https://tcgplayer-cdn.tcgplayer.com/product/90646_200w.jpg,3,1391,https://cpt.tcgcsv.com/XgL,2023-11-14T21:43:17.89,1,51/99,Uncommon,Metal,90,Stage 1,,"[M] Choose 1 of your opponent's Pokemon.  This attack does 10 damage to that Pokemon.  If you have Wormadam Plant Cloak in play, this attack does 40 damage to that Pokemon instead.  (Don't apply Weakness and Resistance for Benched Pokemon.)",R+20,P-20,1,0.13,0.38,1.06,0.44,,Normal,"[2] Serve Trash (30) You may search your opponent's discard pile for any 1 card, show it to your opponent, and put it on top of his or her deck.",,
90646,Wormadam Trash Cloak,Wormadam Trash Cloak,https://tcgplayer-cdn.tcgplayer.com/product/90646_200w.jpg,3,1391,https://cpt.tcgcsv.com/XgL,2023-11-14T21:43:17.89,1,51/99,Uncommon,Metal,90,Stage 1,,"[M] Choose 1 of your opponent's Pokemon.  This attack does 10 damage to that Pokemon.  If you have Wormadam Plant Cloak in play, this attack does 40 damage to that Pokemon instead.  (Don't apply Weakness and Resistance for Benched Pokemon.)",R+20,P-20,1,0.59,1.1,2.41,1.15,,Reverse Holofoil,"[2] Serve Trash (30) You may search your opponent's discard pile for any 1 card, show it to your opponent, and put it on top of his or her deck.",,
90726,Zapdos G,Zapdos G,https://tcgplayer-cdn.tcgplayer.com/product/90726_200w.jpg,3,1391,https://cpt.tcgcsv.com/xjL,2023-11-14T21:29:15.587,1,12/99,Holo Rare,Lightning,90,Basic,,"[1] Charge Beam (10) Flip a coin.  If heads, search your discard pile for an Energy card and attach it to Zapdos G.",Lx2,F-20,2,5.5,8.7,39.63,12.16,,Holofoil,"[1LL] Lightning Strike (40) You may discard all L Energy attached to Zapdos G.  If you do, this attack's base damage is 80 instead of 40.",,
90726,Zapdos G,Zapdos G,https://tcgplayer-cdn.tcgplayer.com/product/90726_200w.jpg,3,1391,https://cpt.tcgcsv.com/xjL,2023-11-14T21:29:15.587,1,12/99,Holo Rare,Lightning,90,Basic,,"[1] Charge Beam (10) Flip a coin.  If heads, search your discard pile for an Energy card and attach it to Zapdos G.",Lx2,F-20,2,10.0,12.45,35.0,28.0,,Reverse Holofoil,"[1LL] Lightning Strike (40) You may discard all L Energy attached to Zapdos G.  If you do, this attack's base damage is 80 instead of 40.",,
98593,Arceus Booster Box,Arceus Booster Box,https://tcgplayer-cdn.tcgplayer.com/product/98593_200w.jpg,3,1391,https://cpt.tcgcsv.com/TrP,2024-02-12T18:23:42.04,1,,,,,,"Before Time Began... Perfection Existed
<br>Stepping out of ancient times comes a PokÃ©mon so mighty that legends say it shaped the universe itself! The PokÃ©mon TCG: Platinumâ€”Arceus expansion introduces the Alpha PokÃ©mon Arceus and its multiple Energy types. So, harness and wield this awesome power or rise to its incredible challenge! Capture previously unseen PokÃ©mon LV.X to aid you in this titanic struggle, and turn the tide of battle with all-new Trainer and Stadium cards. Prepare to face your greatest test...
<br>â€¢ Each Platinum: Arceus - booster box contains 36 booster packs.
<br>â€¢ Each Platinum: Arceus - booster pack contains 10 randomly inserted game cards.
<br>Cards vary by pack. Packs may vary by products.",,,,,,,,,,,,,820650115103
98594,Arceus Booster Pack,Arceus Booster Pack,https://tcgplayer-cdn.tcgplayer.com/product/98594_200w.jpg,3,1391,https://cpt.tcgcsv.com/VrP,2024-02-12T18:30:14,1,,,,,,"Before Time Began... Perfection Existed
<br>Stepping out of ancient times comes a PokÃ©mon so mighty that legends say it shaped the universe itself! The PokÃ©mon TCG: Platinumâ€”Arceus expansion introduces the Alpha PokÃ©mon Arceus and its multiple Energy types. So, harness and wield this awesome power or rise to its incredible challenge! Capture previously unseen PokÃ©mon LV.X to aid you in this titanic struggle, and turn the tide of battle with all-new Trainer and Stadium cards. Prepare to face your greatest test...
<br>â€¢ Each Platinum: Arceus - booster pack contains 10 randomly inserted game cards.
<br>Cards vary by pack. Packs may vary by products.",,,,,,,,,,,,,0820650105104
485829,Arceus Collector's Tin [Green],Arceus Collectors Tin Green,https://tcgplayer-cdn.tcgplayer.com/product/485829_200w.jpg,3,1391,https://cpt.tcgcsv.com/ClV5,2024-02-12T18:31:09.06,1,,,,,,"Get in on the beginning of amazing battles with the PokÃ©mon TCG: Arceus Collector's Tin!
<br>Begin your collection with real power or create an amazing deck with the alpha PokÃ©mon Arceus!
<br>The specially designed PokÃ©mon Trading Card Game: Arceus Collector's Tin contains a spectacular foil Arceus LV.X card plus four booster packs to shape your TCG world. Every game is your best game ever when you play the PokÃ©mon Trading Card Game!
<br>This Collector's Tin (Arceus Lv. X) contains:

<br>â€¢ 4 Booster Packs <em>(Each booster pack contains 10 randomly inserted game cards.)</em>
<br>â€¢ A specially selected foil Arceus LV.X card
<br>â€¢ A great window design for displaying your favorite card!


<br>Cards vary by pack. Booster pack packaging varies by product.",,,,,,,,,,,,,820650103773
485830,Arceus Collector's Tin [Blue],Arceus Collectors Tin Blue,https://tcgplayer-cdn.tcgplayer.com/product/485830_200w.jpg,3,1391,https://cpt.tcgcsv.com/DlV5,2024-02-12T18:32:12.027,1,,,,,,"Get in on the beginning of amazing battles with the PokÃ©mon TCG: Arceus Collector's Tin!
<br>Begin your collection with real power or create an amazing deck with the alpha PokÃ©mon Arceus!
<br>The specially designed PokÃ©mon Trading Card Game: Arceus Collector's Tin contains a spectacular foil Arceus LV.X card plus four booster packs to shape your TCG world. Every game is your best game ever when you play the PokÃ©mon Trading Card Game!
<br>This Collector's Tin (Arceus Lv. X) contains:

<br>â€¢ 4 Booster Packs <em>(Each booster pack contains 10 randomly inserted game cards.)</em>
<br>â€¢ A specially selected foil Arceus LV.X card
<br>â€¢ A great window design for displaying your favorite card!


<br>Cards vary by pack. Booster pack packaging varies by product.",,,,,,,,,,,,,820650103773
617025,Arceus Blister Pack,Arceus Blister Pack,https://tcgplayer-cdn.tcgplayer.com/product/617025_200w.jpg,3,1391,https://cpt.tcgcsv.com/wQX6,2025-02-05T17:50:36.567,1,,,,,,"Before Time Began... Perfection Existed
<br>Stepping out of ancient times comes a PokÃ©mon so mighty that legends say it shaped the universe itself! The PokÃ©mon TCG: Platinumâ€”Arceus expansion introduces the Alpha PokÃ©mon Arceus and its multiple Energy types. So, harness and wield this awesome power or rise to its incredible challenge! Capture previously unseen PokÃ©mon LV.X to aid you in this titanic struggle, and turn the tide of battle with all-new Trainer and Stadium cards. Prepare to face your greatest test...
<br>â€¢ Each Platinum: Arceus - booster pack contains 10 randomly inserted game cards.
<br>Cards vary by pack. Packs may vary by products.",,,,,,,,,,,,,0820650105128
645314,Arceus Blister Pack (Happiny & Lopunny),Arceus Blister Pack Happiny and Lopunny,https://tcgplayer-cdn.tcgplayer.com/product/645314_200w.jpg,3,1391,https://cpt.tcgcsv.com/j8b7,2025-07-22T15:24:59.397,1,,,,,,"Before Time Began... Perfection Existed
<br>Stepping out of ancient times comes a PokÃ©mon so mighty that legends say it shaped the universe itself! The PokÃ©mon TCG: Platinumâ€”Arceus expansion introduces the Alpha PokÃ©mon Arceus and its multiple Energy types. So, harness and wield this awesome power or rise to its incredible challenge! Capture previously unseen PokÃ©mon LV.X to aid you in this titanic struggle, and turn the tide of battle with all-new Trainer and Stadium cards. Prepare to face your greatest test...
<br>â€¢ Each Platinum: Arceus - booster pack contains 10 randomly inserted game cards
<br> â€¢ 1 3 card promo pack
<br> â€¢ Happiny & Lopunny promos
<br>Cards vary by pack. Packs may vary by products.",,,,,,,,,,,,,820650105166
659591,Arceus 3 Pack Blister [Darkrai],Arceus 3 Pack Blister Darkrai,https://tcgplayer-cdn.tcgplayer.com/product/659591_200w.jpg,3,1391,https://cpt.tcgcsv.com/RRh7,2025-10-21T20:34:33.537,1,,,,,,"Give Your Collection a Boost!<br>
Get in on the latest PokÃ©mon TCG action with three awesome booster packs, two from the latest release, Platinum-Arceus, one additional booster, a special holographic promo card, and a cool PokÃ©mon coin to add to your collection!",,,,,,,,,,,,,820650105135
