productId,name,cleanName,imageUrl,categoryId,groupId,url,modifiedOn,imageCount,extNumber,extRarity,extCardType,extHP,extStage,extAttack1,extAttack2,extWeakness,extRetreatCost,lowPrice,midPrice,highPrice,marketPrice,directLowPrice,subTypeName,extCardText,extResistance
83460,Accelgor,Accelgor,https://tcgplayer-cdn.tcgplayer.com/product/83460_200w.jpg,3,1386,https://cpt.tcgcsv.com/dpH,2023-01-05T18:53:43.093,1,11/108,Rare,Grass,90,Stage 1,[G] Hammer In (20),[2] Deck and Cover (50) The Defending Pokemon is now Paralyzed and Poisoned.  Shuffle this Pokemon and all cards attached to it into your deck.,Rx2,0,0.67,1.27,9.99,0.99,,Normal,,
83460,Accelgor,Accelgor,https://tcgplayer-cdn.tcgplayer.com/product/83460_200w.jpg,3,1386,https://cpt.tcgcsv.com/dpH,2023-01-05T18:53:43.093,1,11/108,Rare,Grass,90,Stage 1,[G] Hammer In (20),[2] Deck and Cover (50) The Defending Pokemon is now Paralyzed and Poisoned.  Shuffle this Pokemon and all cards attached to it into your deck.,Rx2,0,1.52,1.99,2.49,2.16,,Reverse Holofoil,,
83471,Aerodactyl,Aerodactyl,https://tcgplayer-cdn.tcgplayer.com/product/83471_200w.jpg,3,1386,https://cpt.tcgcsv.com/rpH,2023-01-05T19:04:10.983,1,53/108,Rare,Fighting,90,Restored,[3] Wing Attack (40),,Gx2,1,3.07,3.25,3.5,3.14,,Normal,Ancient Scream - Your Pokemon's attacks do 10 more damage to the Active Pokemon (before applying Weakness and Resistance).  (Ability),
83471,Aerodactyl,Aerodactyl,https://tcgplayer-cdn.tcgplayer.com/product/83471_200w.jpg,3,1386,https://cpt.tcgcsv.com/rpH,2023-01-05T19:04:10.983,1,53/108,Rare,Fighting,90,Restored,[3] Wing Attack (40),,Gx2,1,5.0,12.99,19.99,5.22,,Reverse Holofoil,Ancient Scream - Your Pokemon's attacks do 10 more damage to the Active Pokemon (before applying Weakness and Resistance).  (Ability),
83610,Archeops,Archeops,https://tcgplayer-cdn.tcgplayer.com/product/83610_200w.jpg,3,1386,https://cpt.tcgcsv.com/dsH,2023-01-05T19:20:00.113,1,110/108,Secret Rare,Fighting,130,Stage 1,[1FF] Rock Slide (60) Does 10 damage to 2 of your opponent's Benched Pokemon.  (Don't apply Weakness and Resistance for Benched Pokemon.),,Gx2,2,189.99,190.0,190.0,71.99,,Holofoil,Ancient Power - Each player can't play any Pokemon from his or her hand to evolve his or her Pokemon.  (Ability),
83844,Bisharp (72),Bisharp 72,https://tcgplayer-cdn.tcgplayer.com/product/83844_200w.jpg,3,1386,https://cpt.tcgcsv.com/VxH,2023-01-05T19:09:05.11,1,72/108,Rare,Darkness,90,Stage 1,[1D] Slash (30),"[2D] Fury Cutter (30+) Flip 3 coins.  If 1 of them is heads, this attack does 10 more damage.  If 2 of them are heads, this attack does 30 more damage.  If all of them are heads, this attack does 60 more damage.",Fx2,1,0.43,0.69,2.31,0.74,,Normal,,P-20
83844,Bisharp (72),Bisharp 72,https://tcgplayer-cdn.tcgplayer.com/product/83844_200w.jpg,3,1386,https://cpt.tcgcsv.com/VxH,2023-01-05T19:09:05.11,1,72/108,Rare,Darkness,90,Stage 1,[1D] Slash (30),"[2D] Fury Cutter (30+) Flip 3 coins.  If 1 of them is heads, this attack does 10 more damage.  If 2 of them are heads, this attack does 30 more damage.  If all of them are heads, this attack does 60 more damage.",Fx2,1,0.99,1.25,2.3,1.39,,Reverse Holofoil,,P-20
83845,Bisharp (79),Bisharp 79,https://tcgplayer-cdn.tcgplayer.com/product/83845_200w.jpg,3,1386,https://cpt.tcgcsv.com/WxH,2023-04-09T15:33:36.58,1,79/108,Rare,Metal,100,Stage 1,"[2] Aerial Ace (20+) Flip a coin.  If heads, this attack does 20 more damage.",[1MM] Metal Claw (80),Rx2,2,0.5,0.67,2.74,1.08,,Normal,,P-20
83845,Bisharp (79),Bisharp 79,https://tcgplayer-cdn.tcgplayer.com/product/83845_200w.jpg,3,1386,https://cpt.tcgcsv.com/WxH,2023-04-09T15:33:36.58,1,79/108,Rare,Metal,100,Stage 1,"[2] Aerial Ace (20+) Flip a coin.  If heads, this attack does 20 more damage.",[1MM] Metal Claw (80),Rx2,2,1.1,1.77,262.55,1.16,,Reverse Holofoil,,P-20
83911,Blaziken,Blaziken,https://tcgplayer-cdn.tcgplayer.com/product/83911_200w.jpg,3,1386,https://cpt.tcgcsv.com/fBH,2023-01-05T18:54:42.303,1,17/108,Holo Rare,Fire,140,Stage 2,"[1R] Blaze Kick (40+) Flip a coin.  If heads, this attack does 30 more damage.  If tails, the Defending Pokemon is now Burned.",[1RR] Flamethrower (130) Discard an Energy attached to this Pokemon.,Wx2,2,3.0,7.92,21.0,8.89,,Holofoil,,
83911,Blaziken,Blaziken,https://tcgplayer-cdn.tcgplayer.com/product/83911_200w.jpg,3,1386,https://cpt.tcgcsv.com/fBH,2023-01-05T18:54:42.303,1,17/108,Holo Rare,Fire,140,Stage 2,"[1R] Blaze Kick (40+) Flip a coin.  If heads, this attack does 30 more damage.  If tails, the Defending Pokemon is now Burned.",[1RR] Flamethrower (130) Discard an Energy attached to this Pokemon.,Wx2,2,6.5,8.0,16.09,8.81,,Reverse Holofoil,,
83925,Blissey,Blissey,https://tcgplayer-cdn.tcgplayer.com/product/83925_200w.jpg,3,1386,https://cpt.tcgcsv.com/wBH,2023-01-05T19:11:28.93,1,82/108,Holo Rare,Colorless,130,Stage 1,[3] Double-Edge (90) This Pokemon does 60 damage to itself.,,Fx2,3,0.37,1.25,3.5,1.23,,Holofoil,"Softboiled - Once during your turn (before your attack), you may flip a coin.  If heads, heal 30 damage from your active Pokemon.  (Ability)",
83925,Blissey,Blissey,https://tcgplayer-cdn.tcgplayer.com/product/83925_200w.jpg,3,1386,https://cpt.tcgcsv.com/wBH,2023-01-05T19:11:28.93,1,82/108,Holo Rare,Colorless,130,Stage 1,[3] Double-Edge (90) This Pokemon does 60 damage to itself.,,Fx2,3,0.75,1.43,4.49,1.06,,Reverse Holofoil,"Softboiled - Once during your turn (before your attack), you may flip a coin.  If heads, heal 30 damage from your active Pokemon.  (Ability)",
84036,Bulbasaur,Bulbasaur,https://tcgplayer-cdn.tcgplayer.com/product/84036_200w.jpg,3,1386,https://cpt.tcgcsv.com/LDH,2025-11-10T22:53:00.65,1,1/108,Common,Grass,60,Basic,[G] Tackle (10),[2G] Razor Leaf (30),Rx2,2,1.55,2.68,5.59,3.1,,Normal,,W-20
84036,Bulbasaur,Bulbasaur,https://tcgplayer-cdn.tcgplayer.com/product/84036_200w.jpg,3,1386,https://cpt.tcgcsv.com/LDH,2025-11-10T22:53:00.65,1,1/108,Common,Grass,60,Basic,[G] Tackle (10),[2G] Razor Leaf (30),Rx2,2,7.97,10.0,10.99,11.52,,Reverse Holofoil,,W-20
84106,Carnivine,Carnivine,https://tcgplayer-cdn.tcgplayer.com/product/84106_200w.jpg,3,1386,https://cpt.tcgcsv.com/8GH,2025-05-10T15:49:25.363,1,5/108,Rare,Grass,90,Basic,[G] Lure Poison - Switch the Defending Pokemon with 1 of your opponent's Benched Pokemon.  The new Defending Pokemon is now Poisoned.,[1GG] Spit Squall - Your opponent puts the Defending Pokemon and all cards attached to it into his or her hand.,Rx2,2,1.2,1.44,4.0,1.2,,Normal,,W-20
84106,Carnivine,Carnivine,https://tcgplayer-cdn.tcgplayer.com/product/84106_200w.jpg,3,1386,https://cpt.tcgcsv.com/8GH,2025-05-10T15:49:25.363,1,5/108,Rare,Grass,90,Basic,[G] Lure Poison - Switch the Defending Pokemon with 1 of your opponent's Benched Pokemon.  The new Defending Pokemon is now Poisoned.,[1GG] Spit Squall - Your opponent puts the Defending Pokemon and all cards attached to it into his or her hand.,Rx2,2,0.35,1.0,1.19,1.55,,Reverse Holofoil,,W-20
84178,Chansey (80),Chansey 80,https://tcgplayer-cdn.tcgplayer.com/product/84178_200w.jpg,3,1386,https://cpt.tcgcsv.com/BHH,2023-01-05T19:10:30.017,1,80/108,Common,Colorless,100,Basic,[1] Sing - The Defending Pokemon is now Asleep.,[3] Double-Edge (60) This Pokemon does 30 damage to itself.,Fx2,3,0.04,0.3,1.55,0.32,0.22,Normal,,
84178,Chansey (80),Chansey 80,https://tcgplayer-cdn.tcgplayer.com/product/84178_200w.jpg,3,1386,https://cpt.tcgcsv.com/BHH,2023-01-05T19:10:30.017,1,80/108,Common,Colorless,100,Basic,[1] Sing - The Defending Pokemon is now Asleep.,[3] Double-Edge (60) This Pokemon does 30 damage to itself.,Fx2,3,2.99,4.17,8.97,4.74,,Reverse Holofoil,,
84179,Chansey (81),Chansey 81,https://tcgplayer-cdn.tcgplayer.com/product/84179_200w.jpg,3,1386,https://cpt.tcgcsv.com/CHH,2023-01-05T19:11:15.047,1,81/108,Common,Colorless,100,Basic,[2] Continuous Tumble (30x) Flip a coin until you get tail.  This attack does 30 damage times the number of heads.,,Fx2,2,0.29,0.45,2.12,0.46,,Normal,,
84179,Chansey (81),Chansey 81,https://tcgplayer-cdn.tcgplayer.com/product/84179_200w.jpg,3,1386,https://cpt.tcgcsv.com/CHH,2023-01-05T19:11:15.047,1,81/108,Common,Colorless,100,Basic,[2] Continuous Tumble (30x) Flip a coin until you get tail.  This attack does 30 damage times the number of heads.,,Fx2,2,0.96,1.96,2.99,0.93,,Reverse Holofoil,,
84243,Chatot,Chatot,https://tcgplayer-cdn.tcgplayer.com/product/84243_200w.jpg,3,1386,https://cpt.tcgcsv.com/TJH,2023-03-23T13:31:20.297,1,85/108,Uncommon,Colorless,70,Basic,"[1] Tone-Deaf (10) Flip a coin.  If heads, the Defending Pokemon is now Confused.",[2] Peck (30),Lx2,1,0.2,0.35,5.0,0.37,,Normal,,F-20
84243,Chatot,Chatot,https://tcgplayer-cdn.tcgplayer.com/product/84243_200w.jpg,3,1386,https://cpt.tcgcsv.com/TJH,2023-03-23T13:31:20.297,1,85/108,Uncommon,Colorless,70,Basic,"[1] Tone-Deaf (10) Flip a coin.  If heads, the Defending Pokemon is now Confused.",[2] Peck (30),Lx2,1,3.75,4.06,4.36,0.84,,Reverse Holofoil,,F-20
84249,Cheren,Cheren,https://tcgplayer-cdn.tcgplayer.com/product/84249_200w.jpg,3,1386,https://cpt.tcgcsv.com/_JH,2024-07-26T17:16:37.42,1,91/108,Uncommon,Supporter,0,Supporter,Draw 3 cards.,,,,0.04,0.26,5.0,0.29,,Normal,You may play only 1 Supporter card per turn (before your attack).,
84249,Cheren,Cheren,https://tcgplayer-cdn.tcgplayer.com/product/84249_200w.jpg,3,1386,https://cpt.tcgcsv.com/_JH,2024-07-26T17:16:37.42,1,91/108,Uncommon,Supporter,0,Supporter,Draw 3 cards.,,,,0.24,0.43,2.0,0.38,,Reverse Holofoil,You may play only 1 Supporter card per turn (before your attack).,
84386,Cofagrigus,Cofagrigus,https://tcgplayer-cdn.tcgplayer.com/product/84386_200w.jpg,3,1386,https://cpt.tcgcsv.com/LMH,2023-01-05T19:04:03.73,1,52/108,Rare,Psychic,100,Stage 1,[2] Chuck (40x) Discard as many Pokemon Tool cards as you like from your hand.  This attack does 40 damage times the number of cards you discarded.,[PP] Lock Up (40) The Defending Pokemon can't retreat during your opponent's next turn.,Dx2,2,0.89,1.42,3.84,1.42,,Normal,,
84386,Cofagrigus,Cofagrigus,https://tcgplayer-cdn.tcgplayer.com/product/84386_200w.jpg,3,1386,https://cpt.tcgcsv.com/LMH,2023-01-05T19:04:03.73,1,52/108,Rare,Psychic,100,Stage 1,[2] Chuck (40x) Discard as many Pokemon Tool cards as you like from your hand.  This attack does 40 damage times the number of cards you discarded.,[PP] Lock Up (40) The Defending Pokemon can't retreat during your opponent's next turn.,Dx2,2,1.25,1.8,6.54,1.94,,Reverse Holofoil,,
84413,Combusken,Combusken,https://tcgplayer-cdn.tcgplayer.com/product/84413_200w.jpg,3,1386,https://cpt.tcgcsv.com/hNH,2023-07-31T14:44:46.793,1,16/108,Uncommon,Fire,80,Stage 1,[1] Double Kick (20x) Flip 2 coins.  This attack does 20 damage times the number of heads.,[1RR] Flamethrower (70) Discard an Energy attached to this Pokemon.,Wx2,1,0.3,0.75,1.15,0.75,,Normal,,
84413,Combusken,Combusken,https://tcgplayer-cdn.tcgplayer.com/product/84413_200w.jpg,3,1386,https://cpt.tcgcsv.com/hNH,2023-07-31T14:44:46.793,1,16/108,Uncommon,Fire,80,Stage 1,[1] Double Kick (20x) Flip 2 coins.  This attack does 20 damage times the number of heads.,[1RR] Flamethrower (70) Discard an Energy attached to this Pokemon.,Wx2,1,1.99,2.31,6.99,2.08,,Reverse Holofoil,,
84509,Crustle,Crustle,https://tcgplayer-cdn.tcgplayer.com/product/84509_200w.jpg,3,1386,https://cpt.tcgcsv.com/cQH,2023-01-05T18:53:18.86,1,8/108,Uncommon,Grass,110,Stage 1,[1G] Cut (30),"[2G] Heavy Bullet (70) Flip a coin.  If heads, this attack does 20 damage to 1 of your opponent's Benched Pokemon.  (Don't apply Weakness and Resistance for Benched Pokemon.)",Rx2,3,0.15,0.39,1.58,0.36,,Normal,,
84509,Crustle,Crustle,https://tcgplayer-cdn.tcgplayer.com/product/84509_200w.jpg,3,1386,https://cpt.tcgcsv.com/cQH,2023-01-05T18:53:18.86,1,8/108,Uncommon,Grass,110,Stage 1,[1G] Cut (30),"[2G] Heavy Bullet (70) Flip a coin.  If heads, this attack does 20 damage to 1 of your opponent's Benched Pokemon.  (Don't apply Weakness and Resistance for Benched Pokemon.)",Rx2,3,0.75,1.25,2.63,3.33,,Reverse Holofoil,,
84575,Dark Claw,Dark Claw,https://tcgplayer-cdn.tcgplayer.com/product/84575_200w.jpg,3,1386,https://cpt.tcgcsv.com/wRH,2023-01-05T19:14:18.817,1,92/108,Uncommon,Item,0,Tool,"If this card is attached to a D Pokemon, each of the attacks of that Pokemon does 20 more damage to the Active Pokemon (before applying Weakness and Resistance).",,,,2.42,3.5,6.27,3.33,6.27,Normal,Attach a Pokemon Tool to 1 of your Pokemon that doesn't already have a Pokemon Tool attached to it.,
84575,Dark Claw,Dark Claw,https://tcgplayer-cdn.tcgplayer.com/product/84575_200w.jpg,3,1386,https://cpt.tcgcsv.com/wRH,2023-01-05T19:14:18.817,1,92/108,Uncommon,Item,0,Tool,"If this card is attached to a D Pokemon, each of the attacks of that Pokemon does 20 more damage to the Active Pokemon (before applying Weakness and Resistance).",,,,6.99,8.96,13.64,8.96,,Reverse Holofoil,Attach a Pokemon Tool to 1 of your Pokemon that doesn't already have a Pokemon Tool attached to it.,
84636,Dark Patch,Dark Patch,https://tcgplayer-cdn.tcgplayer.com/product/84636_200w.jpg,3,1386,https://cpt.tcgcsv.com/LSH,2023-01-05T19:14:27.42,1,93/108,Uncommon,Item,0,Item,Attach a basic D Energy card from your discard pile to 1 of your Benched D Pokemon.,,,,0.51,2.31,14.39,2.4,2.74,Normal,You may play as many Item cards as you like during your turn (before your attack).,
84636,Dark Patch,Dark Patch,https://tcgplayer-cdn.tcgplayer.com/product/84636_200w.jpg,3,1386,https://cpt.tcgcsv.com/LSH,2023-01-05T19:14:27.42,1,93/108,Uncommon,Item,0,Item,Attach a basic D Energy card from your discard pile to 1 of your Benched D Pokemon.,,,,2.96,5.14,12.98,2.99,,Reverse Holofoil,You may play as many Item cards as you like during your turn (before your attack).,
84706,Darkrai EX,Darkrai EX,https://tcgplayer-cdn.tcgplayer.com/product/84706_200w.jpg,3,1386,https://cpt.tcgcsv.com/8VH,2023-01-05T19:06:38.537,1,63/108,Ultra Rare,Darkness,180,Basic,[1DD] Night Spear (90) Does 30 damage to 1 of your opponent's Benched Pokemon.  (Don't apply Weakness and Resistance for Benched Pokemon.),,Fx2,2,8.0,11.0,22.99,10.28,,Holofoil,Dark Cloak - Each of your Pokemon that has any D Energy attached to it has no Retreat Cost.  (Ability),P-20
84709,Darkrai EX (107 Full Art),Darkrai EX 107 Full Art,https://tcgplayer-cdn.tcgplayer.com/product/84709_200w.jpg,3,1386,https://cpt.tcgcsv.com/cVH,2023-01-05T19:17:55.947,1,107/108,Ultra Rare,Darkness,180,Basic,[1DD] Night Spear (90) Does 30 damage to 1 of your opponent's Benched Pokemon.  (Don't apply Weakness and Resistance for Benched Pokemon.),,Fx2,2,468.99,846.49,5999.99,499.99,,Holofoil,Dark Cloak - Each of your Pokemon that has any D Energy attached to it has no Retreat Cost.  (Ability),P-20
84966,Drilbur,Drilbur,https://tcgplayer-cdn.tcgplayer.com/product/84966_200w.jpg,3,1386,https://cpt.tcgcsv.com/l_H,2023-01-05T19:04:30.733,1,55/108,Common,Fighting,70,Basic,[FF] Scratch (30),,Wx2,2,0.26,0.37,5.0,0.38,,Normal,,L-20
84966,Drilbur,Drilbur,https://tcgplayer-cdn.tcgplayer.com/product/84966_200w.jpg,3,1386,https://cpt.tcgcsv.com/l_H,2023-01-05T19:04:30.733,1,55/108,Common,Fighting,70,Basic,[FF] Scratch (30),,Wx2,2,5.2,6.26,7.32,5.2,,Reverse Holofoil,,L-20
84993,Ducklett,Ducklett,https://tcgplayer-cdn.tcgplayer.com/product/84993_200w.jpg,3,1386,https://cpt.tcgcsv.com/T_H,2023-01-05T18:58:07.217,1,35/108,Common,Water,60,Basic,[1W] Water Pulse (20) The Defending Pokemon is now Asleep.,,Lx2,1,0.1,0.25,5.0,0.28,,Normal,,F-20
84993,Ducklett,Ducklett,https://tcgplayer-cdn.tcgplayer.com/product/84993_200w.jpg,3,1386,https://cpt.tcgcsv.com/T_H,2023-01-05T18:58:07.217,1,35/108,Common,Water,60,Basic,[1W] Water Pulse (20) The Defending Pokemon is now Asleep.,,Lx2,1,0.38,0.96,2.33,0.9,,Reverse Holofoil,,F-20
85062,Dwebble,Dwebble,https://tcgplayer-cdn.tcgplayer.com/product/85062_200w.jpg,3,1386,https://cpt.tcgcsv.com/g2J,2023-01-05T18:53:11.06,1,7/108,Common,Grass,60,Basic,[G] Beat (10),[2G] Cut (30),Rx2,2,0.18,0.26,5.0,0.28,,Normal,,
85062,Dwebble,Dwebble,https://tcgplayer-cdn.tcgplayer.com/product/85062_200w.jpg,3,1386,https://cpt.tcgcsv.com/g2J,2023-01-05T18:53:11.06,1,7/108,Common,Grass,60,Basic,[G] Beat (10),[2G] Cut (30),Rx2,2,0.25,0.81,1.88,0.74,,Reverse Holofoil,,
85068,Eelektrik,Eelektrik,https://tcgplayer-cdn.tcgplayer.com/product/85068_200w.jpg,3,1386,https://cpt.tcgcsv.com/n2J,2023-03-23T13:32:16.59,1,46/108,Uncommon,Lightning,90,Stage 1,[1] Headbutt (20),[1LL] Shock Bolt (80) Discard all L Energy attached to this Pokemon.,Fx2,2,0.25,0.47,1.25,0.44,,Normal,,
85068,Eelektrik,Eelektrik,https://tcgplayer-cdn.tcgplayer.com/product/85068_200w.jpg,3,1386,https://cpt.tcgcsv.com/n2J,2023-03-23T13:32:16.59,1,46/108,Uncommon,Lightning,90,Stage 1,[1] Headbutt (20),[1LL] Shock Bolt (80) Discard all L Energy attached to this Pokemon.,Fx2,2,0.7,1.06,1.25,1.13,,Reverse Holofoil,,
85071,Eelektross,Eelektross,https://tcgplayer-cdn.tcgplayer.com/product/85071_200w.jpg,3,1386,https://cpt.tcgcsv.com/r2J,2023-01-05T19:00:26.76,1,47/108,Holo Rare,Lightning,140,Stage 2,[2L] Suction Heal (40) Heal from this Pokemon the same amount of damage you did to the Defending Pokemon.,[2LL] Slurp Shakedown - Switch the Defending Pokemon with 1 of your opponent's Benched Pokemon.  This attack does 60 damage to the new Defending Pokemon.,Fx2,3,1.0,1.64,3.84,1.62,,Holofoil,,
85071,Eelektross,Eelektross,https://tcgplayer-cdn.tcgplayer.com/product/85071_200w.jpg,3,1386,https://cpt.tcgcsv.com/r2J,2023-01-05T19:00:26.76,1,47/108,Holo Rare,Lightning,140,Stage 2,[2L] Suction Heal (40) Heal from this Pokemon the same amount of damage you did to the Defending Pokemon.,[2LL] Slurp Shakedown - Switch the Defending Pokemon with 1 of your opponent's Benched Pokemon.  This attack does 60 damage to the new Defending Pokemon.,Fx2,3,1.0,1.9,4.11,2.12,,Reverse Holofoil,,
85090,Eevee (83),Eevee 83,https://tcgplayer-cdn.tcgplayer.com/product/85090_200w.jpg,3,1386,https://cpt.tcgcsv.com/Q2J,2023-01-05T19:11:36.557,1,83/108,Common,Colorless,60,Basic,"[1] Surprise Attack (20) Flip a coin.  If tails, this attack does nothing.",,Fx2,1,2.29,3.59,7.99,3.48,,Normal,,
85091,Eevee (84),Eevee 84,https://tcgplayer-cdn.tcgplayer.com/product/85091_200w.jpg,3,1386,https://cpt.tcgcsv.com/R2J,2023-01-05T19:11:59.93,1,84/108,Common,Colorless,50,Basic,[1] Smash Kick (10),[2] Tail Whap (20),Fx2,1,0.81,1.18,29.99,1.15,29.99,Normal,,
85091,Eevee (84),Eevee 84,https://tcgplayer-cdn.tcgplayer.com/product/85091_200w.jpg,3,1386,https://cpt.tcgcsv.com/R2J,2023-01-05T19:11:59.93,1,84/108,Common,Colorless,50,Basic,[1] Smash Kick (10),[2] Tail Whap (20),Fx2,1,35.49,35.49,35.49,29.7,,Reverse Holofoil,,
85201,Empoleon,Empoleon,https://tcgplayer-cdn.tcgplayer.com/product/85201_200w.jpg,3,1386,https://cpt.tcgcsv.com/26J,2023-01-05T18:57:17.31,1,29/108,Holo Rare,Water,140,Stage 2,[W] Attack Command (10x) Does 10 damage times the number of Pokemon in play (both yours and your opponent's).,,Lx2,2,2.65,6.29,29.99,2.61,,Holofoil,"Diving Draw - Once during your turn (before your attack), you may discard a card from your hand.  If you do, draw 2 cards.  (Ability)",
85201,Empoleon,Empoleon,https://tcgplayer-cdn.tcgplayer.com/product/85201_200w.jpg,3,1386,https://cpt.tcgcsv.com/26J,2023-01-05T18:57:17.31,1,29/108,Holo Rare,Water,140,Stage 2,[W] Attack Command (10x) Does 10 damage times the number of Pokemon in play (both yours and your opponent's).,,Lx2,2,3.32,3.99,29.99,6.15,29.99,Reverse Holofoil,"Diving Draw - Once during your turn (before your attack), you may discard a card from your hand.  If you do, draw 2 cards.  (Ability)",
85265,Enhanced Hammer,Enhanced Hammer,https://tcgplayer-cdn.tcgplayer.com/product/85265_200w.jpg,3,1386,https://cpt.tcgcsv.com/k7J,2023-01-27T06:41:13.747,1,94/108,Uncommon,Item,0,Item,Discard a Special Energy attached to 1 of your opponent's Pokemon.,,,,0.56,0.75,19.98,0.73,0.71,Normal,You may play as many Item cards as you like during your turn (before your attack).,
85265,Enhanced Hammer,Enhanced Hammer,https://tcgplayer-cdn.tcgplayer.com/product/85265_200w.jpg,3,1386,https://cpt.tcgcsv.com/k7J,2023-01-27T06:41:13.747,1,94/108,Uncommon,Item,0,Item,Discard a Special Energy attached to 1 of your opponent's Pokemon.,,,,1.0,1.49,2.49,1.59,,Reverse Holofoil,You may play as many Item cards as you like during your turn (before your attack).,
85279,Entei EX,Entei EX,https://tcgplayer-cdn.tcgplayer.com/product/85279_200w.jpg,3,1386,https://cpt.tcgcsv.com/C7J,2023-01-05T18:54:01.567,1,13/108,Ultra Rare,Fire,180,Basic,[1R] Fire Fang (30) The Defending Pokemon is now Burned.,[1RR] Grand Flame (90) Attach a R Energy card from your discard pile to 1 of your Benched Pokemon.,Wx2,3,35.0,36.0,48.99,33.51,,Holofoil,,
85280,Entei EX (103 Full Art),Entei EX 103 Full Art,https://tcgplayer-cdn.tcgplayer.com/product/85280_200w.jpg,3,1386,https://cpt.tcgcsv.com/D7J,2023-01-05T19:16:25.923,1,103/108,Ultra Rare,Fire,180,Basic,[1R] Fire Fang (30) The Defending Pokemon is now Burned.,[1RR] Grand Flame (90) Attach a R Energy card from your discard pile to 1 of your Benched Pokemon.,Wx2,3,255.99,375.99,424.79,282.48,,Holofoil,,
85314,Escavalier,Escavalier,https://tcgplayer-cdn.tcgplayer.com/product/85314_200w.jpg,3,1386,https://cpt.tcgcsv.com/j8J,2023-01-05T19:09:24.387,1,74/108,Rare,Metal,90,Stage 1,"[M] Joust (30) Before doing damage, discard a Pokemon Tool card attached to the Defending Pokemon.","[1MM] Cavalry Lance (70) During your opponent's next turn, this Pokemon has no Weakness.",Rx2,3,0.25,0.75,1.69,0.86,0.3,Normal,,P-20
85314,Escavalier,Escavalier,https://tcgplayer-cdn.tcgplayer.com/product/85314_200w.jpg,3,1386,https://cpt.tcgcsv.com/j8J,2023-01-05T19:09:24.387,1,74/108,Rare,Metal,90,Stage 1,"[M] Joust (30) Before doing damage, discard a Pokemon Tool card attached to the Defending Pokemon.","[1MM] Cavalry Lance (70) During your opponent's next turn, this Pokemon has no Weakness.",Rx2,3,0.65,1.0,1.99,0.94,,Reverse Holofoil,,P-20
85325,Espeon,Espeon,https://tcgplayer-cdn.tcgplayer.com/product/85325_200w.jpg,3,1386,https://cpt.tcgcsv.com/w8J,2025-12-11T00:49:31.483,1,48/108,Rare,Psychic,90,Stage 1,[2P] Psy Report (60) Your opponent reveals his or her hand.,,Px2,1,5.0,7.29,49.99,7.11,49.99,Normal,"Solar Revelation - Prevent all effects of your opponent's attacks, except damage, done to each of your Pokemon that has any Energy attached to it.  (Ability)",
85325,Espeon,Espeon,https://tcgplayer-cdn.tcgplayer.com/product/85325_200w.jpg,3,1386,https://cpt.tcgcsv.com/w8J,2025-12-11T00:49:31.483,1,48/108,Rare,Psychic,90,Stage 1,[2P] Psy Report (60) Your opponent reveals his or her hand.,,Px2,1,6.31,9.16,12.0,18.83,,Reverse Holofoil,"Solar Revelation - Prevent all effects of your opponent's attacks, except damage, done to each of your Pokemon that has any Energy attached to it.  (Ability)",
85338,Excadrill (56),Excadrill 56,https://tcgplayer-cdn.tcgplayer.com/product/85338_200w.jpg,3,1386,https://cpt.tcgcsv.com/N8J,2023-01-05T19:04:43.963,1,56/108,Rare,Fighting,120,Stage 1,[F] Tunnel Strike - This attack does 30 damage to 1 of your opponent's Benched Pokemon.  (Don't apply Weakness and Resistance for Benched Pokemon.),[FF] Dig Uppercut (50) Put a card from your discard pile into your hand.,Wx2,3,0.35,0.52,1.49,0.53,,Normal,,L-20
85338,Excadrill (56),Excadrill 56,https://tcgplayer-cdn.tcgplayer.com/product/85338_200w.jpg,3,1386,https://cpt.tcgcsv.com/N8J,2023-01-05T19:04:43.963,1,56/108,Rare,Fighting,120,Stage 1,[F] Tunnel Strike - This attack does 30 damage to 1 of your opponent's Benched Pokemon.  (Don't apply Weakness and Resistance for Benched Pokemon.),[FF] Dig Uppercut (50) Put a card from your discard pile into your hand.,Wx2,3,1.46,1.68,2.25,1.68,,Reverse Holofoil,,L-20
85339,Excadrill (57),Excadrill 57,https://tcgplayer-cdn.tcgplayer.com/product/85339_200w.jpg,3,1386,https://cpt.tcgcsv.com/P8J,2023-01-05T19:04:51.483,1,57/108,Rare,Fighting,120,Stage 1,"[2F] Reinforced Drill (50+) If this Pokemon has a Pokemon Tool card attached to it, this attack does 30 more damage.",[3F] Mach Claw (70) This attack's damage isn't affected by Resistance.,Wx2,4,0.5,0.75,3.14,0.73,,Normal,,L-20
85339,Excadrill (57),Excadrill 57,https://tcgplayer-cdn.tcgplayer.com/product/85339_200w.jpg,3,1386,https://cpt.tcgcsv.com/P8J,2023-01-05T19:04:51.483,1,57/108,Rare,Fighting,120,Stage 1,"[2F] Reinforced Drill (50+) If this Pokemon has a Pokemon Tool card attached to it, this attack does 30 more damage.",[3F] Mach Claw (70) This attack's damage isn't affected by Resistance.,Wx2,4,0.6,1.0,2.25,0.71,,Reverse Holofoil,,L-20
85500,Flareon,Flareon,https://tcgplayer-cdn.tcgplayer.com/product/85500_200w.jpg,3,1386,https://cpt.tcgcsv.com/0dJ,2023-01-05T18:53:52.573,1,12/108,Uncommon,Fire,90,Stage 1,"[1] Sand-Attack (20) If the Defending Pokemon tries to attack during your opponent's next turn, your opponent flips a coin.  If tails, that attack does nothing.","[2R] Fire Slash (60+) You may discard a R Energy attached to this Pokemon.  If you do, this attack does 30 more damage.",Wx2,1,3.0,3.49,4.89,3.74,,Normal,,
85500,Flareon,Flareon,https://tcgplayer-cdn.tcgplayer.com/product/85500_200w.jpg,3,1386,https://cpt.tcgcsv.com/0dJ,2023-01-05T18:53:52.573,1,12/108,Uncommon,Fire,90,Stage 1,"[1] Sand-Attack (20) If the Defending Pokemon tries to attack during your opponent's next turn, your opponent flips a coin.  If tails, that attack does nothing.","[2R] Fire Slash (60+) You may discard a R Energy attached to this Pokemon.  If you do, this attack does 30 more damage.",Wx2,1,7.71,14.5,20.98,12.46,,Reverse Holofoil,,
85612,Galvantula,Galvantula,https://tcgplayer-cdn.tcgplayer.com/product/85612_200w.jpg,3,1386,https://cpt.tcgcsv.com/ggJ,2023-01-05T18:59:48.56,1,43/108,Rare,Lightning,80,Stage 1,[L] Quick Turn (20x) Flip 2 coins.  This attack does 20 damage times the number of heads.,"[1L] Electrisilk (30+) If the Defending Pokemon has no Retreat Cost, this attack does 40 more damage.",Fx2,1,0.5,1.0,2.64,1.06,,Normal,,
85612,Galvantula,Galvantula,https://tcgplayer-cdn.tcgplayer.com/product/85612_200w.jpg,3,1386,https://cpt.tcgcsv.com/ggJ,2023-01-05T18:59:48.56,1,43/108,Rare,Lightning,80,Stage 1,[L] Quick Turn (20x) Flip 2 coins.  This attack does 20 damage times the number of heads.,"[1L] Electrisilk (30+) If the Defending Pokemon has no Retreat Cost, this attack does 40 more damage.",Fx2,1,1.49,1.61,52.71,1.67,,Reverse Holofoil,,
85638,Gardevoir,Gardevoir,https://tcgplayer-cdn.tcgplayer.com/product/85638_200w.jpg,3,1386,https://cpt.tcgcsv.com/NgJ,2023-01-05T19:19:38.157,1,109/108,Secret Rare,Psychic,110,Stage 2,"[2PP] Mind Shock (60) 
<br>This attack's damage isn't affected by Weakness or Resistance.",,Px2,2,480.0,749.99,20000.0,544.0,,Holofoil,"<b>Ability </b>- Psychic Mirage 
<br>Each basic Psychic Energy attached to your Psychic Pokemon provides 2 Energy.  You can't apply more than 1 Psychic Mirage Ability at a time.",
85747,Glaceon,Glaceon,https://tcgplayer-cdn.tcgplayer.com/product/85747_200w.jpg,3,1386,https://cpt.tcgcsv.com/ZjJ,2023-01-05T18:57:26.547,1,30/108,Rare,Water,90,Stage 1,"[1] Quick Attack (10+) Flip a coin.  If heads, this attack does 30 more damage.",[1W] Reflect Energy (40) Move an Energy from this Pokemon to 1 of your Benched Pokemon.,Mx2,1,3.8,6.14,7.99,4.51,,Normal,,
85747,Glaceon,Glaceon,https://tcgplayer-cdn.tcgplayer.com/product/85747_200w.jpg,3,1386,https://cpt.tcgcsv.com/ZjJ,2023-01-05T18:57:26.547,1,30/108,Rare,Water,90,Stage 1,"[1] Quick Attack (10+) Flip a coin.  If heads, this attack does 30 more damage.",[1W] Reflect Energy (40) Move an Energy from this Pokemon to 1 of your Benched Pokemon.,Mx2,1,14.5,28.0,34.35,18.27,,Reverse Holofoil,,
85932,Groudon EX,Groudon EX,https://tcgplayer-cdn.tcgplayer.com/product/85932_200w.jpg,3,1386,https://cpt.tcgcsv.com/GnJ,2023-01-05T19:04:19.777,1,54/108,Ultra Rare,Fighting,180,Basic,[1F] Tromp (20) Does 10 damage to each of your opponent's Benched Pokemon.  (Don't apply Weakness and Resistance for Benched Pokemon.),"[1FF] Giant Claw (80+) If the Defending Pokemon already has 2 or more damage counters on it, this attack does 40 more damage.",Wx2,4,22.83,40.0,81.32,80.0,,Holofoil,,L-20
85933,Groudon EX (106 Full Art),Groudon EX 106 Full Art,https://tcgplayer-cdn.tcgplayer.com/product/85933_200w.jpg,3,1386,https://cpt.tcgcsv.com/HnJ,2023-01-05T19:17:00.963,1,106/108,Ultra Rare,Fighting,180,Basic,[1F] Tromp (20) Does 10 damage to each of your opponent's Benched Pokemon.  (Don't apply Weakness and Resistance for Benched Pokemon.),"[1FF] Giant Claw (80+) If the Defending Pokemon already has 2 or more damage counters on it, this attack does 40 more damage.",Wx2,4,336.68,399.98,465.8,450.31,,Holofoil,,L-20
85982,Gurdurr,Gurdurr,https://tcgplayer-cdn.tcgplayer.com/product/85982_200w.jpg,3,1386,https://cpt.tcgcsv.com/GpJ,2025-11-10T22:48:52.327,1,59/108,Uncommon,Fighting,80,Stage 1,[1] Low Kick (20),[2F] Steel Swing (60x) Flip 2 coins.  This attack does 60 damage times the number of heads.,Px2,2,0.2,0.44,1.0,0.49,0.27,Normal,,
85982,Gurdurr,Gurdurr,https://tcgplayer-cdn.tcgplayer.com/product/85982_200w.jpg,3,1386,https://cpt.tcgcsv.com/GpJ,2025-11-10T22:48:52.327,1,59/108,Uncommon,Fighting,80,Stage 1,[1] Low Kick (20),[2F] Steel Swing (60x) Flip 2 coins.  This attack does 60 damage times the number of heads.,Px2,2,0.6,1.16,29.99,1.07,29.99,Reverse Holofoil,,
86033,Haxorus,Haxorus,https://tcgplayer-cdn.tcgplayer.com/product/86033_200w.jpg,3,1386,https://cpt.tcgcsv.com/HqJ,2025-12-11T00:49:57.92,1,89/108,Holo Rare,Colorless,140,Stage 2,[3] Guillotine (60),"[4] Stunning Uppercut (80) Flip 2 coins.  If both of them are heads, the Defending Pokemon is now Paralyzed.  If both of them are tails, this attack does nothing.",,3,2.16,4.19,7.69,3.26,3.49,Holofoil,,
86033,Haxorus,Haxorus,https://tcgplayer-cdn.tcgplayer.com/product/86033_200w.jpg,3,1386,https://cpt.tcgcsv.com/HqJ,2025-12-11T00:49:57.92,1,89/108,Holo Rare,Colorless,140,Stage 2,[3] Guillotine (60),"[4] Stunning Uppercut (80) Flip 2 coins.  If both of them are heads, the Defending Pokemon is now Paralyzed.  If both of them are tails, this attack does nothing.",,3,7.0,10.0,30.24,9.65,,Reverse Holofoil,,
86045,Heatmor,Heatmor,https://tcgplayer-cdn.tcgplayer.com/product/86045_200w.jpg,3,1386,https://cpt.tcgcsv.com/WqJ,2025-11-26T03:05:03.047,1,19/108,Rare,Fire,90,Basic,"[1] Hot Lick (10+) If the Defending Pokemon is Durant, this attack does 50 more damage.","[2R] Firebreathing (50+) Flip a coin.  If heads, this attack does 20 more damage.",Wx2,1,0.3,0.55,1.64,0.6,0.3,Normal,,
86045,Heatmor,Heatmor,https://tcgplayer-cdn.tcgplayer.com/product/86045_200w.jpg,3,1386,https://cpt.tcgcsv.com/WqJ,2025-11-26T03:05:03.047,1,19/108,Rare,Fire,90,Basic,"[1] Hot Lick (10+) If the Defending Pokemon is Durant, this attack does 50 more damage.","[2R] Firebreathing (50+) Flip a coin.  If heads, this attack does 20 more damage.",Wx2,1,0.4,1.26,1.99,1.27,,Reverse Holofoil,,
86070,Herdier,Herdier,https://tcgplayer-cdn.tcgplayer.com/product/86070_200w.jpg,3,1386,https://cpt.tcgcsv.com/qrJ,2023-01-05T19:12:52.463,1,87/108,Uncommon,Colorless,80,Stage 1,[1] Roar - Your opponent switches the Defending Pokemon with 1 of his or her Benched Pokemon.,[2] Tackle (30),Fx2,2,0.25,0.49,1.63,0.46,,Normal,,
86070,Herdier,Herdier,https://tcgplayer-cdn.tcgplayer.com/product/86070_200w.jpg,3,1386,https://cpt.tcgcsv.com/qrJ,2023-01-05T19:12:52.463,1,87/108,Uncommon,Colorless,80,Stage 1,[1] Roar - Your opponent switches the Defending Pokemon with 1 of his or her Benched Pokemon.,[2] Tackle (30),Fx2,2,0.52,1.99,3.84,0.81,,Reverse Holofoil,,
86168,Hooligans Jim & Cas,Hooligans Jim and Cas,https://tcgplayer-cdn.tcgplayer.com/product/86168_200w.jpg,3,1386,https://cpt.tcgcsv.com/ntJ,2025-11-10T22:47:56.48,1,95/108,Uncommon,Supporter,0,Supporter,"Flip a coin.  If heads, choose 3 random cards from your opponent's hand.  Your opponent reveals those cards and shuffles them into his or her deck.",,,,0.2,0.36,2.37,0.36,0.28,Normal,You may play only 1 Supporter card per turn (before your attack).,
86168,Hooligans Jim & Cas,Hooligans Jim and Cas,https://tcgplayer-cdn.tcgplayer.com/product/86168_200w.jpg,3,1386,https://cpt.tcgcsv.com/ntJ,2025-11-10T22:47:56.48,1,95/108,Uncommon,Supporter,0,Supporter,"Flip a coin.  If heads, choose 3 random cards from your opponent's hand.  Your opponent reveals those cards and shuffles them into his or her deck.",,,,0.35,0.65,1.99,0.51,,Reverse Holofoil,You may play only 1 Supporter card per turn (before your attack).,
86304,Ivysaur,Ivysaur,https://tcgplayer-cdn.tcgplayer.com/product/86304_200w.jpg,3,1386,https://cpt.tcgcsv.com/6xJ,2025-12-11T00:50:18.33,1,2/108,Uncommon,Grass,90,Stage 1,[1G] Sleep Powder (20) The Defending Pokemon is now Asleep.,[1GG] Poison Powder (50) The Defending Pokemon is now Poisoned.,Rx2,3,7.0,8.53,29.97,8.7,8.18,Normal,,W-20
86304,Ivysaur,Ivysaur,https://tcgplayer-cdn.tcgplayer.com/product/86304_200w.jpg,3,1386,https://cpt.tcgcsv.com/6xJ,2025-12-11T00:50:18.33,1,2/108,Uncommon,Grass,90,Stage 1,[1G] Sleep Powder (20) The Defending Pokemon is now Asleep.,[1GG] Poison Powder (50) The Defending Pokemon is now Poisoned.,Rx2,3,15.99,19.0,20.0,17.02,,Reverse Holofoil,,W-20
86347,Jolteon,Jolteon,https://tcgplayer-cdn.tcgplayer.com/product/86347_200w.jpg,3,1386,https://cpt.tcgcsv.com/ZxJ,2023-01-05T18:58:23.517,1,37/108,Uncommon,Lightning,90,Stage 1,"[1] Electrigun (20+) You may discard a L Energy attached to this Pokemon.  If you do, this attack does 40 more damage.",[2L] Pin Missile (40x) Flip 4 coins.  This attack does 40 damage times the number of heads.,Fx2,0,2.25,3.5,7.85,3.49,,Normal,,
86347,Jolteon,Jolteon,https://tcgplayer-cdn.tcgplayer.com/product/86347_200w.jpg,3,1386,https://cpt.tcgcsv.com/ZxJ,2023-01-05T18:58:23.517,1,37/108,Uncommon,Lightning,90,Stage 1,"[1] Electrigun (20+) You may discard a L Energy attached to this Pokemon.  If you do, this attack does 40 more damage.",[2L] Pin Missile (40x) Flip 4 coins.  This attack does 40 damage times the number of heads.,Fx2,0,15.0,20.98,22.22,21.74,,Reverse Holofoil,,
86356,Joltik (41),Joltik 41,https://tcgplayer-cdn.tcgplayer.com/product/86356_200w.jpg,3,1386,https://cpt.tcgcsv.com/8zJ,2023-01-05T18:59:31.37,1,41/108,Common,Lightning,30,Basic,[1] Ram (10),[2] Bug Bite (20),Fx2,1,0.29,0.4,1.0,0.42,,Normal,,
86356,Joltik (41),Joltik 41,https://tcgplayer-cdn.tcgplayer.com/product/86356_200w.jpg,3,1386,https://cpt.tcgcsv.com/8zJ,2023-01-05T18:59:31.37,1,41/108,Common,Lightning,30,Basic,[1] Ram (10),[2] Bug Bite (20),Fx2,1,0.25,0.61,0.96,0.95,,Reverse Holofoil,,
86357,Joltik (42),Joltik 42,https://tcgplayer-cdn.tcgplayer.com/product/86357_200w.jpg,3,1386,https://cpt.tcgcsv.com/9zJ,2023-01-05T18:59:40.363,1,42/108,Common,Lightning,30,Basic,[L] Static Shock (20),,Fx2,1,0.3,0.49,19.99,0.46,,Normal,,
86426,Karrablast,Karrablast,https://tcgplayer-cdn.tcgplayer.com/product/86426_200w.jpg,3,1386,https://cpt.tcgcsv.com/xBJ,2023-01-05T18:53:27.04,1,9/108,Common,Grass,60,Basic,[1] Beat (10),[3] Reckless Charge (40) This Pokemon does 10 damage to itself.,Rx2,1,0.17,0.26,1.0,0.25,,Normal,,
86426,Karrablast,Karrablast,https://tcgplayer-cdn.tcgplayer.com/product/86426_200w.jpg,3,1386,https://cpt.tcgcsv.com/xBJ,2023-01-05T18:53:27.04,1,9/108,Common,Grass,60,Basic,[1] Beat (10),[3] Reckless Charge (40) This Pokemon does 10 damage to itself.,Rx2,1,0.24,0.46,1.0,0.49,0.3,Reverse Holofoil,,
86476,Klang,Klang,https://tcgplayer-cdn.tcgplayer.com/product/86476_200w.jpg,3,1386,https://cpt.tcgcsv.com/xCJ,2023-01-05T19:09:46.487,1,76/108,Uncommon,Metal,80,Stage 1,"[2] Charge Beam (20) Flip a coin.  If heads, attach an Energy card from your discard pile to this Pokemon.",[2M] Vice Grip (50),Rx2,3,0.3,0.52,2.26,0.57,,Normal,,P-20
86476,Klang,Klang,https://tcgplayer-cdn.tcgplayer.com/product/86476_200w.jpg,3,1386,https://cpt.tcgcsv.com/xCJ,2023-01-05T19:09:46.487,1,76/108,Uncommon,Metal,80,Stage 1,"[2] Charge Beam (20) Flip a coin.  If heads, attach an Energy card from your discard pile to this Pokemon.",[2M] Vice Grip (50),Rx2,3,0.96,1.19,3.39,0.91,,Reverse Holofoil,,P-20
86482,Klink,Klink,https://tcgplayer-cdn.tcgplayer.com/product/86482_200w.jpg,3,1386,https://cpt.tcgcsv.com/GCJ,2023-01-05T19:09:34.92,1,75/108,Common,Metal,60,Basic,[2] Smash Turn (20) Switch this Pokemon with 1 of your Benched Pokemon.,,Rx2,3,0.18,0.26,2.58,0.26,0.18,Normal,,P-20
86482,Klink,Klink,https://tcgplayer-cdn.tcgplayer.com/product/86482_200w.jpg,3,1386,https://cpt.tcgcsv.com/GCJ,2023-01-05T19:09:34.92,1,75/108,Common,Metal,60,Basic,[2] Smash Turn (20) Switch this Pokemon with 1 of your Benched Pokemon.,,Rx2,3,0.44,0.67,3.84,0.72,0.69,Reverse Holofoil,,P-20
86487,Klinklang,Klinklang,https://tcgplayer-cdn.tcgplayer.com/product/86487_200w.jpg,3,1386,https://cpt.tcgcsv.com/MCJ,2023-08-14T13:57:16.813,1,77/108,Holo Rare,Metal,140,Stage 2,[1] Metal Blast (20+) Does 20 more damage for each M Energy attached to this Pokemon.,[2MM] Lock Gear (60) Draw cards until you have 6 cards in your hand.,Rx2,4,0.55,0.97,2.49,0.91,,Holofoil,,P-20
86487,Klinklang,Klinklang,https://tcgplayer-cdn.tcgplayer.com/product/86487_200w.jpg,3,1386,https://cpt.tcgcsv.com/MCJ,2023-08-14T13:57:16.813,1,77/108,Holo Rare,Metal,140,Stage 2,[1] Metal Blast (20+) Does 20 more damage for each M Energy attached to this Pokemon.,[2MM] Lock Gear (60) Draw cards until you have 6 cards in your hand.,Rx2,4,0.7,1.24,2.49,0.75,,Reverse Holofoil,,P-20
86538,Krokorok,Krokorok,https://tcgplayer-cdn.tcgplayer.com/product/86538_200w.jpg,3,1386,https://cpt.tcgcsv.com/NDJ,2025-11-10T22:42:52.533,1,65/108,Uncommon,Darkness,90,Stage 1,[2] Mud-Slap (30),[2DD] Corkscrew Punch (70),Fx2,3,0.2,0.46,1.0,0.48,0.27,Normal,,P-20
86538,Krokorok,Krokorok,https://tcgplayer-cdn.tcgplayer.com/product/86538_200w.jpg,3,1386,https://cpt.tcgcsv.com/NDJ,2025-11-10T22:42:52.533,1,65/108,Uncommon,Darkness,90,Stage 1,[2] Mud-Slap (30),[2DD] Corkscrew Punch (70),Fx2,3,0.6,1.74,6.64,1.74,,Reverse Holofoil,,P-20
86543,Krookodile,Krookodile,https://tcgplayer-cdn.tcgplayer.com/product/86543_200w.jpg,3,1386,https://cpt.tcgcsv.com/TDJ,2023-01-05T19:08:03.77,1,66/108,Holo Rare,Darkness,150,Stage 2,[2D] Dark Clamp (60) The Defending Pokemon can't retreat during your opponent's next turn.,[2DD] Bombast (40x) Does 40 damage times the number of Prize cards you have taken.,Fx2,3,0.86,1.5,2.99,1.43,,Holofoil,,P-20
86543,Krookodile,Krookodile,https://tcgplayer-cdn.tcgplayer.com/product/86543_200w.jpg,3,1386,https://cpt.tcgcsv.com/TDJ,2023-01-05T19:08:03.77,1,66/108,Holo Rare,Darkness,150,Stage 2,[2D] Dark Clamp (60) The Defending Pokemon can't retreat during your opponent's next turn.,[2DD] Bombast (40x) Does 40 damage times the number of Prize cards you have taken.,Fx2,3,0.99,1.38,3.84,1.5,,Reverse Holofoil,,P-20
86559,Kyogre EX,Kyogre EX,https://tcgplayer-cdn.tcgplayer.com/product/86559_200w.jpg,3,1386,https://cpt.tcgcsv.com/cFJ,2023-01-05T18:56:44.867,1,26/108,Ultra Rare,Water,170,Basic,[1W] Smash Turn (30) You may switch this Pokemon with 1 of your Benched Pokemon.,[1WW] Dual Splash - This attack does 50 damage to 2 of your opponent's Pokemon.  (Don't apply Weakness and Resistance for Benched Pokemon.),Lx2,4,38.99,49.99,149.99,63.95,44.99,Holofoil,,
86560,Kyogre EX (104 Full Art),Kyogre EX 104 Full Art,https://tcgplayer-cdn.tcgplayer.com/product/86560_200w.jpg,3,1386,https://cpt.tcgcsv.com/dFJ,2023-01-05T19:16:40.87,1,104/108,Ultra Rare,Water,170,Basic,[1W] Smash Turn (30) You may switch this Pokemon with 1 of your Benched Pokemon.,[1WW] Dual Splash - This attack does 50 damage to 2 of your opponent's Pokemon.  (Don't apply Weakness and Resistance for Benched Pokemon.),Lx2,4,200.0,344.97,367.04,429.99,,Holofoil,,
86629,Larvesta (20),Larvesta 20,https://tcgplayer-cdn.tcgplayer.com/product/86629_200w.jpg,3,1386,https://cpt.tcgcsv.com/CGJ,2023-01-05T18:55:08.137,1,20/108,Common,Fire,80,Basic,[2] Ram (20),[1RR] Flare (40),Wx2,3,0.1,0.26,2.24,0.28,,Normal,,
86629,Larvesta (20),Larvesta 20,https://tcgplayer-cdn.tcgplayer.com/product/86629_200w.jpg,3,1386,https://cpt.tcgcsv.com/CGJ,2023-01-05T18:55:08.137,1,20/108,Common,Fire,80,Basic,[2] Ram (20),[1RR] Flare (40),Wx2,3,2.26,4.44,29.99,1.93,29.99,Reverse Holofoil,,
86630,Larvesta (21),Larvesta 21,https://tcgplayer-cdn.tcgplayer.com/product/86630_200w.jpg,3,1386,https://cpt.tcgcsv.com/DGJ,2023-01-05T18:55:58.04,1,21/108,Common,Fire,60,Basic,[1R] Super Singe (10) The Defending Pokemon is now Burned.,,Wx2,1,0.18,0.3,0.69,0.29,,Normal,,
86630,Larvesta (21),Larvesta 21,https://tcgplayer-cdn.tcgplayer.com/product/86630_200w.jpg,3,1386,https://cpt.tcgcsv.com/DGJ,2023-01-05T18:55:58.04,1,21/108,Common,Fire,60,Basic,[1R] Super Singe (10) The Defending Pokemon is now Burned.,,Wx2,1,1.0,1.6,4.54,2.99,,Reverse Holofoil,,
86682,Leafeon,Leafeon,https://tcgplayer-cdn.tcgplayer.com/product/86682_200w.jpg,3,1386,https://cpt.tcgcsv.com/GHJ,2023-01-05T18:53:03.023,1,6/108,Rare,Grass,90,Stage 1,"[1] Quick Attack (10+) Flip a coin.  If heads, this attack does 30 more damage.",[1G] Energy Assist (40) Attach a basic Energy card from your discard pile to 1 of your Benched Pokemon.,Rx2,1,6.21,7.03,15.2,8.9,,Normal,,W-20
86682,Leafeon,Leafeon,https://tcgplayer-cdn.tcgplayer.com/product/86682_200w.jpg,3,1386,https://cpt.tcgcsv.com/GHJ,2023-01-05T18:53:03.023,1,6/108,Rare,Grass,90,Stage 1,"[1] Quick Attack (10+) Flip a coin.  If heads, this attack does 30 more damage.",[1G] Energy Assist (40) Attach a basic Energy card from your discard pile to 1 of your Benched Pokemon.,Rx2,1,12.5,15.07,17.64,17.76,,Reverse Holofoil,,W-20
86799,Lillipup,Lillipup,https://tcgplayer-cdn.tcgplayer.com/product/86799_200w.jpg,3,1386,https://cpt.tcgcsv.com/_KJ,2023-01-05T19:12:42.913,1,86/108,Common,Colorless,50,Basic,[1] Tackle (10),[2] Take Down (30) This Pokemon does 10 damage to itself.,Fx2,1,0.01,0.25,2.44,0.27,,Normal,,
86799,Lillipup,Lillipup,https://tcgplayer-cdn.tcgplayer.com/product/86799_200w.jpg,3,1386,https://cpt.tcgcsv.com/_KJ,2023-01-05T19:12:42.913,1,86/108,Common,Colorless,50,Basic,[1] Tackle (10),[2] Take Down (30) This Pokemon does 10 damage to itself.,Fx2,1,0.49,0.72,1.24,0.62,,Reverse Holofoil,,
87493,Minun,Minun,https://tcgplayer-cdn.tcgplayer.com/product/87493_200w.jpg,3,1386,https://cpt.tcgcsv.com/T_J,2025-11-26T03:02:16.58,1,40/108,Common,Lightning,60,Basic,"[1] Negative Ion - During your opponent's next turn, any damage done by attacks from the Defending Pokemon is reduced by 30 (before applying Weakness and Resistance).",[L] Electrishower - This attack does 10 damage to each of your opponent's Pokemon.  (Don't apply Weakness and Resistance for Benched Pokemon.),Fx2,1,2.07,5.7,6.84,4.8,,Normal,,
87493,Minun,Minun,https://tcgplayer-cdn.tcgplayer.com/product/87493_200w.jpg,3,1386,https://cpt.tcgcsv.com/T_J,2025-11-26T03:02:16.58,1,40/108,Common,Lightning,60,Basic,"[1] Negative Ion - During your opponent's next turn, any damage done by attacks from the Defending Pokemon is reduced by 30 (before applying Weakness and Resistance).",[L] Electrishower - This attack does 10 damage to each of your opponent's Pokemon.  (Don't apply Weakness and Resistance for Benched Pokemon.),Fx2,1,6.74,30.0,49.99,8.86,,Reverse Holofoil,,
87676,N (Supporter),N Supporter,https://tcgplayer-cdn.tcgplayer.com/product/87676_200w.jpg,3,1386,https://cpt.tcgcsv.com/x5K,2023-01-05T19:14:57.93,1,96/108,Uncommon,Supporter,,,,,,,1.25,1.81,3.5,1.81,3.0,Normal,"You may play only 1 Supporter card per turn (before your attack).
<br>
<br>Each player shuffles his or her hand into his or her deck.  Then, each player draws a card for each of his or her remaining Prize cards.",
87676,N (Supporter),N Supporter,https://tcgplayer-cdn.tcgplayer.com/product/87676_200w.jpg,3,1386,https://cpt.tcgcsv.com/x5K,2023-01-05T19:14:57.93,1,96/108,Uncommon,Supporter,,,,,,,1.0,2.27,4.99,2.49,,Reverse Holofoil,"You may play only 1 Supporter card per turn (before your attack).
<br>
<br>Each player shuffles his or her hand into his or her deck.  Then, each player draws a card for each of his or her remaining Prize cards.",
87850,Old Amber Aerodactyl,Old Amber Aerodactyl,https://tcgplayer-cdn.tcgplayer.com/product/87850_200w.jpg,3,1386,https://cpt.tcgcsv.com/09K,2025-12-11T00:50:49.247,1,97/108,Uncommon,Item,0,Item,Look at the bottom 7 cards of your deck.  You may reveal an Aerodactyl you find there and put it onto your Bench.  Shuffle the other cards back into your deck.,,,,0.15,0.32,2.28,0.3,,Normal,You may play as many Item cards as you like during your turn (before your attack).,
87850,Old Amber Aerodactyl,Old Amber Aerodactyl,https://tcgplayer-cdn.tcgplayer.com/product/87850_200w.jpg,3,1386,https://cpt.tcgcsv.com/09K,2025-12-11T00:50:49.247,1,97/108,Uncommon,Item,0,Item,Look at the bottom 7 cards of your deck.  You may reveal an Aerodactyl you find there and put it onto your Bench.  Shuffle the other cards back into your deck.,,,,0.34,0.53,2.5,0.57,0.5,Reverse Holofoil,You may play as many Item cards as you like during your turn (before your attack).,
87923,Palpitoad,Palpitoad,https://tcgplayer-cdn.tcgplayer.com/product/87923_200w.jpg,3,1386,https://cpt.tcgcsv.com/tbK,2025-11-24T14:16:02.153,1,32/108,Uncommon,Water,80,Stage 1,"[1W] Bubble Beam (30) Flip a coin.  If heads, the Defending Pokemon is now Paralyzed.",,Gx2,2,0.2,0.29,1.55,0.29,0.2,Normal,,
87923,Palpitoad,Palpitoad,https://tcgplayer-cdn.tcgplayer.com/product/87923_200w.jpg,3,1386,https://cpt.tcgcsv.com/tbK,2025-11-24T14:16:02.153,1,32/108,Uncommon,Water,80,Stage 1,"[1W] Bubble Beam (30) Flip a coin.  If heads, the Defending Pokemon is now Paralyzed.",,Gx2,2,0.39,0.85,1.56,1.31,,Reverse Holofoil,,
87969,Pawniard,Pawniard,https://tcgplayer-cdn.tcgplayer.com/product/87969_200w.jpg,3,1386,https://cpt.tcgcsv.com/pcK,2023-01-05T19:10:12.647,1,78/108,Common,Metal,60,Basic,[2] Scratch (20),[1MM] Metal Claw (40),Rx2,1,0.2,0.3,1.53,0.28,,Normal,,P-20
87969,Pawniard,Pawniard,https://tcgplayer-cdn.tcgplayer.com/product/87969_200w.jpg,3,1386,https://cpt.tcgcsv.com/pcK,2023-01-05T19:10:12.647,1,78/108,Common,Metal,60,Basic,[2] Scratch (20),[1MM] Metal Claw (40),Rx2,1,0.28,0.95,4.54,0.95,,Reverse Holofoil,,P-20
88152,Piplup,Piplup,https://tcgplayer-cdn.tcgplayer.com/product/88152_200w.jpg,3,1386,https://cpt.tcgcsv.com/3hK,2024-07-26T17:16:37.5,1,27/108,Common,Water,60,Basic,[W] Fury Attack (10x) Flip 3 coins.  This attack does 10 damage times the number of heads.,,Lx2,1,0.25,0.54,1.49,0.72,,Normal,,
88152,Piplup,Piplup,https://tcgplayer-cdn.tcgplayer.com/product/88152_200w.jpg,3,1386,https://cpt.tcgcsv.com/3hK,2024-07-26T17:16:37.5,1,27/108,Common,Water,60,Basic,[W] Fury Attack (10x) Flip 3 coins.  This attack does 10 damage times the number of heads.,,Lx2,1,3.32,3.32,3.32,3.21,,Reverse Holofoil,,
88173,Plusle,Plusle,https://tcgplayer-cdn.tcgplayer.com/product/88173_200w.jpg,3,1386,https://cpt.tcgcsv.com/thK,2023-01-05T18:58:37.39,1,39/108,Common,Lightning,60,Basic,"[1] Tag Draw - Shuffle your hand into your deck.  Then, draw 4 cards.  If Minun is on your Bench, draw 4 more cards.","[L] Positive Ion (20+) Flip a coin.  If heads, this attack does 10 more damage.",Fx2,1,2.6,4.49,29.99,3.67,29.99,Normal,,
88173,Plusle,Plusle,https://tcgplayer-cdn.tcgplayer.com/product/88173_200w.jpg,3,1386,https://cpt.tcgcsv.com/thK,2023-01-05T18:58:37.39,1,39/108,Common,Lightning,60,Basic,"[1] Tag Draw - Shuffle your hand into your deck.  Then, draw 4 cards.  If Minun is on your Bench, draw 4 more cards.","[L] Positive Ion (20+) Flip a coin.  If heads, this attack does 10 more damage.",Fx2,1,4.2,5.08,5.95,6.31,,Reverse Holofoil,,
88212,Pokemon Catcher (Gold),Pokemon Catcher Gold,https://tcgplayer-cdn.tcgplayer.com/product/88212_200w.jpg,3,1386,https://cpt.tcgcsv.com/gjK,2023-01-05T19:20:08.033,1,111/108,Secret Rare,Item,0,Item,Switch your opponent's Active Pokemon with 1 of his or her Benched Pokemon.,,,,97.22,119.99,130.0,97.5,92.99,Holofoil,You may play as many Item cards as you like during your turn (before your attack).,
88372,Prinplup,Prinplup,https://tcgplayer-cdn.tcgplayer.com/product/88372_200w.jpg,3,1386,https://cpt.tcgcsv.com/smK,2025-11-10T22:41:03.19,1,28/108,Uncommon,Water,80,Stage 1,[1] Razor Wing (20),[2W] Fury Attack (30x) Flip 3 coins.  This attack does 30 damage times the number of heads.,Lx2,2,0.1,0.47,2.46,0.47,,Normal,,
88372,Prinplup,Prinplup,https://tcgplayer-cdn.tcgplayer.com/product/88372_200w.jpg,3,1386,https://cpt.tcgcsv.com/smK,2025-11-10T22:41:03.19,1,28/108,Uncommon,Water,80,Stage 1,[1] Razor Wing (20),[2W] Fury Attack (30x) Flip 3 coins.  This attack does 30 damage times the number of heads.,Lx2,2,4.44,5.61,7.88,4.13,,Reverse Holofoil,,
88396,Professor Juniper,Professor Juniper,https://tcgplayer-cdn.tcgplayer.com/product/88396_200w.jpg,3,1386,https://cpt.tcgcsv.com/XmK,2023-01-05T19:15:19.66,1,98/108,Uncommon,Supporter,0,Supporter,Discard your hand and draw 7 cards.,,,,0.65,0.83,2.94,0.82,,Normal,You may play only 1 Supporter card per turn (before your attack).,
88396,Professor Juniper,Professor Juniper,https://tcgplayer-cdn.tcgplayer.com/product/88396_200w.jpg,3,1386,https://cpt.tcgcsv.com/XmK,2023-01-05T19:15:19.66,1,98/108,Uncommon,Supporter,0,Supporter,Discard your hand and draw 7 cards.,,,,0.55,1.25,2.24,1.44,,Reverse Holofoil,You may play only 1 Supporter card per turn (before your attack).,
88541,Raikou EX,Raikou EX,https://tcgplayer-cdn.tcgplayer.com/product/88541_200w.jpg,3,1386,https://cpt.tcgcsv.com/RqK,2023-01-05T18:58:31.567,1,38/108,Ultra Rare,Lightning,170,Basic,"[1L] Thunder Fang (30) Flip a coin.  If heads, the Defending Pokemon is now Paralyzed.",[1LL] Volt Bolt - Discard all L Energy attached to this Pokemon.  This attack does 100 damage to 1 of your opponent's Pokemon.  (Don't apply Weakness and Resistance for Benched Pokemon.),Fx2,1,22.84,28.99,54.99,26.68,,Holofoil,,
88542,Raikou EX (105 Full Art),Raikou EX 105 Full Art,https://tcgplayer-cdn.tcgplayer.com/product/88542_200w.jpg,3,1386,https://cpt.tcgcsv.com/SqK,2023-01-05T19:16:50.22,1,105/108,Ultra Rare,Lightning,170,Basic,"[1L] Thunder Fang (30) Flip a coin.  If heads, the Defending Pokemon is now Paralyzed.",[1LL] Volt Bolt - Discard all L Energy attached to this Pokemon.  This attack does 100 damage to 1 of your opponent's Pokemon.  (Don't apply Weakness and Resistance for Benched Pokemon.),Fx2,1,209.0,229.99,799.99,208.5,,Holofoil,,
88573,Random Receiver,Random Receiver,https://tcgplayer-cdn.tcgplayer.com/product/88573_200w.jpg,3,1386,https://cpt.tcgcsv.com/trK,2023-01-05T19:15:32.847,1,99/108,Uncommon,Item,0,Item,Reveal cards from the top of your deck until you reveal a Supporter card.  Put it into your hand.  Shuffle the other cards back into your deck.,,,,0.29,0.41,5.0,0.41,,Normal,You may play as many Item cards as you like during your turn (before your attack).,
88573,Random Receiver,Random Receiver,https://tcgplayer-cdn.tcgplayer.com/product/88573_200w.jpg,3,1386,https://cpt.tcgcsv.com/trK,2023-01-05T19:15:32.847,1,99/108,Uncommon,Item,0,Item,Reveal cards from the top of your deck until you reveal a Supporter card.  Put it into your hand.  Shuffle the other cards back into your deck.,,,,1.14,1.42,1.55,1.48,,Reverse Holofoil,You may play as many Item cards as you like during your turn (before your attack).,
88596,Rare Candy,Rare Candy,https://tcgplayer-cdn.tcgplayer.com/product/88596_200w.jpg,3,1386,https://cpt.tcgcsv.com/XrK,2023-01-05T19:15:42.283,1,100/108,Uncommon,Item,0,Item,"Choose 1 of your Basic Pokemon in play.  If you have a Stage 2 card that evolves from that Pokemon in your hand, put that card on the Basic Pokemon.  (This counts as evolving that Pokemon.) You can't use this card during your first turn or on a Basic Pokemon that was put into play this turn.",,,,0.62,1.15,3.89,1.23,,Normal,You may play as many Item cards as you like during your turn (before your attack).,
88596,Rare Candy,Rare Candy,https://tcgplayer-cdn.tcgplayer.com/product/88596_200w.jpg,3,1386,https://cpt.tcgcsv.com/XrK,2023-01-05T19:15:42.283,1,100/108,Uncommon,Item,0,Item,"Choose 1 of your Basic Pokemon in play.  If you have a Stage 2 card that evolves from that Pokemon in your hand, put that card on the Basic Pokemon.  (This counts as evolving that Pokemon.) You can't use this card during your first turn or on a Basic Pokemon that was put into play this turn.",,,,3.0,3.44,5.13,3.38,,Reverse Holofoil,You may play as many Item cards as you like during your turn (before your attack).,
88855,Sableye,Sableye,https://tcgplayer-cdn.tcgplayer.com/product/88855_200w.jpg,3,1386,https://cpt.tcgcsv.com/7zK,2025-11-10T22:37:55.973,1,62/108,Uncommon,Darkness,70,Basic,"[1] Confuse Ray (10) Flip a coin.  If heads, the Defending Pokemon is now Confused.",[D] Junk Hunt - Put 2 Item cards from your discard pile into your hand.,,1,0.94,1.55,3.89,1.68,,Normal,,
88855,Sableye,Sableye,https://tcgplayer-cdn.tcgplayer.com/product/88855_200w.jpg,3,1386,https://cpt.tcgcsv.com/7zK,2025-11-10T22:37:55.973,1,62/108,Uncommon,Darkness,70,Basic,"[1] Confuse Ray (10) Flip a coin.  If heads, the Defending Pokemon is now Confused.",[D] Junk Hunt - Put 2 Item cards from your discard pile into your hand.,,1,13.99,22.23,25.2,11.54,,Reverse Holofoil,,
88915,Sandile,Sandile,https://tcgplayer-cdn.tcgplayer.com/product/88915_200w.jpg,3,1386,https://cpt.tcgcsv.com/kBK,2023-01-05T19:06:50.71,1,64/108,Common,Darkness,70,Basic,"[1] Sand Dive - Flip a coin.  If heads, prevent all damage done to this Pokemon by attacks during your opponent's next turn.",[2D] Corkscrew Punch (40),Fx2,2,0.01,0.28,1.0,0.28,,Normal,,P-20
88915,Sandile,Sandile,https://tcgplayer-cdn.tcgplayer.com/product/88915_200w.jpg,3,1386,https://cpt.tcgcsv.com/kBK,2023-01-05T19:06:50.71,1,64/108,Common,Darkness,70,Basic,"[1] Sand Dive - Flip a coin.  If heads, prevent all damage done to this Pokemon by attacks during your opponent's next turn.",[2D] Corkscrew Punch (40),Fx2,2,0.37,0.5,0.75,0.72,,Reverse Holofoil,,P-20
88979,Scrafty,Scrafty,https://tcgplayer-cdn.tcgplayer.com/product/88979_200w.jpg,3,1386,https://cpt.tcgcsv.com/CCK,2023-01-05T19:08:22.603,1,68/108,Rare,Darkness,100,Stage 1,[2] Headbutt (30),"[1DD] Crushing Blow (70) Flip a coin.  If heads, discard an Energy attached to the Defending Pokemon.",Fx2,2,0.34,0.5,1.74,0.47,,Normal,,P-20
88979,Scrafty,Scrafty,https://tcgplayer-cdn.tcgplayer.com/product/88979_200w.jpg,3,1386,https://cpt.tcgcsv.com/CCK,2023-01-05T19:08:22.603,1,68/108,Rare,Darkness,100,Stage 1,[2] Headbutt (30),"[1DD] Crushing Blow (70) Flip a coin.  If heads, discard an Energy attached to the Defending Pokemon.",Fx2,2,0.53,2.01,4.99,2.37,,Reverse Holofoil,,P-20
88984,Scraggy,Scraggy,https://tcgplayer-cdn.tcgplayer.com/product/88984_200w.jpg,3,1386,https://cpt.tcgcsv.com/JCK,2024-07-26T17:16:37.703,1,67/108,Common,Darkness,60,Basic,"[1D] Rising Lunge (10+) Flip a coin.  If heads, this attack does 20 more damage.",,Fx2,1,0.13,0.27,2.23,0.3,,Normal,,P-20
88984,Scraggy,Scraggy,https://tcgplayer-cdn.tcgplayer.com/product/88984_200w.jpg,3,1386,https://cpt.tcgcsv.com/JCK,2024-07-26T17:16:37.703,1,67/108,Common,Darkness,60,Basic,"[1D] Rising Lunge (10+) Flip a coin.  If heads, this attack does 20 more damage.",,Fx2,1,0.2,0.4,3.14,0.46,,Reverse Holofoil,,P-20
89005,Scyther,Scyther,https://tcgplayer-cdn.tcgplayer.com/product/89005_200w.jpg,3,1386,https://cpt.tcgcsv.com/7DK,2025-11-26T03:00:36,1,4/108,Uncommon,Grass,80,Basic,[3] Air Slash (60) Discard an Energy attached to this Pokemon.,,Rx2,1,2.0,3.46,43.67,3.64,3.49,Normal,,
89005,Scyther,Scyther,https://tcgplayer-cdn.tcgplayer.com/product/89005_200w.jpg,3,1386,https://cpt.tcgcsv.com/7DK,2025-11-26T03:00:36,1,4/108,Uncommon,Grass,80,Basic,[3] Air Slash (60) Discard an Energy attached to this Pokemon.,,Rx2,1,17.99,44.0,59.99,15.96,,Reverse Holofoil,,
89147,Shelmet,Shelmet,https://tcgplayer-cdn.tcgplayer.com/product/89147_200w.jpg,3,1386,https://cpt.tcgcsv.com/ZGK,2023-01-05T18:53:35.04,1,10/108,Common,Grass,60,Basic,"[GG] Body Slam (20) Flip a coin.  If heads, the Defending Pokemon is now Paralyzed.",,Rx2,3,0.13,0.25,1.0,0.28,,Normal,,
89147,Shelmet,Shelmet,https://tcgplayer-cdn.tcgplayer.com/product/89147_200w.jpg,3,1386,https://cpt.tcgcsv.com/ZGK,2023-01-05T18:53:35.04,1,10/108,Common,Grass,60,Basic,"[GG] Body Slam (20) Flip a coin.  If heads, the Defending Pokemon is now Paralyzed.",,Rx2,3,0.25,0.69,1.66,0.66,,Reverse Holofoil,,
89309,Slowbro,Slowbro,https://tcgplayer-cdn.tcgplayer.com/product/89309_200w.jpg,3,1386,https://cpt.tcgcsv.com/cLK,2025-11-26T02:59:39.61,1,24/108,Uncommon,Water,100,Stage 1,[1W] Lazy Headbutt (80) This Pokemon is now Asleep.,,Lx2,3,0.3,0.78,29.99,0.64,29.99,Normal,"Airhead - If you have 2, 4, or 6 Prize cards left, this Pokemon can't attack.  (Ability)",
89320,Slowking,Slowking,https://tcgplayer-cdn.tcgplayer.com/product/89320_200w.jpg,3,1386,https://cpt.tcgcsv.com/qLK,2023-01-05T19:01:02.253,1,49/108,Rare,Psychic,90,Stage 1,"[P] Psy Bolt (20) Flip a coin.  If heads, the Defending Pokemon is now Paralyzed.","[2P] Hand Press (50+) If you have more cards in your hand than your opponent, this attack does 30 more damage.",Px2,2,1.35,2.6,3.98,1.73,,Normal,,
89335,Slowpoke,Slowpoke,https://tcgplayer-cdn.tcgplayer.com/product/89335_200w.jpg,3,1386,https://cpt.tcgcsv.com/KLK,2023-01-05T18:56:15.18,1,23/108,Common,Water,70,Basic,[1] Big Yawn - Both the Pokemon and the Defending Pokemon are now Asleep.,"[1W] Shot in the Dark (20) Flip 2 coins.  If either of them is tails, this attack does nothing.",Lx2,3,0.58,2.03,24.99,2.15,,Normal,,
89335,Slowpoke,Slowpoke,https://tcgplayer-cdn.tcgplayer.com/product/89335_200w.jpg,3,1386,https://cpt.tcgcsv.com/KLK,2023-01-05T18:56:15.18,1,23/108,Common,Water,70,Basic,[1] Big Yawn - Both the Pokemon and the Defending Pokemon are now Asleep.,"[1W] Shot in the Dark (20) Flip 2 coins.  If either of them is tails, this attack does nothing.",Lx2,3,17.0,20.0,24.99,2.58,,Reverse Holofoil,,
89571,Stoutland,Stoutland,https://tcgplayer-cdn.tcgplayer.com/product/89571_200w.jpg,3,1386,https://cpt.tcgcsv.com/rRK,2023-01-05T19:13:40.34,1,88/108,Rare,Colorless,130,Stage 2,"[3] Special Fang (40+) If this Pokemon has any Special Energy attached to it, this attack does 40 more damage.","[4] Ferocious Bellow (60) During your opponent's next turn, any damage done by attacks from the Defending Pokemon is reduced by 30 (before applying Weakness and Resistance).",Fx2,3,0.41,0.74,3.84,0.74,,Normal,,
89571,Stoutland,Stoutland,https://tcgplayer-cdn.tcgplayer.com/product/89571_200w.jpg,3,1386,https://cpt.tcgcsv.com/rRK,2023-01-05T19:13:40.34,1,88/108,Rare,Colorless,130,Stage 2,"[3] Special Fang (40+) If this Pokemon has any Special Energy attached to it, this attack does 40 more damage.","[4] Ferocious Bellow (60) During your opponent's next turn, any damage done by attacks from the Defending Pokemon is reduced by 30 (before applying Weakness and Resistance).",Fx2,3,1.0,1.32,4.54,1.25,,Reverse Holofoil,,
89686,Swanna,Swanna,https://tcgplayer-cdn.tcgplayer.com/product/89686_200w.jpg,3,1386,https://cpt.tcgcsv.com/LTK,2025-11-26T02:59:02.257,1,36/108,Rare,Water,90,Stage 1,[W] Healing Pirouette - Heal 30 damage from each of your Pokemon.,[1WW] Incessant Peck (60+) Flip a coin until you get tails.  This attack does 20 more damage for each tails.,Lx2,1,0.3,0.61,1.49,0.64,,Normal,,F-20
89686,Swanna,Swanna,https://tcgplayer-cdn.tcgplayer.com/product/89686_200w.jpg,3,1386,https://cpt.tcgcsv.com/LTK,2025-11-26T02:59:02.257,1,36/108,Rare,Water,90,Stage 1,[W] Healing Pirouette - Heal 30 damage from each of your Pokemon.,[1WW] Incessant Peck (60+) Flip a coin until you get tails.  This attack does 20 more damage for each tails.,Lx2,1,1.65,1.95,2.78,2.65,,Reverse Holofoil,,F-20
89915,Timburr,Timburr,https://tcgplayer-cdn.tcgplayer.com/product/89915_200w.jpg,3,1386,https://cpt.tcgcsv.com/k-K,2025-11-26T02:58:03.257,1,58/108,Common,Fighting,60,Basic,[1] Low Kick (10),[2F] Hammer In (30),Px2,1,0.05,0.25,2.28,0.27,0.19,Normal,,
89915,Timburr,Timburr,https://tcgplayer-cdn.tcgplayer.com/product/89915_200w.jpg,3,1386,https://cpt.tcgcsv.com/k-K,2025-11-26T02:58:03.257,1,58/108,Common,Fighting,60,Basic,[1] Low Kick (10),[2F] Hammer In (30),Px2,1,0.5,1.12,1.49,0.99,,Reverse Holofoil,,
89962,Torchic (14),Torchic 14,https://tcgplayer-cdn.tcgplayer.com/product/89962_200w.jpg,3,1386,https://cpt.tcgcsv.com/g_K,2023-01-05T18:54:15.497,1,14/108,Common,Fire,50,Basic,[1R] Reckless Charge (30),,Wx2,1,0.18,0.4,29.99,0.5,0.25,Normal,,
89962,Torchic (14),Torchic 14,https://tcgplayer-cdn.tcgplayer.com/product/89962_200w.jpg,3,1386,https://cpt.tcgcsv.com/g_K,2023-01-05T18:54:15.497,1,14/108,Common,Fire,50,Basic,[1R] Reckless Charge (30),,Wx2,1,0.9,2.45,3.5,3.11,,Reverse Holofoil,,
89963,Torchic (15),Torchic 15,https://tcgplayer-cdn.tcgplayer.com/product/89963_200w.jpg,3,1386,https://cpt.tcgcsv.com/h_K,2023-01-05T18:54:23.513,1,15/108,Common,Fire,60,Basic,[R] Peck (10),[1R] Live Coal (20),Wx2,1,0.27,0.4,1.25,0.39,,Normal,,
89963,Torchic (15),Torchic 15,https://tcgplayer-cdn.tcgplayer.com/product/89963_200w.jpg,3,1386,https://cpt.tcgcsv.com/h_K,2023-01-05T18:54:23.513,1,15/108,Common,Fire,60,Basic,[R] Peck (10),[1R] Live Coal (20),Wx2,1,1.0,1.02,3.93,2.77,,Reverse Holofoil,,
89973,Torkoal,Torkoal,https://tcgplayer-cdn.tcgplayer.com/product/89973_200w.jpg,3,1386,https://cpt.tcgcsv.com/t_K,2024-01-11T19:36:13.567,1,18/108,Uncommon,Fire,90,Basic,"[1] Flame Cloak (10) Flip a coin.  If heads, attach a R Energy card from your discard pile to this Pokemon.",[2R] Heat Blast (60),Wx2,2,0.25,0.47,0.97,0.5,,Normal,,
89973,Torkoal,Torkoal,https://tcgplayer-cdn.tcgplayer.com/product/89973_200w.jpg,3,1386,https://cpt.tcgcsv.com/t_K,2024-01-11T19:36:13.567,1,18/108,Uncommon,Fire,90,Basic,"[1] Flame Cloak (10) Flip a coin.  If heads, attach a R Energy card from your discard pile to this Pokemon.",[2R] Heat Blast (60),Wx2,2,0.41,2.13,3.84,1.06,,Reverse Holofoil,,
89978,Tornadus EX,Tornadus EX,https://tcgplayer-cdn.tcgplayer.com/product/89978_200w.jpg,3,1386,https://cpt.tcgcsv.com/B_K,2023-01-05T19:14:00.96,1,90/108,Ultra Rare,Colorless,170,Basic,"[2] Blow Through (30+) If there is any Stadium card in play, this attack does 30 more damage.","[3] Power Blast (100) Flip a coin.  If tails, discard an Energy attached to this Pokemon.",Lx2,1,5.49,6.21,13.99,9.84,,Holofoil,,F-20
89980,Tornadus EX (108 Full Art),Tornadus EX 108 Full Art,https://tcgplayer-cdn.tcgplayer.com/product/89980_200w.jpg,3,1386,https://cpt.tcgcsv.com/D_K,2025-12-11T00:51:18.183,1,108/108,Ultra Rare,Colorless,170,Basic,"[2] Blow Through (30+) If there is any Stadium card in play, this attack does 30 more damage.","[3] Power Blast (100) Flip a coin.  If tails, discard an Energy attached to this Pokemon.",Lx2,1,65.0,82.49,105.99,99.99,,Holofoil,,F-20
90087,Twist Mountain,Twist Mountain,https://tcgplayer-cdn.tcgplayer.com/product/90087_200w.jpg,3,1386,https://cpt.tcgcsv.com/M2L,2023-01-05T19:16:06.677,1,101/108,Uncommon,Stadium,0,Stadium,"Once during each player's turn, that player may flip a coin.  If heads, the player puts a Restored Pokemon from his or her hand onto his or her Bench.",,,,0.2,0.32,2.35,0.35,,Normal,"This card stays in play when you play it.  Discard this card if another Stadium card comes into play.  If another card with the same name is in play, you can't play this card.",
90087,Twist Mountain,Twist Mountain,https://tcgplayer-cdn.tcgplayer.com/product/90087_200w.jpg,3,1386,https://cpt.tcgcsv.com/M2L,2023-01-05T19:16:06.677,1,101/108,Uncommon,Stadium,0,Stadium,"Once during each player's turn, that player may flip a coin.  If heads, the player puts a Restored Pokemon from his or her hand onto his or her Bench.",,,,0.29,0.55,1.93,0.52,,Reverse Holofoil,"This card stays in play when you play it.  Discard this card if another Stadium card comes into play.  If another card with the same name is in play, you can't play this card.",
90089,Tympole,Tympole,https://tcgplayer-cdn.tcgplayer.com/product/90089_200w.jpg,3,1386,https://cpt.tcgcsv.com/P2L,2023-05-24T09:55:43.16,1,31/108,Common,Water,60,Basic,[1G] Spiral Drain (20) Heal 20 damage from this Pokemon.,,Gx2,1,0.1,0.25,1.0,0.29,,Normal,,
90089,Tympole,Tympole,https://tcgplayer-cdn.tcgplayer.com/product/90089_200w.jpg,3,1386,https://cpt.tcgcsv.com/P2L,2023-05-24T09:55:43.16,1,31/108,Common,Water,60,Basic,[1G] Spiral Drain (20) Heal 20 damage from this Pokemon.,,Gx2,1,0.25,0.64,2.25,0.5,,Reverse Holofoil,,
90095,Tynamo (44),Tynamo 44,https://tcgplayer-cdn.tcgplayer.com/product/90095_200w.jpg,3,1386,https://cpt.tcgcsv.com/W2L,2023-01-05T18:59:54.853,1,44/108,Common,Lightning,40,Basic,"[1] Charge Beam (10) Flip a coin.  If heads, attach an Energy card from your discard pile to this Pokemon.",,Fx2,1,0.12,0.25,2.26,0.26,,Normal,,
90095,Tynamo (44),Tynamo 44,https://tcgplayer-cdn.tcgplayer.com/product/90095_200w.jpg,3,1386,https://cpt.tcgcsv.com/W2L,2023-01-05T18:59:54.853,1,44/108,Common,Lightning,40,Basic,"[1] Charge Beam (10) Flip a coin.  If heads, attach an Energy card from your discard pile to this Pokemon.",,Fx2,1,0.25,0.51,1.07,0.86,,Reverse Holofoil,,
90096,Tynamo (45),Tynamo 45,https://tcgplayer-cdn.tcgplayer.com/product/90096_200w.jpg,3,1386,https://cpt.tcgcsv.com/X2L,2023-01-05T19:00:03.44,1,45/108,Common,Lightning,40,Basic,[L] Spark (10) Does 10 damage to 1 of your opponent's Benched Pokemon.  (Don't apply Weakness and Resistance for Benched Pokemon.),,Fx2,1,0.2,0.31,2.25,0.3,,Normal,,
90096,Tynamo (45),Tynamo 45,https://tcgplayer-cdn.tcgplayer.com/product/90096_200w.jpg,3,1386,https://cpt.tcgcsv.com/X2L,2023-01-05T19:00:03.44,1,45/108,Common,Lightning,40,Basic,[L] Spark (10) Does 10 damage to 1 of your opponent's Benched Pokemon.  (Don't apply Weakness and Resistance for Benched Pokemon.),,Fx2,1,1.49,2.43,4.54,1.75,,Reverse Holofoil,,
90134,Ultra Ball,Ultra Ball,https://tcgplayer-cdn.tcgplayer.com/product/90134_200w.jpg,3,1386,https://cpt.tcgcsv.com/J3L,2023-01-05T19:16:17.29,1,102/108,Uncommon,Item,0,Item,"Discard 2 cards from your hand.  (If you can't discard 2 cards, you can't play this card.)  Search your deck for a Pokemon, reveal it, and put it into your hand.  Shuffle your deck afterward.",,,,0.25,1.04,5.0,1.1,0.68,Normal,You may play as many Item cards as you like during your turn (before your attack).,
90134,Ultra Ball,Ultra Ball,https://tcgplayer-cdn.tcgplayer.com/product/90134_200w.jpg,3,1386,https://cpt.tcgcsv.com/J3L,2023-01-05T19:16:17.29,1,102/108,Uncommon,Item,0,Item,"Discard 2 cards from your hand.  (If you can't discard 2 cards, you can't play this card.)  Search your deck for a Pokemon, reveal it, and put it into your hand.  Shuffle your deck afterward.",,,,8.94,11.0,13.25,10.54,,Reverse Holofoil,You may play as many Item cards as you like during your turn (before your attack).,
90148,Umbreon (60),Umbreon 60,https://tcgplayer-cdn.tcgplayer.com/product/90148_200w.jpg,3,1386,https://cpt.tcgcsv.com/-3L,2025-12-11T00:51:44.46,1,60/108,Uncommon,Darkness,100,Stage 1,[2] Shadow Drain (30) Heal from this Pokemon the same amount of damage you did to the Defending Pokemon.,[2D] Slashing Strike (80),Fx2,2,8.39,13.03,21.97,12.62,,Normal,,P-20
90148,Umbreon (60),Umbreon 60,https://tcgplayer-cdn.tcgplayer.com/product/90148_200w.jpg,3,1386,https://cpt.tcgcsv.com/-3L,2025-12-11T00:51:44.46,1,60/108,Uncommon,Darkness,100,Stage 1,[2] Shadow Drain (30) Heal from this Pokemon the same amount of damage you did to the Defending Pokemon.,[2D] Slashing Strike (80),Fx2,2,29.74,68.98,96.99,69.98,,Reverse Holofoil,,P-20
90149,Umbreon (61),Umbreon 61,https://tcgplayer-cdn.tcgplayer.com/product/90149_200w.jpg,3,1386,https://cpt.tcgcsv.com/_3L,2023-01-05T19:06:02.9,1,61/108,Uncommon,Darkness,100,Stage 1,[1] Confuse Ray (20) The Defending Pokemon is now Confused.,"[2D] Shadow Shutdown (60) Flip 2 coins.  If both of them are heads, discard all Energy attached to the Defending Pokemon.",Fx2,2,5.0,9.13,20.99,13.05,,Normal,,P-20
90149,Umbreon (61),Umbreon 61,https://tcgplayer-cdn.tcgplayer.com/product/90149_200w.jpg,3,1386,https://cpt.tcgcsv.com/_3L,2023-01-05T19:06:02.9,1,61/108,Uncommon,Darkness,100,Stage 1,[1] Confuse Ray (20) The Defending Pokemon is now Confused.,"[2D] Shadow Shutdown (60) Flip 2 coins.  If both of them are heads, discard all Energy attached to the Defending Pokemon.",Fx2,2,24.0,33.45,40.07,37.49,,Reverse Holofoil,,P-20
90265,Vanillish,Vanillish,https://tcgplayer-cdn.tcgplayer.com/product/90265_200w.jpg,3,1386,https://cpt.tcgcsv.com/k7L,2023-01-05T18:57:59.76,1,34/108,Uncommon,Water,70,Stage 1,[W] Triple Spin (20x) Flip 3 coins.  This attack does 20 damage times the number of heads.,[2W] Frost Breath (50),Mx2,1,0.26,0.44,2.37,0.52,,Normal,,
90265,Vanillish,Vanillish,https://tcgplayer-cdn.tcgplayer.com/product/90265_200w.jpg,3,1386,https://cpt.tcgcsv.com/k7L,2023-01-05T18:57:59.76,1,34/108,Uncommon,Water,70,Stage 1,[W] Triple Spin (20x) Flip 3 coins.  This attack does 20 damage times the number of heads.,[2W] Frost Breath (50),Mx2,1,0.68,1.0,1.4,1.07,,Reverse Holofoil,,
90270,Vanillite,Vanillite,https://tcgplayer-cdn.tcgplayer.com/product/90270_200w.jpg,3,1386,https://cpt.tcgcsv.com/q7L,2023-01-05T18:57:51.937,1,33/108,Common,Water,50,Basic,[1] Double Spin (10x) Flip 2 coins.  This attack does 10 damage times the number of heads.,,Mx2,1,0.15,0.25,2.99,0.32,,Normal,,
90270,Vanillite,Vanillite,https://tcgplayer-cdn.tcgplayer.com/product/90270_200w.jpg,3,1386,https://cpt.tcgcsv.com/q7L,2023-01-05T18:57:51.937,1,33/108,Common,Water,50,Basic,[1] Double Spin (10x) Flip 2 coins.  This attack does 10 damage times the number of heads.,,Mx2,1,0.33,0.68,2.25,0.62,0.5,Reverse Holofoil,,
90288,Vaporeon,Vaporeon,https://tcgplayer-cdn.tcgplayer.com/product/90288_200w.jpg,3,1386,https://cpt.tcgcsv.com/N7L,2023-01-05T18:56:33.22,1,25/108,Uncommon,Water,110,Stage 1,[1] Muddy Water (20) Does 20 damage to 1 of your opponent's Benched Pokemon.  (Don't apply Weakness and Resistance for Benched Pokemon.),[2W] Spiral Drain (60 Heal 20 damage from this Pokemon.,Lx2,2,3.75,5.07,7.97,5.5,,Normal,,
90322,Venusaur,Venusaur,https://tcgplayer-cdn.tcgplayer.com/product/90322_200w.jpg,3,1386,https://cpt.tcgcsv.com/s8L,2024-02-15T14:34:13.41,1,3/108,Holo Rare,Grass,140,Stage 2,[2GG] Poison Powder (70) The Defending Pokemon is now Poisoned.,,Rx2,4,5.0,9.24,59.95,6.36,,Holofoil,"Floral Scent - Once during your turn (before your attack), you may search your deck for a Pokemon, reveal it, and put it into your hand.  Shuffle your deck afterward.  (Ability)",W-20
90322,Venusaur,Venusaur,https://tcgplayer-cdn.tcgplayer.com/product/90322_200w.jpg,3,1386,https://cpt.tcgcsv.com/s8L,2024-02-15T14:34:13.41,1,3/108,Holo Rare,Grass,140,Stage 2,[2GG] Poison Powder (70) The Defending Pokemon is now Poisoned.,,Rx2,4,27.82,33.31,38.21,28.0,,Reverse Holofoil,"Floral Scent - Once during your turn (before your attack), you may search your deck for a Pokemon, reveal it, and put it into your hand.  Shuffle your deck afterward.  (Ability)",W-20
90404,Volcarona,Volcarona,https://tcgplayer-cdn.tcgplayer.com/product/90404_200w.jpg,3,1386,https://cpt.tcgcsv.com/6bL,2023-01-05T18:56:06.74,1,22/108,Holo Rare,Fire,110,Stage 1,"[2R] Burning Wind (70) You may discard an Energy attached to this Pokemon.  If you do, the Defending Pokemon is now Burned.",,Wx2,3,1.09,1.75,5.24,1.56,,Holofoil,Scorching Scales - Put 4 damage counters instead of 2 on your opponent's Burned Pokemon between turns.  (Ability),
90404,Volcarona,Volcarona,https://tcgplayer-cdn.tcgplayer.com/product/90404_200w.jpg,3,1386,https://cpt.tcgcsv.com/6bL,2023-01-05T18:56:06.74,1,22/108,Holo Rare,Fire,110,Stage 1,"[2R] Burning Wind (70) You may discard an Energy attached to this Pokemon.  If you do, the Defending Pokemon is now Burned.",,Wx2,3,1.98,2.14,4.44,2.34,,Reverse Holofoil,Scorching Scales - Put 4 damage counters instead of 2 on your opponent's Burned Pokemon between turns.  (Ability),
90430,Vullaby,Vullaby,https://tcgplayer-cdn.tcgplayer.com/product/90430_200w.jpg,3,1386,https://cpt.tcgcsv.com/DbL,2023-01-05T19:09:15.607,1,73/108,Uncommon,Darkness,60,Basic,[D] Whirlwind (10) Your opponent switches the Defending Pokemon with 1 of his or her Benched Pokemon.,,Lx2,1,0.1,0.3,0.75,0.31,,Normal,,F-20
90430,Vullaby,Vullaby,https://tcgplayer-cdn.tcgplayer.com/product/90430_200w.jpg,3,1386,https://cpt.tcgcsv.com/DbL,2023-01-05T19:09:15.607,1,73/108,Uncommon,Darkness,60,Basic,[D] Whirlwind (10) Your opponent switches the Defending Pokemon with 1 of his or her Benched Pokemon.,,Lx2,1,0.5,1.77,5.59,1.78,,Reverse Holofoil,,F-20
90626,Woobat,Woobat,https://tcgplayer-cdn.tcgplayer.com/product/90626_200w.jpg,3,1386,https://cpt.tcgcsv.com/xgL,2023-01-05T19:01:59.48,1,50/108,Common,Psychic,50,Basic,"[P] Supersonic - Flip a coin.  If heads, the Defending Pokemon is now Confused.",[1P] Heart Stamp (20),Lx2,1,0.08,0.25,1.0,0.29,,Normal,,F-20
90626,Woobat,Woobat,https://tcgplayer-cdn.tcgplayer.com/product/90626_200w.jpg,3,1386,https://cpt.tcgcsv.com/xgL,2023-01-05T19:01:59.48,1,50/108,Common,Psychic,50,Basic,"[P] Supersonic - Flip a coin.  If heads, the Defending Pokemon is now Confused.",[1P] Heart Stamp (20),Lx2,1,0.65,0.88,4.54,0.9,,Reverse Holofoil,,F-20
90677,Yamask,Yamask,https://tcgplayer-cdn.tcgplayer.com/product/90677_200w.jpg,3,1386,https://cpt.tcgcsv.com/zhL,2025-11-10T22:20:56.54,1,51/108,Uncommon,Psychic,60,Basic,"[1] Astonish (10) Flip a coin.  If heads, choose a card at random from your opponent's hand.  Your opponent reveals that card and shuffles it into his or her deck.",,Dx2,1,0.2,0.33,0.75,0.36,0.3,Normal,,
90677,Yamask,Yamask,https://tcgplayer-cdn.tcgplayer.com/product/90677_200w.jpg,3,1386,https://cpt.tcgcsv.com/zhL,2025-11-10T22:20:56.54,1,51/108,Uncommon,Psychic,60,Basic,"[1] Astonish (10) Flip a coin.  If heads, choose a card at random from your opponent's hand.  Your opponent reveals that card and shuffles it into his or her deck.",,Dx2,1,1.65,2.35,6.29,2.0,,Reverse Holofoil,,
90754,Zoroark,Zoroark,https://tcgplayer-cdn.tcgplayer.com/product/90754_200w.jpg,3,1386,https://cpt.tcgcsv.com/6kL,2023-01-05T19:08:55.053,1,71/108,Rare,Darkness,100,Stage 1,[2] Brutal Bash (20x) Does 20 damage times the number of D Pokemon you have in play.,[DD] Dark Rush (20x) Does 20 damage times the number of damage counters on this Pokemon.,Fx2,2,0.84,1.06,2.99,1.07,,Normal,,P-20
90754,Zoroark,Zoroark,https://tcgplayer-cdn.tcgplayer.com/product/90754_200w.jpg,3,1386,https://cpt.tcgcsv.com/6kL,2023-01-05T19:08:55.053,1,71/108,Rare,Darkness,100,Stage 1,[2] Brutal Bash (20x) Does 20 damage times the number of D Pokemon you have in play.,[DD] Dark Rush (20x) Does 20 damage times the number of damage counters on this Pokemon.,Fx2,2,2.34,3.96,5.24,3.45,,Reverse Holofoil,,P-20
90761,Zorua (69),Zorua 69,https://tcgplayer-cdn.tcgplayer.com/product/90761_200w.jpg,3,1386,https://cpt.tcgcsv.com/fkL,2023-01-05T19:08:32.957,1,69/108,Common,Darkness,50,Basic,[D] Ascension - Search your deck for a card that evolves from this Pokemon and put it onto this Pokemon.  (This counts as evolving this Pokemon.)  Shuffle your deck afterward.,[2] Scratch (20),Fx2,1,0.39,1.07,2.4,1.25,,Normal,,P-20
90762,Zorua (70),Zorua 70,https://tcgplayer-cdn.tcgplayer.com/product/90762_200w.jpg,3,1386,https://cpt.tcgcsv.com/gkL,2024-11-06T10:44:12.33,1,70/108,Common,Darkness,60,Basic,"[1] Paralyzing Gaze - Flip a coin.  If heads, the Defending Pokemon is now Paralyzed.",[1D] Shadow Bind (20) The Defending Pokemon can't retreat during your opponent's next turn.,Fx2,1,0.45,0.98,3.99,1.09,0.88,Normal,,P-20
90762,Zorua (70),Zorua 70,https://tcgplayer-cdn.tcgplayer.com/product/90762_200w.jpg,3,1386,https://cpt.tcgcsv.com/gkL,2024-11-06T10:44:12.33,1,70/108,Common,Darkness,60,Basic,"[1] Paralyzing Gaze - Flip a coin.  If heads, the Defending Pokemon is now Paralyzed.",[1D] Shadow Bind (20) The Defending Pokemon can't retreat during your opponent's next turn.,Fx2,1,4.0,8.09,9.97,6.73,,Reverse Holofoil,,P-20
98520,Dark Explorers Booster Box,Dark Explorers Booster Box,https://tcgplayer-cdn.tcgplayer.com/product/98520_200w.jpg,3,1386,https://cpt.tcgcsv.com/qqP,2015-05-06T13:01:22.37,1,,,,,,,,,,,,,,,,,
98521,Dark Explorers Booster Pack,Dark Explorers Booster Pack,https://tcgplayer-cdn.tcgplayer.com/product/98521_200w.jpg,3,1386,https://cpt.tcgcsv.com/rqP,2017-07-03T14:00:53.65,1,,,,,,,,,,299.99,325.0,349.99,,,Normal,,
280552,Code Card - Dark Explorers Booster Pack,Code Card Dark Explorers Booster Pack,https://tcgplayer-cdn.tcgplayer.com/product/280552_200w.jpg,3,1386,https://cpt.tcgcsv.com/3fg3,2022-07-27T20:52:43.09,1,,Code Card,,,,,,,,0.99,1.0,2.5,,,Normal,"This listing is <strong>not</strong> a physical item. Please keep in mind that this <strong>Code Card</strong> listing represents a digital copy of the stated item for the Pokmon TCG Online <strong>and/or</strong> the Pokmon TCG Live games. You may receive the physical <strong>Code Card</strong>. Upon purchase, please work with your specific Seller by sending them a message using the <strong>Contact Seller</strong> button on the order details in your <a href=https://store.tcgplayer.com/myaccount/orderhistory>Order History</a> to opt in to having your <strong>Code Card</strong> code delivered digitally due to the nature of the product.",
477179,Dark Explorers 3 Pack Blister [Luxray],Dark Explorers 3 Pack Blister Luxray,https://tcgplayer-cdn.tcgplayer.com/product/477179_200w.jpg,3,1386,https://cpt.tcgcsv.com/CTQ5,2023-01-02T18:54:23.69,1,,,,,,,,,,,,,,,,"Each 3 Pack blister comes with 3 Dark Explorers booster packs, 1 coin, and a promotional card of Luxray.",
477180,Dark Explorers 3 Pack Blister [Krookodile],Dark Explorers 3 Pack Blister Krookodile,https://tcgplayer-cdn.tcgplayer.com/product/477180_200w.jpg,3,1386,https://cpt.tcgcsv.com/DTQ5,2023-01-02T18:55:38.94,1,,,,,,,,,,,,,,,,"Each 3 Pack blister comes with 3 Dark Explorers booster packs, 1 coin, and a promotional card of Krookodile.",
647766,Dark Explorers Sampling Pack,Dark Explorers Sampling Pack,https://tcgplayer-cdn.tcgplayer.com/product/647766_200w.jpg,3,1386,https://cpt.tcgcsv.com/l7c7,2025-08-06T14:45:32.667,0,,,,,,,,,,,,,,,,Each Dark Explorers Fun Pack contains 3 random cards.,
