productId,name,cleanName,imageUrl,categoryId,groupId,url,modifiedOn,imageCount,extNumber,extRarity,extHP,extStage,extAttack1,extAttack2,extWeakness,extResistance,extRetreatCost,lowPrice,midPrice,highPrice,marketPrice,directLowPrice,subTypeName,extCardText,extCardType
83455,Absol (Team Plasma),Absol Team Plasma,https://tcgplayer-cdn.tcgplayer.com/product/83455_200w.jpg,3,1382,https://cpt.tcgcsv.com/7pH,2023-07-18T13:31:19.39,1,67/116,Holo Rare,100,Basic,[1D] Mind Jack (20+) Does 20 more damage for each of your opponent's Benched Pokemon.,[2D] Fearsome Shadow (60) Your opponent reveals his or her hand.,Fx2,P-20,1,8.35,14.09,19.99,13.34,,Holofoil,,
83455,Absol (Team Plasma),Absol Team Plasma,https://tcgplayer-cdn.tcgplayer.com/product/83455_200w.jpg,3,1382,https://cpt.tcgcsv.com/7pH,2023-07-18T13:31:19.39,1,67/116,Holo Rare,100,Basic,[1D] Mind Jack (20+) Does 20 more damage for each of your opponent's Benched Pokemon.,[2D] Fearsome Shadow (60) Your opponent reveals his or her hand.,Fx2,P-20,1,10.0,18.68,39.99,11.78,,Reverse Holofoil,,
83773,Beedrill,Beedrill,https://tcgplayer-cdn.tcgplayer.com/product/83773_200w.jpg,3,1382,https://cpt.tcgcsv.com/twH,2023-01-10T15:52:21.693,1,3/116,Rare,120,Stage 2,"[G] Swift Sting (20+) If this Pokemon has full HP, this attack does 40 more damage, and the Defending Pokemon is now Confused and Poisoned.",[3] Pierce (60),Rx2,,0,0.25,0.56,2.28,1.04,,Normal,,
83773,Beedrill,Beedrill,https://tcgplayer-cdn.tcgplayer.com/product/83773_200w.jpg,3,1382,https://cpt.tcgcsv.com/twH,2023-01-10T15:52:21.693,1,3/116,Rare,120,Stage 2,"[G] Swift Sting (20+) If this Pokemon has full HP, this attack does 40 more damage, and the Defending Pokemon is now Confused and Poisoned.",[3] Pierce (60),Rx2,,0,1.07,1.39,4.0,1.46,,Reverse Holofoil,,
83793,Beldum,Beldum,https://tcgplayer-cdn.tcgplayer.com/product/83793_200w.jpg,3,1382,https://cpt.tcgcsv.com/TwH,2025-11-21T15:25:31.483,1,50/116,Common,60,Basic,[1] Calculate - Look at the top 4 cards of your deck and put them back on top of your deck in any order.,[1P] Psypunch (20),Px2,,1,0.09,0.25,5.0,0.26,0.2,Normal,,
83793,Beldum,Beldum,https://tcgplayer-cdn.tcgplayer.com/product/83793_200w.jpg,3,1382,https://cpt.tcgcsv.com/TwH,2025-11-21T15:25:31.483,1,50/116,Common,60,Basic,[1] Calculate - Look at the top 4 cards of your deck and put them back on top of your deck in any order.,[1P] Psypunch (20),Px2,,1,0.39,0.7,5.0,0.77,,Reverse Holofoil,,
83848,Bisharp (Team Plasma) (73),Bisharp Team Plasma 73,https://tcgplayer-cdn.tcgplayer.com/product/83848_200w.jpg,3,1382,https://cpt.tcgcsv.com/-xH,2025-11-21T15:26:25.61,1,73/116,Rare,100,Stage 1,[1] Slash (40),"[1DD] Dragon Slayer (80+) If the Defending Pokemon is a Dragon Pokemon, this attack does 40 more damage.",Fx2,P-20,1,0.5,0.78,5.0,0.99,0.69,Normal,,
83848,Bisharp (Team Plasma) (73),Bisharp Team Plasma 73,https://tcgplayer-cdn.tcgplayer.com/product/83848_200w.jpg,3,1382,https://cpt.tcgcsv.com/-xH,2025-11-21T15:26:25.61,1,73/116,Rare,100,Stage 1,[1] Slash (40),"[1DD] Dragon Slayer (80+) If the Defending Pokemon is a Dragon Pokemon, this attack does 40 more damage.",Fx2,P-20,1,0.85,1.97,6.0,1.85,,Reverse Holofoil,,
83849,Bisharp (Team Plasma) (74),Bisharp Team Plasma 74,https://tcgplayer-cdn.tcgplayer.com/product/83849_200w.jpg,3,1382,https://cpt.tcgcsv.com/_xH,2025-12-04T05:28:46.31,1,74/116,Uncommon,90,Stage 1,"[2] Cut Down (30) Flip a coin.  If heads, discard an Energy attached to the Defending Pokemon.",[2D] Slicing Blade (70),Fx2,P-20,1,0.1,0.41,5.0,0.43,,Normal,,
83849,Bisharp (Team Plasma) (74),Bisharp Team Plasma 74,https://tcgplayer-cdn.tcgplayer.com/product/83849_200w.jpg,3,1382,https://cpt.tcgcsv.com/_xH,2025-12-04T05:28:46.31,1,74/116,Uncommon,90,Stage 1,"[2] Cut Down (30) Flip a coin.  If heads, discard an Energy attached to the Defending Pokemon.",[2D] Slicing Blade (70),Fx2,P-20,1,0.85,2.01,6.0,1.84,,Reverse Holofoil,,
84077,Cacnea,Cacnea,https://tcgplayer-cdn.tcgplayer.com/product/84077_200w.jpg,3,1382,https://cpt.tcgcsv.com/zFH,2023-01-10T15:53:19.92,1,9/116,Common,70,Basic,"[G] Poison Sting - Flip a coin.  If heads, the Defending Pokemon is now Poisoned.",,Rx2,W-20,2,0.1,0.25,1.49,0.29,,Normal,,
84077,Cacnea,Cacnea,https://tcgplayer-cdn.tcgplayer.com/product/84077_200w.jpg,3,1382,https://cpt.tcgcsv.com/zFH,2023-01-10T15:53:19.92,1,9/116,Common,70,Basic,"[G] Poison Sting - Flip a coin.  If heads, the Defending Pokemon is now Poisoned.",,Rx2,W-20,2,0.2,0.5,3.75,0.52,,Reverse Holofoil,,
84082,Cacturne,Cacturne,https://tcgplayer-cdn.tcgplayer.com/product/84082_200w.jpg,3,1382,https://cpt.tcgcsv.com/GFH,2023-01-10T15:53:28.89,1,10/116,Rare,90,Stage 1,[G] Rapid-Fire Needles (60) Does 30 damage to 1 of your Pokemon.  (Don't apply Weakness and Resistance for Benched Pokemon.),"[1G] Payback (30+) If your opponent has only 1 Prize card left, this attack does 60 more damage and discard and Energy attached to the Defending Pokemon.",Rx2,W-20,1,0.22,0.47,2.0,0.39,,Normal,,
84082,Cacturne,Cacturne,https://tcgplayer-cdn.tcgplayer.com/product/84082_200w.jpg,3,1382,https://cpt.tcgcsv.com/GFH,2023-01-10T15:53:28.89,1,10/116,Rare,90,Stage 1,[G] Rapid-Fire Needles (60) Does 30 damage to 1 of your Pokemon.  (Don't apply Weakness and Resistance for Benched Pokemon.),"[1G] Payback (30+) If your opponent has only 1 Prize card left, this attack does 60 more damage and discard and Energy attached to the Defending Pokemon.",Rx2,W-20,1,0.49,0.99,29.99,1.09,29.99,Reverse Holofoil,,
84167,Chandelure (Team Plasma),Chandelure Team Plasma,https://tcgplayer-cdn.tcgplayer.com/product/84167_200w.jpg,3,1382,https://cpt.tcgcsv.com/mHH,2023-01-10T15:54:32.243,1,16/116,Holo Rare,130,Stage 2,[1RR] Absorb Life (70) Heal 30 damage from this Pokemon.,,Wx2,,2,3.0,4.03,19.99,3.55,,Holofoil,"Flare Navigate - Once during your turn (before your attack), you may search your deck for a R Energy card and attach it to 1 of your Pokemon.  If you do, put 1 damage counter on that Pokemon.  Shuffle your deck afterward.  (Ability)",
84167,Chandelure (Team Plasma),Chandelure Team Plasma,https://tcgplayer-cdn.tcgplayer.com/product/84167_200w.jpg,3,1382,https://cpt.tcgcsv.com/mHH,2023-01-10T15:54:32.243,1,16/116,Holo Rare,130,Stage 2,[1RR] Absorb Life (70) Heal 30 damage from this Pokemon.,,Wx2,,2,2.32,5.26,10.0,6.05,,Reverse Holofoil,"Flare Navigate - Once during your turn (before your attack), you may search your deck for a R Energy card and attach it to 1 of your Pokemon.  If you do, put 1 damage counter on that Pokemon.  Shuffle your deck afterward.  (Ability)",
84312,Chinchou,Chinchou,https://tcgplayer-cdn.tcgplayer.com/product/84312_200w.jpg,3,1382,https://cpt.tcgcsv.com/gLH,2023-01-10T15:59:31.067,1,35/116,Common,70,Basic,[1L] Static Shock (20),,Fx2,,2,0.05,0.24,1.49,0.22,,Normal,,
84312,Chinchou,Chinchou,https://tcgplayer-cdn.tcgplayer.com/product/84312_200w.jpg,3,1382,https://cpt.tcgcsv.com/gLH,2023-01-10T15:59:31.067,1,35/116,Common,70,Basic,[1L] Static Shock (20),,Fx2,,2,0.26,0.5,2.0,0.8,,Reverse Holofoil,,
84387,Cofagrigus (Team Plasma) (56),Cofagrigus Team Plasma 56,https://tcgplayer-cdn.tcgplayer.com/product/84387_200w.jpg,3,1382,https://cpt.tcgcsv.com/MMH,2023-03-23T12:50:19.49,1,56/116,Holo Rare,100,Stage 1,"[1PP] Slap of Misfortune (70) Whenever your opponent flips a coin during his or here next turn, treat it as tails.",,Dx2,,2,1.3,3.98,9.99,4.84,,Holofoil,"Six Feet Under - Once during your turn (before your attack), you may Knock Out this Pokemon.  If you do, put 3 damage counters on your opponent's Pokemon in any way you like.  (Ability)",
84387,Cofagrigus (Team Plasma) (56),Cofagrigus Team Plasma 56,https://tcgplayer-cdn.tcgplayer.com/product/84387_200w.jpg,3,1382,https://cpt.tcgcsv.com/MMH,2023-03-23T12:50:19.49,1,56/116,Holo Rare,100,Stage 1,"[1PP] Slap of Misfortune (70) Whenever your opponent flips a coin during his or here next turn, treat it as tails.",,Dx2,,2,2.1,7.19,990.0,7.99,,Reverse Holofoil,"Six Feet Under - Once during your turn (before your attack), you may Knock Out this Pokemon.  If you do, put 3 damage counters on your opponent's Pokemon in any way you like.  (Ability)",
84388,Cofagrigus (Team Plasma) (57),Cofagrigus Team Plasma 57,https://tcgplayer-cdn.tcgplayer.com/product/84388_200w.jpg,3,1382,https://cpt.tcgcsv.com/NMH,2023-01-10T16:03:32.237,1,57/116,Rare,100,Stage 1,[1] Elongating Arms - This attack does 30 damage to 1 of your opponent's Pokemon.  (Don't apply Weakness and Resistance for Benched Pokemon.),[2P] Crazy Slap (40x) Flip 4 coins.  This attack does 40 damage times the number of heads.,Dx2,,2,0.33,1.44,3.75,1.56,,Normal,,
84388,Cofagrigus (Team Plasma) (57),Cofagrigus Team Plasma 57,https://tcgplayer-cdn.tcgplayer.com/product/84388_200w.jpg,3,1382,https://cpt.tcgcsv.com/NMH,2023-01-10T16:03:32.237,1,57/116,Rare,100,Stage 1,[1] Elongating Arms - This attack does 30 damage to 1 of your opponent's Pokemon.  (Don't apply Weakness and Resistance for Benched Pokemon.),[2P] Crazy Slap (40x) Flip 4 coins.  This attack does 40 damage times the number of heads.,Dx2,,2,1.99,2.82,10.0,4.63,,Reverse Holofoil,,
84515,Cryogonal (Team Plasma),Cryogonal Team Plasma,https://tcgplayer-cdn.tcgplayer.com/product/84515_200w.jpg,3,1382,https://cpt.tcgcsv.com/kQH,2025-12-04T05:34:56.003,1,30/116,Uncommon,80,Basic,"[1] Call Sign - Search your deck for a W Pokemon, reveal it, and put it into your hand.  Shuffle your deck afterward.",[W] Cryofreeze (10) Discard an Energy attached to this Pokemon.  The Defending Pokemon can't attack during your opponent's next turn.,Mx2,,1,0.09,0.35,2.27,0.36,,Normal,,
84515,Cryogonal (Team Plasma),Cryogonal Team Plasma,https://tcgplayer-cdn.tcgplayer.com/product/84515_200w.jpg,3,1382,https://cpt.tcgcsv.com/kQH,2025-12-04T05:34:56.003,1,30/116,Uncommon,80,Basic,"[1] Call Sign - Search your deck for a W Pokemon, reveal it, and put it into your hand.  Shuffle your deck afterward.",[W] Cryofreeze (10) Discard an Energy attached to this Pokemon.  The Defending Pokemon can't attack during your opponent's next turn.,Mx2,,1,0.65,1.5,10.0,2.26,,Reverse Holofoil,,
84731,Deino (75),Deino 75,https://tcgplayer-cdn.tcgplayer.com/product/84731_200w.jpg,3,1382,https://cpt.tcgcsv.com/FVH,2023-01-10T16:10:08.67,1,75/116,Common,60,Basic,[1D] Push Down (20) Your opponent switches the Defending Pokemon with 1 of his or her Benched Pokemon.,[2D] Bite (30),Fx2,P-20,2,0.13,0.32,5.0,0.32,0.4,Normal,,
84731,Deino (75),Deino 75,https://tcgplayer-cdn.tcgplayer.com/product/84731_200w.jpg,3,1382,https://cpt.tcgcsv.com/FVH,2023-01-10T16:10:08.67,1,75/116,Common,60,Basic,[1D] Push Down (20) Your opponent switches the Defending Pokemon with 1 of his or her Benched Pokemon.,[2D] Bite (30),Fx2,P-20,2,0.25,0.88,6.0,0.78,,Reverse Holofoil,,
84732,Deino (76),Deino 76,https://tcgplayer-cdn.tcgplayer.com/product/84732_200w.jpg,3,1382,https://cpt.tcgcsv.com/GVH,2025-02-05T21:12:08.147,1,76/116,Common,60,Basic,[2] Slam (20x) Flip 2 coins.  This attack does 20 damage times the number of heads.,,Fx2,P-20,2,0.07,0.27,1.5,0.31,,Normal,,
84732,Deino (76),Deino 76,https://tcgplayer-cdn.tcgplayer.com/product/84732_200w.jpg,3,1382,https://cpt.tcgcsv.com/GVH,2025-02-05T21:12:08.147,1,76/116,Common,60,Basic,[2] Slam (20x) Flip 2 coins.  This attack does 20 damage times the number of heads.,,Fx2,P-20,2,0.33,0.8,3.12,0.86,,Reverse Holofoil,,
84775,Deoxys EX (Team Plasma),Deoxys EX Team Plasma,https://tcgplayer-cdn.tcgplayer.com/product/84775_200w.jpg,3,1382,https://cpt.tcgcsv.com/wWH,2023-01-10T16:03:01.383,1,53/116,Ultra Rare,170,Basic,"[1P] Helix Force (30+) If this Pokemon has any Plasma Energy attached to it, this attack does 30 more damage for each Energy attached to the Defending Pokemon.",,Px2,,2,13.9,15.8,25.56,28.4,,Holofoil,Power Connect - Your Team Plasma Pokemon's attacks (excluding Deoxys-EX) do 10 more damage to the Active Pokemon (before applying Weakness and Resistance).  (Ability),
84777,Deoxys EX (Team Plasma) (Full Art),Deoxys EX Team Plasma Full Art,https://tcgplayer-cdn.tcgplayer.com/product/84777_200w.jpg,3,1382,https://cpt.tcgcsv.com/zWH,2023-01-10T16:15:39.4,1,111/116,Ultra Rare,170,Basic,"[1P] Helix Force (30+) If this Pokemon has any Plasma Energy attached to it, this attack does 30 more damage for each Energy attached to the Defending Pokemon.",,Px2,,2,220.0,389.85,888.98,397.5,469.99,Holofoil,Power Connect - Your Team Plasma Pokemon's attacks (excluding Deoxys-EX) do 10 more damage to the Active Pokemon (before applying Weakness and Resistance).  (Ability),Psychic
84904,Dragonair,Dragonair,https://tcgplayer-cdn.tcgplayer.com/product/84904_200w.jpg,3,1382,https://cpt.tcgcsv.com/6-H,2023-01-10T16:11:35.137,1,82/116,Uncommon,70,Stage 1,"[L] Wrap (20) Flip a coin.  If heads, the Defending Pokemon is now Paralyzed.",[2G] Tail Smack (50),Ox2,,1,0.88,1.49,4.99,1.42,1.27,Normal,,
84904,Dragonair,Dragonair,https://tcgplayer-cdn.tcgplayer.com/product/84904_200w.jpg,3,1382,https://cpt.tcgcsv.com/6-H,2023-01-10T16:11:35.137,1,82/116,Uncommon,70,Stage 1,"[L] Wrap (20) Flip a coin.  If heads, the Defending Pokemon is now Paralyzed.",[2G] Tail Smack (50),Ox2,,1,4.19,6.37,15.0,6.66,,Reverse Holofoil,,
84916,Dragonite,Dragonite,https://tcgplayer-cdn.tcgplayer.com/product/84916_200w.jpg,3,1382,https://cpt.tcgcsv.com/l-H,2026-01-06T16:49:40.007,1,83/116,Holo Rare,150,Stage 2,[3] Deafen (60) Your opponent can't play any Item cards from his or her hand during his or her next turn.,[2GL] Healwing (90) Heal 30 damage from this Pokemon.,Ox2,,3,18.97,30.0,99.99,18.97,,Holofoil,,
84916,Dragonite,Dragonite,https://tcgplayer-cdn.tcgplayer.com/product/84916_200w.jpg,3,1382,https://cpt.tcgcsv.com/l-H,2026-01-06T16:49:40.007,1,83/116,Holo Rare,150,Stage 2,[3] Deafen (60) Your opponent can't play any Item cards from his or her hand during his or her next turn.,[2GL] Healwing (90) Heal 30 damage from this Pokemon.,Ox2,,3,17.15,29.99,50.0,25.31,,Reverse Holofoil,,
84939,Dratini,Dratini,https://tcgplayer-cdn.tcgplayer.com/product/84939_200w.jpg,3,1382,https://cpt.tcgcsv.com/P-H,2023-01-10T16:11:26.827,1,81/116,Common,50,Basic,[G] Shed Skin - Heal 20 damage from this Pokemon.,[1L] Tail Smack (20),Ox2,,1,0.13,0.37,5.0,0.4,,Normal,,
84939,Dratini,Dratini,https://tcgplayer-cdn.tcgplayer.com/product/84939_200w.jpg,3,1382,https://cpt.tcgcsv.com/P-H,2023-01-10T16:11:26.827,1,81/116,Common,50,Basic,[G] Shed Skin - Heal 20 damage from this Pokemon.,[1L] Tail Smack (20),Ox2,,1,1.64,5.99,15.0,6.5,,Reverse Holofoil,,
85092,Eevee (89),Eevee 89,https://tcgplayer-cdn.tcgplayer.com/product/85092_200w.jpg,3,1382,https://cpt.tcgcsv.com/S2J,2025-12-04T05:35:55.467,1,89/116,Common,60,Basic,"[1] Growl - During your opponent's next turn, any damage done by attacks from the Defending Pokemon is reduced by 20 (before applying Weakness and Resistance).","[2] Quick Attack (10+) Flip a coin.  If heads, this attack does 10 more damage.",Fx2,,1,0.29,0.75,4.39,0.88,0.5,Normal,,
85092,Eevee (89),Eevee 89,https://tcgplayer-cdn.tcgplayer.com/product/85092_200w.jpg,3,1382,https://cpt.tcgcsv.com/S2J,2025-12-04T05:35:55.467,1,89/116,Common,60,Basic,"[1] Growl - During your opponent's next turn, any damage done by attacks from the Defending Pokemon is reduced by 20 (before applying Weakness and Resistance).","[2] Quick Attack (10+) Flip a coin.  If heads, this attack does 10 more damage.",Fx2,,1,6.25,10.95,30.0,8.65,,Reverse Holofoil,,
85093,Eevee (90),Eevee 90,https://tcgplayer-cdn.tcgplayer.com/product/85093_200w.jpg,3,1382,https://cpt.tcgcsv.com/T2J,2023-01-10T16:12:47.16,1,90/116,Common,60,Basic,[1] Signs of Evolution - Search your deck for 3 Pokemon of different types that evolve from Eevee.  Reveal them and put them into your hand.  Shuffle your deck afterward.,[3] Bite (30),Fx2,,1,0.29,1.24,4.39,1.24,,Normal,,
85093,Eevee (90),Eevee 90,https://tcgplayer-cdn.tcgplayer.com/product/85093_200w.jpg,3,1382,https://cpt.tcgcsv.com/T2J,2023-01-10T16:12:47.16,1,90/116,Common,60,Basic,[1] Signs of Evolution - Search your deck for 3 Pokemon of different types that evolve from Eevee.  Reveal them and put them into your hand.  Shuffle your deck afterward.,[3] Bite (30),Fx2,,1,7.75,9.59,30.0,8.64,,Reverse Holofoil,,
85162,Electrode,Electrode,https://tcgplayer-cdn.tcgplayer.com/product/85162_200w.jpg,3,1382,https://cpt.tcgcsv.com/g5J,2023-01-10T15:59:12.913,1,33/116,Holo Rare,90,Stage 1,[2L] Electro Ball (60),,Fx2,,1,2.08,3.0,9.09,2.74,,Holofoil,"Magnetic Draw - Once during your turn (before your attack), you may draw cards until you have 4 cards in your hand.  (Ability)",
85162,Electrode,Electrode,https://tcgplayer-cdn.tcgplayer.com/product/85162_200w.jpg,3,1382,https://cpt.tcgcsv.com/g5J,2023-01-10T15:59:12.913,1,33/116,Holo Rare,90,Stage 1,[2L] Electro Ball (60),,Fx2,,1,2.58,4.5,7.0,3.56,,Reverse Holofoil,"Magnetic Draw - Once during your turn (before your attack), you may draw cards until you have 4 cards in your hand.  (Ability)",
85203,Empoleon (117 Secret Rare),Empoleon 117 Secret Rare,https://tcgplayer-cdn.tcgplayer.com/product/85203_200w.jpg,3,1382,https://cpt.tcgcsv.com/56J,2023-01-10T16:16:34.83,1,117/116,Secret Rare,140,Stage 2,[W] Attack Command (10x) Does 10 damage times the number of Pokemon in play (both yours and your opponent's).,,Lx2,,2,,,,,,,"Diving Draw - Once during your turn (before your attack), you may discard a card from your hand.  If you do, draw 2 cards.  (Ability)",Water
85328,Espeon (Team Plasma),Espeon Team Plasma,https://tcgplayer-cdn.tcgplayer.com/product/85328_200w.jpg,3,1382,https://cpt.tcgcsv.com/B8J,2025-12-04T04:02:01.04,1,48/116,Uncommon,90,Stage 1,[1] Psy Alert (20) Draw cards until you have 6 cards in your hand.,[P] Shadow Ball - This attack does 40 damage to 1 of your opponent's Pokemon.  Also apply Weakness and Resistance for Benched Pokemon.,Px2,,1,4.0,4.75,8.0,4.76,,Normal,,
85328,Espeon (Team Plasma),Espeon Team Plasma,https://tcgplayer-cdn.tcgplayer.com/product/85328_200w.jpg,3,1382,https://cpt.tcgcsv.com/B8J,2025-12-04T04:02:01.04,1,48/116,Uncommon,90,Stage 1,[1] Psy Alert (20) Draw cards until you have 6 cards in your hand.,[P] Shadow Ball - This attack does 40 damage to 1 of your opponent's Pokemon.  Also apply Weakness and Resistance for Benched Pokemon.,Px2,,1,19.32,22.16,24.99,38.11,,Reverse Holofoil,,
85350,Exeggcute,Exeggcute,https://tcgplayer-cdn.tcgplayer.com/product/85350_200w.jpg,3,1382,https://cpt.tcgcsv.com/09J,2025-01-11T11:37:06.083,1,4/116,Uncommon,30,Basic,[1G] Seed Bomb (20),,Rx2,W-20,1,2.25,3.18,8.0,4.04,5.96,Normal,"Propagation - Once during your turn (before your attack), if this Pokemon is in your discard pile, you may put this Pokemon into your hand.  (Ability)",
85350,Exeggcute,Exeggcute,https://tcgplayer-cdn.tcgplayer.com/product/85350_200w.jpg,3,1382,https://cpt.tcgcsv.com/09J,2025-01-11T11:37:06.083,1,4/116,Uncommon,30,Basic,[1G] Seed Bomb (20),,Rx2,W-20,1,4.29,7.13,19.99,7.76,,Reverse Holofoil,"Propagation - Once during your turn (before your attack), if this Pokemon is in your discard pile, you may put this Pokemon into your hand.  (Ability)",
85363,Exeggutor,Exeggutor,https://tcgplayer-cdn.tcgplayer.com/product/85363_200w.jpg,3,1382,https://cpt.tcgcsv.com/h9J,2023-01-10T15:52:39.693,1,5/116,Rare,100,Stage 1,[1] Blockage (10) Your opponent can't play any Supporter cards from his or her hand during his or her next turn.,"[2G] Stomp (60+) Flip a coin.  If heads, this attack does 30 more damage.",Rx2,W-20,2,1.18,1.58,2.3,1.41,,Normal,,
85363,Exeggutor,Exeggutor,https://tcgplayer-cdn.tcgplayer.com/product/85363_200w.jpg,3,1382,https://cpt.tcgcsv.com/h9J,2023-01-10T15:52:39.693,1,5/116,Rare,100,Stage 1,[1] Blockage (10) Your opponent can't play any Supporter cards from his or her hand during his or her next turn.,"[2G] Stomp (60+) Flip a coin.  If heads, this attack does 30 more damage.",Rx2,W-20,2,4.49,8.0,15.0,4.93,,Reverse Holofoil,,
85502,Flareon (Team Plasma),Flareon Team Plasma,https://tcgplayer-cdn.tcgplayer.com/product/85502_200w.jpg,3,1382,https://cpt.tcgcsv.com/3dJ,2025-12-04T05:37:03.31,1,12/116,Uncommon,100,Stage 1,[2] Vengeance (20+) Does 10 more damage for each Pokemon in your discard pile.,[2R] Heat Tackle (90) This Pokemon does 10 damage to itself.,Wx2,,2,1.22,3.45,9.99,3.88,1.99,Normal,,
85502,Flareon (Team Plasma),Flareon Team Plasma,https://tcgplayer-cdn.tcgplayer.com/product/85502_200w.jpg,3,1382,https://cpt.tcgcsv.com/3dJ,2025-12-04T05:37:03.31,1,12/116,Uncommon,100,Stage 1,[2] Vengeance (20+) Does 10 more damage for each Pokemon in your discard pile.,[2R] Heat Tackle (90) This Pokemon does 10 damage to itself.,Wx2,,2,147.94,217.5,241.58,19.9,,Reverse Holofoil,,
85510,Float Stone,Float Stone,https://tcgplayer-cdn.tcgplayer.com/product/85510_200w.jpg,3,1382,https://cpt.tcgcsv.com/ddJ,2024-12-08T17:15:26.133,1,99/116,Uncommon,0,Tool,The Pokemon this card is attached to has no Retreat Cost.,,,,,4.29,6.06,19.99,6.19,,Normal,Attach a Pokemon Tool to 1 of your Pokemon that doesn't already have a Pokemon Tool attached to it.,Item
85510,Float Stone,Float Stone,https://tcgplayer-cdn.tcgplayer.com/product/85510_200w.jpg,3,1382,https://cpt.tcgcsv.com/ddJ,2024-12-08T17:15:26.133,1,99/116,Uncommon,0,Tool,The Pokemon this card is attached to has no Retreat Cost.,,,,,7.51,9.89,30.0,9.73,,Reverse Holofoil,Attach a Pokemon Tool to 1 of your Pokemon that doesn't already have a Pokemon Tool attached to it.,Item
85577,Frozen City (Team Plasma),Frozen City Team Plasma,https://tcgplayer-cdn.tcgplayer.com/product/85577_200w.jpg,3,1382,https://cpt.tcgcsv.com/zfJ,2023-01-10T16:13:58.153,1,100/116,Uncommon,0,Stadium,"Whenever any player attaches an Energy from his or her hand to 1 of his or her Pokemon (excluding Team Plasma Pokemon), put 2 damage counters on that Pokemon.",,,,,0.4,0.99,5.0,1.3,,Normal,"This card stays in play when you play it.  Discard this card if another Stadium card comes into play.  If another card with the same name is in play, you can't play this card.",Stadium
85577,Frozen City (Team Plasma),Frozen City Team Plasma,https://tcgplayer-cdn.tcgplayer.com/product/85577_200w.jpg,3,1382,https://cpt.tcgcsv.com/zfJ,2023-01-10T16:13:58.153,1,100/116,Uncommon,0,Stadium,"Whenever any player attaches an Energy from his or her hand to 1 of his or her Pokemon (excluding Team Plasma Pokemon), put 2 damage counters on that Pokemon.",,,,,1.88,2.21,8.0,2.13,,Reverse Holofoil,"This card stays in play when you play it.  Discard this card if another Stadium card comes into play.  If another card with the same name is in play, you can't play this card.",Stadium
85617,Garbodor (119 Secret Rare),Garbodor 119 Secret Rare,https://tcgplayer-cdn.tcgplayer.com/product/85617_200w.jpg,3,1382,https://cpt.tcgcsv.com/mgJ,2023-01-10T16:16:48.287,1,119/116,Secret Rare,100,Stage 1,[1PP] Sludge Toss (60),,Px2,,3,149.99,149.99,149.99,183.32,,Holofoil,"Garbotoxin - If this Pokemon has a Pokemon Tool card attached to it, each Pokemon in play, in each player's hand, and in each player's discard pile has no Abilities (except for Garbotoxin).  (Ability)",Psychic
85626,Garchomp (120 Secret Rare),Garchomp 120 Secret Rare,https://tcgplayer-cdn.tcgplayer.com/product/85626_200w.jpg,3,1382,https://cpt.tcgcsv.com/xgJ,2023-01-10T16:16:54.02,1,120/116,Secret Rare,140,Stage 2,[F] Mach Cut (60) Discard a Special Energy attached to the Defending Pokemon.,[FW] Dragonblade (100) Discard the top 2 cards of your deck.,Ox2,,1,309.99,320.0,349.95,487.45,,Holofoil,,Dragon
85694,Ghetsis (Team Plasma),Ghetsis Team Plasma,https://tcgplayer-cdn.tcgplayer.com/product/85694_200w.jpg,3,1382,https://cpt.tcgcsv.com/VhJ,2023-01-10T16:14:34.1,1,101/116,Holo Rare,0,Supporter,"Your opponent reveals his or her hand and shuffles all Item cards found there into his or her deck.  Then, draw a number of cards equal to the number of Item cards your opponent shuffled into his or her deck.",,,,,0.75,2.0,5.0,2.12,,Holofoil,You may play only 1 Supporter card per turn (before your attack).,Supporter
85694,Ghetsis (Team Plasma),Ghetsis Team Plasma,https://tcgplayer-cdn.tcgplayer.com/product/85694_200w.jpg,3,1382,https://cpt.tcgcsv.com/VhJ,2023-01-10T16:14:34.1,1,101/116,Holo Rare,0,Supporter,"Your opponent reveals his or her hand and shuffles all Item cards found there into his or her deck.  Then, draw a number of cards equal to the number of Item cards your opponent shuffled into his or her deck.",,,,,2.0,4.77,10.0,4.75,,Reverse Holofoil,You may play only 1 Supporter card per turn (before your attack).,Supporter
85695,Ghetsis (Team Plasma) (Full Art),Ghetsis Team Plasma Full Art,https://tcgplayer-cdn.tcgplayer.com/product/85695_200w.jpg,3,1382,https://cpt.tcgcsv.com/WhJ,2023-08-27T15:19:24.443,1,115/116,Ultra Rare,0,Supporter,"Your opponent reveals his or her hand and shuffles all Item cards found there into his or her deck.  Then, draw a number of cards equal to the number of Item cards your opponent shuffled into his or her deck.",,,,,59.99,81.19,129.99,77.03,,Holofoil,You may play only 1 Supporter card per turn (before your attack).,Supporter
85749,Glaceon (Team Plasma),Glaceon Team Plasma,https://tcgplayer-cdn.tcgplayer.com/product/85749_200w.jpg,3,1382,https://cpt.tcgcsv.com/_jJ,2023-01-10T15:57:23.023,1,23/116,Rare,90,Stage 1,[2W] Icy Wind (60),,Mx2,,2,1.74,3.29,9.99,3.44,,Normal,Freeze Zone - The Retreat Cost of each of your Team Plasma Pokemon in play is 2 less.  (Ability),
85749,Glaceon (Team Plasma),Glaceon Team Plasma,https://tcgplayer-cdn.tcgplayer.com/product/85749_200w.jpg,3,1382,https://cpt.tcgcsv.com/_jJ,2023-01-10T15:57:23.023,1,23/116,Rare,90,Stage 1,[2W] Icy Wind (60),,Mx2,,2,15.0,25.87,36.74,22.44,,Reverse Holofoil,Freeze Zone - The Retreat Cost of each of your Team Plasma Pokemon in play is 2 less.  (Ability),
85915,Grimer,Grimer,https://tcgplayer-cdn.tcgplayer.com/product/85915_200w.jpg,3,1382,https://cpt.tcgcsv.com/knJ,2025-02-05T21:12:08.227,1,45/116,Common,70,Basic,"[P] Lure Poison - Flip a coin.  If heads, switch 1 of your opponent's Benched Pokemon with the Defending Pokemon.  The new Defending Pokemon is now Poisoned.",[2P] Sludge Toss (30),Px2,,2,0.05,0.25,5.0,0.27,,Normal,,
85915,Grimer,Grimer,https://tcgplayer-cdn.tcgplayer.com/product/85915_200w.jpg,3,1382,https://cpt.tcgcsv.com/knJ,2025-02-05T21:12:08.227,1,45/116,Common,70,Basic,"[P] Lure Poison - Flip a coin.  If heads, switch 1 of your opponent's Benched Pokemon with the Defending Pokemon.  The new Defending Pokemon is now Poisoned.",[2P] Sludge Toss (30),Px2,,2,0.29,0.68,3.0,0.56,,Reverse Holofoil,,
85945,Grovyle,Grovyle,https://tcgplayer-cdn.tcgplayer.com/product/85945_200w.jpg,3,1382,https://cpt.tcgcsv.com/WnJ,2023-01-10T15:52:56.92,1,7/116,Uncommon,80,Stage 1,[1] Pound (20),[1G] Cut (30),Rx2,W-20,1,0.19,0.43,2.99,0.51,,Normal,,
85945,Grovyle,Grovyle,https://tcgplayer-cdn.tcgplayer.com/product/85945_200w.jpg,3,1382,https://cpt.tcgcsv.com/WnJ,2023-01-10T15:52:56.92,1,7/116,Uncommon,80,Stage 1,[1] Pound (20),[1G] Cut (30),Rx2,W-20,1,0.29,1.27,6.0,1.43,,Reverse Holofoil,,
86017,Hariyama,Hariyama,https://tcgplayer-cdn.tcgplayer.com/product/86017_200w.jpg,3,1382,https://cpt.tcgcsv.com/mqJ,2025-12-04T05:37:59.9,1,63/116,Rare,120,Stage 1,"[1F] Fake Out (30) Flip a coin.  If heads, the Defending Pokemon is now Paralyzed.","[1FF] Pivot Throw (90) During your opponent's next turn, any damage done to this Pokemon by attacks is increased by 20 (after applying Weakness and Resistance).",Px2,,3,0.35,0.5,1.5,0.7,0.44,Normal,,
86017,Hariyama,Hariyama,https://tcgplayer-cdn.tcgplayer.com/product/86017_200w.jpg,3,1382,https://cpt.tcgcsv.com/mqJ,2025-12-04T05:37:59.9,1,63/116,Rare,120,Stage 1,"[1F] Fake Out (30) Flip a coin.  If heads, the Defending Pokemon is now Paralyzed.","[1FF] Pivot Throw (90) During your opponent's next turn, any damage done to this Pokemon by attacks is increased by 20 (after applying Weakness and Resistance).",Px2,,3,0.79,1.11,3.85,1.29,,Reverse Holofoil,,
86052,Heatran EX (Team Plasma),Heatran EX Team Plasma,https://tcgplayer-cdn.tcgplayer.com/product/86052_200w.jpg,3,1382,https://cpt.tcgcsv.com/3rJ,2023-01-10T15:53:52.117,1,13/116,Ultra Rare,180,Basic,"[2R] Heat Boiler (60+) If this Pokemon is affected by a Special Condition, this attack does 60 more damage.","[2RR] Dynamite Press (80+) If this Pokemon has any Plasma Energy attached to it, this attack does 10 more damage for each damage counter on the Defending Pokemon.",Wx2,,3,4.95,7.98,14.34,16.75,,Holofoil,,
86053,Heatran EX (Team Plasma) (Full Art),Heatran EX Team Plasma Full Art,https://tcgplayer-cdn.tcgplayer.com/product/86053_200w.jpg,3,1382,https://cpt.tcgcsv.com/5rJ,2023-01-10T16:15:26.44,1,109/116,Ultra Rare,180,Basic,"[2R] Heat Boiler (60+) If this Pokemon is affected by a Special Condition, this attack does 60 more damage.","[2RR] Dynamite Press (80+) If this Pokemon has any Plasma Energy attached to it, this attack does 10 more damage for each damage counter on the Defending Pokemon.",Wx2,,3,73.99,102.58,155.0,106.18,,Holofoil,,Fire
86175,Hoothoot,Hoothoot,https://tcgplayer-cdn.tcgplayer.com/product/86175_200w.jpg,3,1382,https://cpt.tcgcsv.com/wtJ,2025-12-04T04:04:19.3,1,91/116,Common,60,Basic,[1] Dual Draw - Each player draws 2 cards.,,Lx2,F-20,1,0.1,0.25,5.0,0.28,,Normal,,
86175,Hoothoot,Hoothoot,https://tcgplayer-cdn.tcgplayer.com/product/86175_200w.jpg,3,1382,https://cpt.tcgcsv.com/wtJ,2025-12-04T04:04:19.3,1,91/116,Common,60,Basic,[1] Dual Draw - Each player draws 2 cards.,,Lx2,F-20,1,0.24,0.77,3.0,0.77,,Reverse Holofoil,,
86193,Horsea,Horsea,https://tcgplayer-cdn.tcgplayer.com/product/86193_200w.jpg,3,1382,https://cpt.tcgcsv.com/TtJ,2025-12-04T04:05:20.143,1,18/116,Common,60,Basic,[W] Fin Smack (10x) Flip 2 coins.  This attack does 10 damage times the number of heads.,,Lx2,,1,0.1,0.25,1.49,0.27,0.23,Normal,,
86193,Horsea,Horsea,https://tcgplayer-cdn.tcgplayer.com/product/86193_200w.jpg,3,1382,https://cpt.tcgcsv.com/TtJ,2025-12-04T04:05:20.143,1,18/116,Common,60,Basic,[W] Fin Smack (10x) Flip 2 coins.  This attack does 10 damage times the number of heads.,,Lx2,,1,0.55,0.81,3.0,0.81,,Reverse Holofoil,,
86244,Hydreigon (Team Plasma),Hydreigon Team Plasma,https://tcgplayer-cdn.tcgplayer.com/product/86244_200w.jpg,3,1382,https://cpt.tcgcsv.com/VvJ,2023-01-10T16:10:33.33,1,78/116,Holo Rare,150,Stage 2,[2D] Tractorbeam - Switch 1 of your opponent's benched Pokemon with the Defending Pokemon.  This attack does 40 damage to the new Defending Pokemon.,"[3D] Obsidian Fang (80) Before doing damage, discard all Pokemon Tools attached to the Defending Pokemon.",Fx2,P-20,3,2.64,4.5,14.99,4.77,,Holofoil,,
86244,Hydreigon (Team Plasma),Hydreigon Team Plasma,https://tcgplayer-cdn.tcgplayer.com/product/86244_200w.jpg,3,1382,https://cpt.tcgcsv.com/VvJ,2023-01-10T16:10:33.33,1,78/116,Holo Rare,150,Stage 2,[2D] Tractorbeam - Switch 1 of your opponent's benched Pokemon with the Defending Pokemon.  This attack does 40 damage to the new Defending Pokemon.,"[3D] Obsidian Fang (80) Before doing damage, discard all Pokemon Tools attached to the Defending Pokemon.",Fx2,P-20,3,3.75,7.17,15.0,7.11,,Reverse Holofoil,,
86350,Jolteon (Team Plasma),Jolteon Team Plasma,https://tcgplayer-cdn.tcgplayer.com/product/86350_200w.jpg,3,1382,https://cpt.tcgcsv.com/0zJ,2025-11-21T15:27:16.437,1,34/116,Uncommon,90,Stage 1,[1] Pin Missile (20x) Flip 4 coins.  This attack does 20 damage times the number of heads.,"[1L] Electri-Defuse (40) If the Defending Pokemon is a Pokemon-EX, that Pokemon can't attack during your opponent's next turn.",Fx2,,1,0.87,2.42,9.99,2.46,,Normal,,
86416,Kakuna,Kakuna,https://tcgplayer-cdn.tcgplayer.com/product/86416_200w.jpg,3,1382,https://cpt.tcgcsv.com/lBJ,2025-02-05T21:12:08.367,1,2/116,Uncommon,80,Stage 1,"[G] Hide - Flip a coin.  If heads, prevent all effects of attacks, including damage, done to this Pokemon during your opponent's next turn.",,Rx2,,2,0.13,0.25,5.0,0.29,,Normal,,
86416,Kakuna,Kakuna,https://tcgplayer-cdn.tcgplayer.com/product/86416_200w.jpg,3,1382,https://cpt.tcgcsv.com/lBJ,2025-02-05T21:12:08.367,1,2/116,Uncommon,80,Stage 1,"[G] Hide - Flip a coin.  If heads, prevent all effects of attacks, including damage, done to this Pokemon during your opponent's next turn.",,Rx2,,2,0.25,0.45,6.04,0.48,,Reverse Holofoil,,
86432,Kecleon,Kecleon,https://tcgplayer-cdn.tcgplayer.com/product/86432_200w.jpg,3,1382,https://cpt.tcgcsv.com/GBJ,2023-01-10T16:13:17.313,1,94/116,Rare,70,Basic,"[1] Imittack - Choose 1 of the Defending Pokemon's attacks.  If this Pokemon has the necessary Energy to use that attack, use it as this attack.",,Fx2,,1,0.59,1.24,4.0,1.24,,Normal,"Color Change - As long as this Pokemon is your Active Pokemon, this Pokemon is the same type as your opponent's Active Pokemon.  (Ability)",
86432,Kecleon,Kecleon,https://tcgplayer-cdn.tcgplayer.com/product/86432_200w.jpg,3,1382,https://cpt.tcgcsv.com/GBJ,2023-01-10T16:13:17.313,1,94/116,Rare,70,Basic,"[1] Imittack - Choose 1 of the Defending Pokemon's attacks.  If this Pokemon has the necessary Energy to use that attack, use it as this attack.",,Fx2,,1,1.29,2.44,4.0,2.71,,Reverse Holofoil,"Color Change - As long as this Pokemon is your Active Pokemon, this Pokemon is the same type as your opponent's Active Pokemon.  (Ability)",
86449,Kingdra,Kingdra,https://tcgplayer-cdn.tcgplayer.com/product/86449_200w.jpg,3,1382,https://cpt.tcgcsv.com/_BJ,2025-11-12T15:21:11.933,1,84/116,Holo Rare,140,Stage 2,"[1] Dragon Vortex (20x) Does 20 damage times the number of W Energy cards and L Energy cards in your discard pile.  Then, shuffle all of those back into your deck.",[W] Tri Bullet - This attack does 30 damage to 3 of your opponent's Pokemon.  (Don't apply Weakness and Resistance for Benched Pokemon.),Ox2,,1,1.11,1.98,29.99,1.96,,Holofoil,,
86449,Kingdra,Kingdra,https://tcgplayer-cdn.tcgplayer.com/product/86449_200w.jpg,3,1382,https://cpt.tcgcsv.com/_BJ,2025-11-12T15:21:11.933,1,84/116,Holo Rare,140,Stage 2,"[1] Dragon Vortex (20x) Does 20 damage times the number of W Energy cards and L Energy cards in your discard pile.  Then, shuffle all of those back into your deck.",[W] Tri Bullet - This attack does 30 damage to 3 of your opponent's Pokemon.  (Don't apply Weakness and Resistance for Benched Pokemon.),Ox2,,1,4.5,6.15,10.0,5.4,,Reverse Holofoil,,
86539,Krokorok,Krokorok,https://tcgplayer-cdn.tcgplayer.com/product/86539_200w.jpg,3,1382,https://cpt.tcgcsv.com/PDJ,2023-01-10T16:09:15.48,1,69/116,Uncommon,90,Stage 1,[D] Bite (20),[2D] Corkscrew Punch (50),Fx2,P-20,2,0.14,0.26,5.0,0.31,,Normal,,
86539,Krokorok,Krokorok,https://tcgplayer-cdn.tcgplayer.com/product/86539_200w.jpg,3,1382,https://cpt.tcgcsv.com/PDJ,2023-01-10T16:09:15.48,1,69/116,Uncommon,90,Stage 1,[D] Bite (20),[2D] Corkscrew Punch (50),Fx2,P-20,2,0.28,0.55,2.0,0.36,,Reverse Holofoil,,
86546,Krookodile (Team Plasma),Krookodile Team Plasma,https://tcgplayer-cdn.tcgplayer.com/product/86546_200w.jpg,3,1382,https://cpt.tcgcsv.com/XDJ,2023-01-10T16:09:23.977,1,70/116,Rare,140,Stage 2,[D] Piston Headbutt (30) Move an Energy attached to the Defending Pokemon to 1 of your opponent's Benched Pokemon.,[2D] Hammer In (80),Fx2,P-20,3,0.61,2.63,7.0,2.72,,Normal,,
86546,Krookodile (Team Plasma),Krookodile Team Plasma,https://tcgplayer-cdn.tcgplayer.com/product/86546_200w.jpg,3,1382,https://cpt.tcgcsv.com/XDJ,2023-01-10T16:09:23.977,1,70/116,Rare,140,Stage 2,[D] Piston Headbutt (30) Move an Energy attached to the Defending Pokemon to 1 of your opponent's Benched Pokemon.,[2D] Hammer In (80),Fx2,P-20,3,2.89,6.24,10.0,4.83,,Reverse Holofoil,,
86565,Kyurem (Team Plasma),Kyurem Team Plasma,https://tcgplayer-cdn.tcgplayer.com/product/86565_200w.jpg,3,1382,https://cpt.tcgcsv.com/kFJ,2023-01-10T15:58:49.233,1,31/116,Holo Rare,130,Basic,[1W] Frost Spear (30) Does 30 damage to 1 of your opponent's Benched Pokemon.  (Don't apply Weakness and Resistance for Benched Pokemon.),[1WW] Blizzard Burn (120) This Pokemon can't attack during your next turn.,Mx2,,3,3.0,4.4,11.0,5.05,,Holofoil,,
86565,Kyurem (Team Plasma),Kyurem Team Plasma,https://tcgplayer-cdn.tcgplayer.com/product/86565_200w.jpg,3,1382,https://cpt.tcgcsv.com/kFJ,2023-01-10T15:58:49.233,1,31/116,Holo Rare,130,Basic,[1W] Frost Spear (30) Does 30 damage to 1 of your opponent's Benched Pokemon.  (Don't apply Weakness and Resistance for Benched Pokemon.),[1WW] Blizzard Burn (120) This Pokemon can't attack during your next turn.,Mx2,,3,3.62,8.0,10.99,10.18,,Reverse Holofoil,,
86590,Lampent,Lampent,https://tcgplayer-cdn.tcgplayer.com/product/86590_200w.jpg,3,1382,https://cpt.tcgcsv.com/QFJ,2023-01-10T15:54:24.47,1,15/116,Uncommon,80,Stage 1,[2] Live Coal (20),[2R] Searing Flame (40) The Defending Pokemon is now Burned.,Wx2,,1,0.15,0.27,1.5,0.32,,Normal,,
86590,Lampent,Lampent,https://tcgplayer-cdn.tcgplayer.com/product/86590_200w.jpg,3,1382,https://cpt.tcgcsv.com/QFJ,2023-01-10T15:54:24.47,1,15/116,Uncommon,80,Stage 1,[2] Live Coal (20),[2R] Searing Flame (40) The Defending Pokemon is now Burned.,Wx2,,1,0.25,0.49,2.0,0.77,,Reverse Holofoil,,
86612,Lanturn,Lanturn,https://tcgplayer-cdn.tcgplayer.com/product/86612_200w.jpg,3,1382,https://cpt.tcgcsv.com/gGJ,2023-01-10T15:59:39.477,1,36/116,Uncommon,90,Stage 1,"[L] Special Tackle (30+) If this Pokemon has any Special Energy attached to it, this attack does 30 more damage.",[2L] Extreme Current (90) Discard an Energy attached to this Pokemon.,Fx2,,2,0.07,0.25,5.0,0.24,,Normal,,
86612,Lanturn,Lanturn,https://tcgplayer-cdn.tcgplayer.com/product/86612_200w.jpg,3,1382,https://cpt.tcgcsv.com/gGJ,2023-01-10T15:59:39.477,1,36/116,Uncommon,90,Stage 1,"[L] Special Tackle (30+) If this Pokemon has any Special Energy attached to it, this attack does 30 more damage.",[2L] Extreme Current (90) Discard an Energy attached to this Pokemon.,Fx2,,2,0.3,0.59,3.49,0.68,,Reverse Holofoil,,
86660,Latias EX,Latias EX,https://tcgplayer-cdn.tcgplayer.com/product/86660_200w.jpg,3,1382,https://cpt.tcgcsv.com/dHJ,2023-01-10T16:12:04.177,1,85/116,Ultra Rare,160,Basic,"[1RP] Barrier Break (70) This attack's damage isn't affected by Weakness, Resistance, or any other effects on the Defending Pokemon.",,Ox2,,1,18.45,22.0,100.0,31.27,,Holofoil,"Bright Down - Prevent all effects of attacks, including damage, done to this Pokemon by your opponent's Pokemon with Abilities.  (Ability)",
86662,Latias EX (112 Full Art),Latias EX 112 Full Art,https://tcgplayer-cdn.tcgplayer.com/product/86662_200w.jpg,3,1382,https://cpt.tcgcsv.com/gHJ,2023-01-10T16:15:55.07,1,112/116,Ultra Rare,160,Basic,"[1RP] Barrier Break (70) This attack's damage isn't affected by Weakness, Resistance, or any other effects on the Defending Pokemon.",,Ox2,,1,230.0,363.45,381.88,375.64,170.0,Holofoil,"Bright Down - Prevent all effects of attacks, including damage, done to this Pokemon by your opponent's Pokemon with Abilities.  (Ability)",Dragon
86674,Latios EX,Latios EX,https://tcgplayer-cdn.tcgplayer.com/product/86674_200w.jpg,3,1382,https://cpt.tcgcsv.com/vHJ,2023-01-10T16:12:12.79,1,86/116,Ultra Rare,170,Basic,[1P] Mach Flight (40) The Defending Pokemon can't retreat during your opponent's next turn.,[1PW] Luster Purge (150) Discard all Energy attached to this Pokemon.,Ox2,,2,13.62,22.23,100.0,21.89,,Holofoil,,
86676,Latios EX (113 Full Art),Latios EX 113 Full Art,https://tcgplayer-cdn.tcgplayer.com/product/86676_200w.jpg,3,1382,https://cpt.tcgcsv.com/xHJ,2023-01-10T16:16:00.9,1,113/116,Ultra Rare,170,Basic,[1P] Mach Flight (40) The Defending Pokemon can't retreat during your opponent's next turn.,[1PW] Luster Purge (150) Discard all Energy attached to this Pokemon.,Ox2,,2,180.0,248.9,599.99,219.51,,Holofoil,,Dragon
86683,Leafeon (Team Plasma),Leafeon Team Plasma,https://tcgplayer-cdn.tcgplayer.com/product/86683_200w.jpg,3,1382,https://cpt.tcgcsv.com/HHJ,2023-10-09T17:44:58.053,1,11/116,Rare,100,Stage 1,[1] Energy Crush (20x) Does 20 damage times the amount of Energy attached to all of your opponent's Pokemon.,"[2G] Leaf Blade (60+) Flip a coin.  If heads, this attack does 20 more damage.",Rx2,W-20,2,5.02,8.19,14.99,7.88,,Normal,,
86683,Leafeon (Team Plasma),Leafeon Team Plasma,https://tcgplayer-cdn.tcgplayer.com/product/86683_200w.jpg,3,1382,https://cpt.tcgcsv.com/HHJ,2023-10-09T17:44:58.053,1,11/116,Rare,100,Stage 1,[1] Energy Crush (20x) Does 20 damage times the amount of Energy attached to all of your opponent's Pokemon.,"[2G] Leaf Blade (60+) Flip a coin.  If heads, this attack does 20 more damage.",Rx2,W-20,2,22.08,22.08,22.08,31.33,,Reverse Holofoil,,
86729,Life Dew,Life Dew,https://tcgplayer-cdn.tcgplayer.com/product/86729_200w.jpg,3,1382,https://cpt.tcgcsv.com/CJJ,2023-01-10T16:15:13.987,1,107/116,Rare Ace,0,Tool,"If the Pokemon this card is attached to is Knocked Out, your opponent takes 1 fewer Prize card.",,,,,4.0,5.71,22.2,4.81,,Holofoil,Attach a Pokemon Tool to 1 of your Pokemon that doesn't already have a Pokemon Tool attached to it.,Item
86813,Litwick,Litwick,https://tcgplayer-cdn.tcgplayer.com/product/86813_200w.jpg,3,1382,https://cpt.tcgcsv.com/hLJ,2023-01-10T15:54:17.333,1,14/116,Common,60,Basic,"[R] Singe - Flip a coin.  If heads, the Defending Pokemon is now Burned.",[1R] Live Coal (20),Wx2,,1,0.04,0.24,5.0,0.2,0.22,Normal,,
86813,Litwick,Litwick,https://tcgplayer-cdn.tcgplayer.com/product/86813_200w.jpg,3,1382,https://cpt.tcgcsv.com/hLJ,2023-01-10T15:54:17.333,1,14/116,Common,60,Basic,"[R] Singe - Flip a coin.  If heads, the Defending Pokemon is now Burned.",[1R] Live Coal (20),Wx2,,1,0.3,0.86,2.0,0.94,,Reverse Holofoil,,
87135,Makuhita,Makuhita,https://tcgplayer-cdn.tcgplayer.com/product/87135_200w.jpg,3,1382,https://cpt.tcgcsv.com/KSJ,2025-12-04T04:06:06.187,1,62/116,Common,80,Basic,[1F] Continuous Slap (20x) Flip a coin until you get tails.  This attack does 20 damage times the number of heads.,[1FF] Hammer In (60),Px2,,3,0.05,0.24,19.98,0.24,0.11,Normal,,
87135,Makuhita,Makuhita,https://tcgplayer-cdn.tcgplayer.com/product/87135_200w.jpg,3,1382,https://cpt.tcgcsv.com/KSJ,2025-12-04T04:06:06.187,1,62/116,Common,80,Basic,[1F] Continuous Slap (20x) Flip a coin until you get tails.  This attack does 20 damage times the number of heads.,[1FF] Hammer In (60),Px2,,3,0.2,0.59,2.0,0.69,0.99,Reverse Holofoil,,
87177,Mankey,Mankey,https://tcgplayer-cdn.tcgplayer.com/product/87177_200w.jpg,3,1382,https://cpt.tcgcsv.com/zTJ,2025-05-10T15:46:50.4,1,59/116,Common,50,Basic,[F] Scratch (20),,Px2,,1,0.09,0.25,1.46,0.27,,Normal,,
87177,Mankey,Mankey,https://tcgplayer-cdn.tcgplayer.com/product/87177_200w.jpg,3,1382,https://cpt.tcgcsv.com/zTJ,2025-05-10T15:46:50.4,1,59/116,Common,50,Basic,[F] Scratch (20),,Px2,,1,0.55,0.67,2.46,1.37,,Reverse Holofoil,,
87265,Mawile,Mawile,https://tcgplayer-cdn.tcgplayer.com/product/87265_200w.jpg,3,1382,https://cpt.tcgcsv.com/kWJ,2023-01-10T16:10:48.98,1,80/116,Uncommon,70,Basic,"[M] Astonish - Flip a coin.  If heads, choose a random card from your opponent's hand.  Your opponent reveals that card and shuffles it into his or her deck.",[2M] Big Ol' Bite (30) Heal 30 damage from this Pokemon.  The Defending Pokemon can't retreat during your opponent's next turn.,Rx2,P-20,1,0.07,0.32,5.0,0.29,,Normal,,
87265,Mawile,Mawile,https://tcgplayer-cdn.tcgplayer.com/product/87265_200w.jpg,3,1382,https://cpt.tcgcsv.com/kWJ,2023-01-10T16:10:48.98,1,80/116,Uncommon,70,Basic,"[M] Astonish - Flip a coin.  If heads, choose a random card from your opponent's hand.  Your opponent reveals that card and shuffles it into his or her deck.",[2M] Big Ol' Bite (30) Heal 30 damage from this Pokemon.  The Defending Pokemon can't retreat during your opponent's next turn.,Rx2,P-20,1,2.45,3.5,14.99,4.03,,Reverse Holofoil,,
87267,Max Potion (121 Secret Rare),Max Potion 121 Secret Rare,https://tcgplayer-cdn.tcgplayer.com/product/87267_200w.jpg,3,1382,https://cpt.tcgcsv.com/mWJ,2023-01-10T16:17:00.563,1,121/116,Secret Rare,0,Item,"Heal all damage from 1 of your Pokemon.  Then, discard all Energy attached to that Pokemon.",,,,,32.0,34.0,35.99,37.72,,Holofoil,You may play as many Item cards as you like during your turn (before your attack).,Item
87343,Metagross (Team Plasma),Metagross Team Plasma,https://tcgplayer-cdn.tcgplayer.com/product/87343_200w.jpg,3,1382,https://cpt.tcgcsv.com/TXJ,2023-01-10T16:02:52.28,1,52/116,Holo Rare,140,Stage 2,[3P] Mind Bend (60) The Defending Pokemon is now Confused.,,Px2,,2,3.23,5.59,15.0,6.28,,Holofoil,"Plasma Search - Once during your turn (before your attack), you may search your deck for a Team Plasma card, reveal it, and put it into your hand.  Shuffle your deck afterward.  You may not use an Ability with the same name during your turn.  (Ability)",
87343,Metagross (Team Plasma),Metagross Team Plasma,https://tcgplayer-cdn.tcgplayer.com/product/87343_200w.jpg,3,1382,https://cpt.tcgcsv.com/TXJ,2023-01-10T16:02:52.28,1,52/116,Holo Rare,140,Stage 2,[3P] Mind Bend (60) The Defending Pokemon is now Confused.,,Px2,,2,5.38,9.74,25.0,9.48,,Reverse Holofoil,"Plasma Search - Once during your turn (before your attack), you may search your deck for a Team Plasma card, reveal it, and put it into your hand.  Shuffle your deck afterward.  You may not use an Ability with the same name during your turn.  (Ability)",
87383,Metang,Metang,https://tcgplayer-cdn.tcgplayer.com/product/87383_200w.jpg,3,1382,https://cpt.tcgcsv.com/HZJ,2023-01-10T16:02:43.807,1,51/116,Uncommon,90,Stage 1,"[P] Psy Bolt (10) Flip a coin.  If heads, the Defending Pokemon is now Paralyzed.",[2P] Psypunch (50),Px2,,2,0.05,0.25,5.0,0.25,,Normal,,
87383,Metang,Metang,https://tcgplayer-cdn.tcgplayer.com/product/87383_200w.jpg,3,1382,https://cpt.tcgcsv.com/HZJ,2023-01-10T16:02:43.807,1,51/116,Uncommon,90,Stage 1,"[P] Psy Bolt (10) Flip a coin.  If heads, the Defending Pokemon is now Paralyzed.",[2P] Psypunch (50),Px2,,2,0.25,0.71,2.0,0.96,0.67,Reverse Holofoil,,
87467,Miltank,Miltank,https://tcgplayer-cdn.tcgplayer.com/product/87467_200w.jpg,3,1382,https://cpt.tcgcsv.com/m_J,2025-12-04T05:40:11.123,1,93/116,Uncommon,100,Basic,"[2] Max Milk - Heal all damage from 1 of your Pokemon.  Then, discard all Energy attached to this Pokemon.",[2] Tackle (30),Fx2,,3,0.23,0.51,1.56,0.57,0.38,Normal,,
87467,Miltank,Miltank,https://tcgplayer-cdn.tcgplayer.com/product/87467_200w.jpg,3,1382,https://cpt.tcgcsv.com/m_J,2025-12-04T05:40:11.123,1,93/116,Uncommon,100,Basic,"[2] Max Milk - Heal all damage from 1 of your Pokemon.  Then, discard all Energy attached to this Pokemon.",[2] Tackle (30),Fx2,,3,0.88,4.11,6.0,3.58,,Reverse Holofoil,,
87595,Mr. Mime,Mr Mime,https://tcgplayer-cdn.tcgplayer.com/product/87595_200w.jpg,3,1382,https://cpt.tcgcsv.com/W2K,2023-01-10T16:02:09.487,1,47/116,Rare,70,Basic,"[1P] Psy Bolt (20) Flip a coin.  If heads, the Defending Pokemon is now Paralyzed.",,Px2,,1,9.3,12.43,24.99,11.68,,Normal,Bench Barrier - Prevent all damage done to your Benched Pokemon by attacks.  (Ability),
87595,Mr. Mime,Mr Mime,https://tcgplayer-cdn.tcgplayer.com/product/87595_200w.jpg,3,1382,https://cpt.tcgcsv.com/W2K,2023-01-10T16:02:09.487,1,47/116,Rare,70,Basic,"[1P] Psy Bolt (20) Flip a coin.  If heads, the Defending Pokemon is now Paralyzed.",,Px2,,1,20.02,50.0,55.0,32.97,,Reverse Holofoil,Bench Barrier - Prevent all damage done to your Benched Pokemon by attacks.  (Ability),
87627,Muk (Team Plasma),Muk Team Plasma,https://tcgplayer-cdn.tcgplayer.com/product/87627_200w.jpg,3,1382,https://cpt.tcgcsv.com/z3K,2023-01-10T16:01:59.52,1,46/116,Rare,100,Stage 1,"[2P] Poison Suction (60) If the Defending Pokemon is Poisoned, heal 60 damage from this Pokemon.","[2PP] Sludge Crash (80) Flip a coin until you get tails.  For each heads, discard an Energy attached to the Defending Pokemon.",Px2,,3,0.39,0.65,3.38,0.77,,Normal,,
87627,Muk (Team Plasma),Muk Team Plasma,https://tcgplayer-cdn.tcgplayer.com/product/87627_200w.jpg,3,1382,https://cpt.tcgcsv.com/z3K,2023-01-10T16:01:59.52,1,46/116,Rare,100,Stage 1,"[2P] Poison Suction (60) If the Defending Pokemon is Poisoned, heal 60 damage from this Pokemon.","[2PP] Sludge Crash (80) Flip a coin until you get tails.  For each heads, discard an Energy attached to the Defending Pokemon.",Px2,,3,1.99,3.99,6.0,4.03,,Reverse Holofoil,,
87700,Nidoking,Nidoking,https://tcgplayer-cdn.tcgplayer.com/product/87700_200w.jpg,3,1382,https://cpt.tcgcsv.com/06K,2023-01-10T16:03:41.393,1,58/116,Rare,140,Stage 2,[2] Lovestrike (20+) Does 40 more damage for each Nidoqueen on your Bench.,[3F] Horn Drill (90),Wx2,L-20,3,0.89,1.55,5.99,1.57,,Normal,,
87700,Nidoking,Nidoking,https://tcgplayer-cdn.tcgplayer.com/product/87700_200w.jpg,3,1382,https://cpt.tcgcsv.com/06K,2023-01-10T16:03:41.393,1,58/116,Rare,140,Stage 2,[2] Lovestrike (20+) Does 40 more damage for each Nidoqueen on your Bench.,[3F] Horn Drill (90),Wx2,L-20,3,5.21,8.25,25.0,7.76,,Reverse Holofoil,,
87711,Nidoqueen,Nidoqueen,https://tcgplayer-cdn.tcgplayer.com/product/87711_200w.jpg,3,1382,https://cpt.tcgcsv.com/f6K,2023-01-10T16:01:26.053,1,42/116,Rare,130,Stage 2,[1P] Poison Horn (50) The Defending Pokemon is now Poisoned.,[2P] Double Stomp (60+) Flip 2 coins.  This attack does 30 more damage for each heads.,Px2,,3,0.52,0.98,2.99,1.01,,Normal,,
87711,Nidoqueen,Nidoqueen,https://tcgplayer-cdn.tcgplayer.com/product/87711_200w.jpg,3,1382,https://cpt.tcgcsv.com/f6K,2023-01-10T16:01:26.053,1,42/116,Rare,130,Stage 2,[1P] Poison Horn (50) The Defending Pokemon is now Poisoned.,[2P] Double Stomp (60+) Flip 2 coins.  This attack does 30 more damage for each heads.,Px2,,3,0.89,1.57,15.0,2.62,,Reverse Holofoil,,
87721,Nidoran F,Nidoran F,https://tcgplayer-cdn.tcgplayer.com/product/87721_200w.jpg,3,1382,https://cpt.tcgcsv.com/r6K,2025-12-04T05:41:10.773,1,40/116,Common,60,Basic,"[1P] Poison Sting (20) Flip a coin.  If heads, the Defending Pokemon is now Poisoned.",,Px2,,1,0.1,0.31,5.0,0.38,0.37,Normal,,
87721,Nidoran F,Nidoran F,https://tcgplayer-cdn.tcgplayer.com/product/87721_200w.jpg,3,1382,https://cpt.tcgcsv.com/r6K,2025-12-04T05:41:10.773,1,40/116,Common,60,Basic,"[1P] Poison Sting (20) Flip a coin.  If heads, the Defending Pokemon is now Poisoned.",,Px2,,1,0.55,0.99,10.0,1.92,,Reverse Holofoil,,
87730,Nidoran M,Nidoran M,https://tcgplayer-cdn.tcgplayer.com/product/87730_200w.jpg,3,1382,https://cpt.tcgcsv.com/D6K,2023-01-10T16:01:35.513,1,43/116,Common,60,Basic,"[P] Hit Back (30) If this Pokemon has no damage counters on it, this attack does nothing.",,Px2,,1,0.09,0.25,1.49,0.23,,Normal,,
87730,Nidoran M,Nidoran M,https://tcgplayer-cdn.tcgplayer.com/product/87730_200w.jpg,3,1382,https://cpt.tcgcsv.com/D6K,2023-01-10T16:01:35.513,1,43/116,Common,60,Basic,"[P] Hit Back (30) If this Pokemon has no damage counters on it, this attack does nothing.",,Px2,,1,0.25,0.86,10.0,1.23,0.95,Reverse Holofoil,,
87739,Nidorina,Nidorina,https://tcgplayer-cdn.tcgplayer.com/product/87739_200w.jpg,3,1382,https://cpt.tcgcsv.com/P6K,2023-01-10T16:01:17.027,1,41/116,Uncommon,90,Stage 1,[1P] Poison Sting (20) The Defending Pokemon is now Poisoned.,[2P] Double Kick (40x) Flip 2 coins.  This attack does 40 damage times the number of heads.,Px2,,3,0.15,0.38,1.6,0.42,,Normal,,
87739,Nidorina,Nidorina,https://tcgplayer-cdn.tcgplayer.com/product/87739_200w.jpg,3,1382,https://cpt.tcgcsv.com/P6K,2023-01-10T16:01:17.027,1,41/116,Uncommon,90,Stage 1,[1P] Poison Sting (20) The Defending Pokemon is now Poisoned.,[2P] Double Kick (40x) Flip 2 coins.  This attack does 40 damage times the number of heads.,Px2,,3,0.7,0.99,10.0,1.03,,Reverse Holofoil,,
87748,Nidorino,Nidorino,https://tcgplayer-cdn.tcgplayer.com/product/87748_200w.jpg,3,1382,https://cpt.tcgcsv.com/-6K,2025-02-05T21:12:08.433,1,44/116,Uncommon,90,Stage 1,[1P] Double Kick 30x) Flip 2 coins.  This attack does 30 damage times the number of heads.,[3] Horn Attack (50),Px2,,3,0.18,0.28,1.53,0.28,,Normal,,
87748,Nidorino,Nidorino,https://tcgplayer-cdn.tcgplayer.com/product/87748_200w.jpg,3,1382,https://cpt.tcgcsv.com/-6K,2025-02-05T21:12:08.433,1,44/116,Uncommon,90,Stage 1,[1P] Double Kick 30x) Flip 2 coins.  This attack does 30 damage times the number of heads.,[3] Horn Attack (50),Px2,,3,0.59,0.9,10.0,1.0,,Reverse Holofoil,,
87796,Noctowl,Noctowl,https://tcgplayer-cdn.tcgplayer.com/product/87796_200w.jpg,3,1382,https://cpt.tcgcsv.com/X7K,2023-01-10T16:13:02.913,1,92/116,Uncommon,90,Stage 1,[2] Powerful Vision (10x) Does 10 damage times the number of cards in your opponent's hand.,"[3] Fly (50) Flip a coin.  If tails, this attack does nothing.  If heads, prevent all effects of attacks, including damage, done to this Pokemon during your opponent's next turn.",Lx2,F-20,1,0.01,0.29,1.55,0.35,,Normal,,
87796,Noctowl,Noctowl,https://tcgplayer-cdn.tcgplayer.com/product/87796_200w.jpg,3,1382,https://cpt.tcgcsv.com/X7K,2023-01-10T16:13:02.913,1,92/116,Uncommon,90,Stage 1,[2] Powerful Vision (10x) Does 10 damage times the number of cards in your opponent's hand.,"[3] Fly (50) Flip a coin.  If tails, this attack does nothing.  If heads, prevent all effects of attacks, including damage, done to this Pokemon during your opponent's next turn.",Lx2,F-20,1,0.49,0.64,4.0,0.56,,Reverse Holofoil,,
87886,Onix,Onix,https://tcgplayer-cdn.tcgplayer.com/product/87886_200w.jpg,3,1382,https://cpt.tcgcsv.com/L9K,2023-01-10T16:06:27.173,1,61/116,Uncommon,100,Basic,[3] Tackle (30),[3F] Swing Around (60x) Flip 2 coins.  This attack does 60 damage times the number of heads.,Gx2,,3,0.22,0.5,1.84,0.54,,Normal,,
87886,Onix,Onix,https://tcgplayer-cdn.tcgplayer.com/product/87886_200w.jpg,3,1382,https://cpt.tcgcsv.com/L9K,2023-01-10T16:06:27.173,1,61/116,Uncommon,100,Basic,[3] Tackle (30),[3F] Swing Around (60x) Flip 2 coins.  This attack does 60 damage times the number of heads.,Gx2,,3,0.69,2.29,8.0,4.1,,Reverse Holofoil,,
87905,Pachirisu,Pachirisu,https://tcgplayer-cdn.tcgplayer.com/product/87905_200w.jpg,3,1382,https://cpt.tcgcsv.com/7bK,2025-02-05T21:12:08.51,1,37/116,Common,70,Basic,"[1] Minor Errand-Running - Search your deck for 2 basic Energy cards, reveal them, and put them into your hand.  Shuffle your deck afterward.","[L] Electric Tail (10) Flip a coin.  If heads, the Defending Pokemon is now Paralyzed.",Fx2,,1,0.05,0.26,1.52,0.3,,Normal,,
87905,Pachirisu,Pachirisu,https://tcgplayer-cdn.tcgplayer.com/product/87905_200w.jpg,3,1382,https://cpt.tcgcsv.com/7bK,2025-02-05T21:12:08.51,1,37/116,Common,70,Basic,"[1] Minor Errand-Running - Search your deck for 2 basic Energy cards, reveal them, and put them into your hand.  Shuffle your deck afterward.","[L] Electric Tail (10) Flip a coin.  If heads, the Defending Pokemon is now Paralyzed.",Fx2,,1,0.57,0.91,4.99,1.09,,Reverse Holofoil,,
87925,Palpitoad,Palpitoad,https://tcgplayer-cdn.tcgplayer.com/product/87925_200w.jpg,3,1382,https://cpt.tcgcsv.com/wbK,2025-12-04T04:08:49.783,1,25/116,Uncommon,90,Stage 1,[2] Vibration (20),"[2W] Suspicious Soundwave (30) Flip a coin.  If heads, the Defending Pokemon is now Confused.",Gx2,,2,0.09,0.25,1.45,0.22,0.25,Normal,,
87925,Palpitoad,Palpitoad,https://tcgplayer-cdn.tcgplayer.com/product/87925_200w.jpg,3,1382,https://cpt.tcgcsv.com/wbK,2025-12-04T04:08:49.783,1,25/116,Uncommon,90,Stage 1,[2] Vibration (20),"[2W] Suspicious Soundwave (30) Flip a coin.  If heads, the Defending Pokemon is now Confused.",Gx2,,2,0.27,0.49,2.0,0.42,0.45,Reverse Holofoil,,
87970,Pawniard (71),Pawniard 71,https://tcgplayer-cdn.tcgplayer.com/product/87970_200w.jpg,3,1382,https://cpt.tcgcsv.com/qcK,2025-12-04T05:42:19.48,1,71/116,Common,60,Basic,[D] Slash (10),,Fx2,P-20,1,0.08,0.25,19.98,0.29,0.18,Normal,,
87970,Pawniard (71),Pawniard 71,https://tcgplayer-cdn.tcgplayer.com/product/87970_200w.jpg,3,1382,https://cpt.tcgcsv.com/qcK,2025-12-04T05:42:19.48,1,71/116,Common,60,Basic,[D] Slash (10),,Fx2,P-20,1,0.1,0.4,2.0,0.33,0.25,Reverse Holofoil,,
87971,Pawniard (72),Pawniard 72,https://tcgplayer-cdn.tcgplayer.com/product/87971_200w.jpg,3,1382,https://cpt.tcgcsv.com/rcK,2025-12-04T04:09:43.51,1,72/116,Common,50,Basic,[1D] Cut (30),,Fx2,P-20,1,0.08,0.24,5.0,0.21,0.18,Normal,,
87971,Pawniard (72),Pawniard 72,https://tcgplayer-cdn.tcgplayer.com/product/87971_200w.jpg,3,1382,https://cpt.tcgcsv.com/rcK,2025-12-04T04:09:43.51,1,72/116,Common,50,Basic,[1D] Cut (30),,Fx2,P-20,1,0.27,0.41,2.0,0.32,0.27,Reverse Holofoil,,
88156,Plasma Energy (Team Plasma),Plasma Energy Team Plasma,https://tcgplayer-cdn.tcgplayer.com/product/88156_200w.jpg,3,1382,https://cpt.tcgcsv.com/8hK,2025-12-04T04:10:32.66,1,106/116,Uncommon,0,Special Energy,This card provides 1 Energy.,,,,,0.1,0.36,3.0,0.38,,Normal,,Energy
88156,Plasma Energy (Team Plasma),Plasma Energy Team Plasma,https://tcgplayer-cdn.tcgplayer.com/product/88156_200w.jpg,3,1382,https://cpt.tcgcsv.com/8hK,2025-12-04T04:10:32.66,1,106/116,Uncommon,0,Special Energy,This card provides 1 Energy.,,,,,1.5,2.58,7.18,2.99,,Reverse Holofoil,,Energy
88366,Primeape,Primeape,https://tcgplayer-cdn.tcgplayer.com/product/88366_200w.jpg,3,1382,https://cpt.tcgcsv.com/lmK,2023-01-10T16:03:58.03,1,60/116,Common,90,Stage 1,[2] Fury Swipes (30x) Flip 3 coins.  This attack does 30 damage times the number of heads.,[FF] Karate Chop (80-) Does 80 damage minus 10 damage for each damage counter on this Pokemon.,Px2,,1,0.1,0.3,5.0,0.44,,Normal,,
88366,Primeape,Primeape,https://tcgplayer-cdn.tcgplayer.com/product/88366_200w.jpg,3,1382,https://cpt.tcgcsv.com/lmK,2023-01-10T16:03:58.03,1,60/116,Common,90,Stage 1,[2] Fury Swipes (30x) Flip 3 coins.  This attack does 30 damage times the number of heads.,[FF] Karate Chop (80-) Does 80 damage minus 10 damage for each damage counter on this Pokemon.,Px2,,1,0.26,1.0,3.79,1.23,,Reverse Holofoil,,
88398,Professor Juniper (116 Full Art),Professor Juniper 116 Full Art,https://tcgplayer-cdn.tcgplayer.com/product/88398_200w.jpg,3,1382,https://cpt.tcgcsv.com/-mK,2025-11-12T15:55:21.26,1,116/116,Ultra Rare,0,Supporter,Discard your hand and draw 7 cards.,,,,,61.0,79.47,129.34,108.05,129.34,Holofoil,You may play only 1 Supporter card per turn (before your attack).,Supporter
88474,Quagsire,Quagsire,https://tcgplayer-cdn.tcgplayer.com/product/88474_200w.jpg,3,1382,https://cpt.tcgcsv.com/vpK,2023-01-10T15:57:14.973,1,22/116,Rare,100,Stage 1,"[2W] Mud Gun (60+) If this Pokemon has any F Energy attached to it, this attack does 30 more damage.",,Gx2,,3,0.45,2.2,9.99,2.36,,Normal,Laid-Back - Any damage done to this Pokemon by attacks is reduced by 20 (after applying Weakness and Resistance).  (Ability),
88474,Quagsire,Quagsire,https://tcgplayer-cdn.tcgplayer.com/product/88474_200w.jpg,3,1382,https://cpt.tcgcsv.com/vpK,2023-01-10T15:57:14.973,1,22/116,Rare,100,Stage 1,"[2W] Mud Gun (60+) If this Pokemon has any F Energy attached to it, this attack does 30 more damage.",,Gx2,,3,8.5,9.98,10.01,9.53,,Reverse Holofoil,Laid-Back - Any damage done to this Pokemon by attacks is reduced by 20 (after applying Weakness and Resistance).  (Ability),
88608,Raticate (Team Plasma),Raticate Team Plasma,https://tcgplayer-cdn.tcgplayer.com/product/88608_200w.jpg,3,1382,https://cpt.tcgcsv.com/bsK,2025-12-04T05:43:20.467,1,88/116,Rare,70,Stage 1,"[1] Transfer Junk - Put a Team Plasma Pokemon, a Team Plasma Trainer card, and a Team Plasma Energy card from your discard pile into your hand.",[2] Bite (30),Fx2,,0,0.32,0.6,2.0,0.69,,Normal,,
88608,Raticate (Team Plasma),Raticate Team Plasma,https://tcgplayer-cdn.tcgplayer.com/product/88608_200w.jpg,3,1382,https://cpt.tcgcsv.com/bsK,2025-12-04T05:43:20.467,1,88/116,Rare,70,Stage 1,"[1] Transfer Junk - Put a Team Plasma Pokemon, a Team Plasma Trainer card, and a Team Plasma Energy card from your discard pile into your hand.",[2] Bite (30),Fx2,,0,1.0,2.01,6.0,1.55,,Reverse Holofoil,,
88623,Rattata,Rattata,https://tcgplayer-cdn.tcgplayer.com/product/88623_200w.jpg,3,1382,https://cpt.tcgcsv.com/tsK,2023-01-10T16:12:21.533,1,87/116,Common,40,Basic,"[2] Lunge (30) Flip a coin.  If tails, this attack does nothing.",,Fx2,,1,0.05,0.25,1.55,0.28,,Normal,,
88623,Rattata,Rattata,https://tcgplayer-cdn.tcgplayer.com/product/88623_200w.jpg,3,1382,https://cpt.tcgcsv.com/tsK,2023-01-10T16:12:21.533,1,87/116,Common,40,Basic,"[2] Lunge (30) Flip a coin.  If tails, this attack does nothing.",,Fx2,,1,0.98,1.21,6.0,1.88,,Reverse Holofoil,,
88708,Reshiram,Reshiram,https://tcgplayer-cdn.tcgplayer.com/product/88708_200w.jpg,3,1382,https://cpt.tcgcsv.com/bvK,2023-01-10T15:54:38.413,1,17/116,Holo Rare,130,Basic,[2R] Purifying Flame (50) Remove all Special Conditions from this Pokemon.,"[3R] Fusion Flare (80+) If Zekrom is on your Bench, this attack does 40 more damage.",Wx2,,2,1.73,3.83,14.99,3.86,,Holofoil,,
88708,Reshiram,Reshiram,https://tcgplayer-cdn.tcgplayer.com/product/88708_200w.jpg,3,1382,https://cpt.tcgcsv.com/bvK,2023-01-10T15:54:38.413,1,17/116,Holo Rare,130,Basic,[2R] Purifying Flame (50) Remove all Special Conditions from this Pokemon.,"[3R] Fusion Flare (80+) If Zekrom is on your Bench, this attack does 40 more damage.",Wx2,,2,1.5,6.76,18.75,3.72,,Reverse Holofoil,,
88766,Rock Guard,Rock Guard,https://tcgplayer-cdn.tcgplayer.com/product/88766_200w.jpg,3,1382,https://cpt.tcgcsv.com/lwK,2025-11-12T15:57:56.007,1,108/116,Rare Ace,0,Tool,"If the Pokemon this card is attached to is your Active Pokemon and is damaged by an opponent's attack (even if the Pokemon is Knocked Out), put 6 damage counters on the Attacking Pokemon.",,,,,1.19,2.87,9.99,2.83,,Holofoil,Attach a Pokemon Tool to 1 of your Pokemon that doesn't already have a Pokemon Tool attached to it.,Item
88858,Sableye (Team Plasma),Sableye Team Plasma,https://tcgplayer-cdn.tcgplayer.com/product/88858_200w.jpg,3,1382,https://cpt.tcgcsv.com/bzK,2023-01-10T16:02:26.217,1,49/116,Rare,70,Basic,[1] Scratch (10),[1P] Shadow Cage (20) The Defending Pokemon can't retreat during your opponent's next turn.,,,1,1.0,3.12,6.0,3.21,,Normal,,
88858,Sableye (Team Plasma),Sableye Team Plasma,https://tcgplayer-cdn.tcgplayer.com/product/88858_200w.jpg,3,1382,https://cpt.tcgcsv.com/bzK,2023-01-10T16:02:26.217,1,49/116,Rare,70,Basic,[1] Scratch (10),[1P] Shadow Cage (20) The Defending Pokemon can't retreat during your opponent's next turn.,,,1,3.65,12.48,30.0,6.06,,Reverse Holofoil,,
88916,Sandile,Sandile,https://tcgplayer-cdn.tcgplayer.com/product/88916_200w.jpg,3,1382,https://cpt.tcgcsv.com/lBK,2025-11-12T15:59:13.643,1,68/116,Common,70,Basic,"[1D] Gentle Slap (10+) Flip a coin.  If heads, this attack does 20 more damage.",,Fx2,P-20,2,0.1,0.25,5.0,0.25,,Normal,,
88916,Sandile,Sandile,https://tcgplayer-cdn.tcgplayer.com/product/88916_200w.jpg,3,1382,https://cpt.tcgcsv.com/lBK,2025-11-12T15:59:13.643,1,68/116,Common,70,Basic,"[1D] Gentle Slap (10+) Flip a coin.  If heads, this attack does 20 more damage.",,Fx2,P-20,2,0.3,0.49,2.0,0.54,0.75,Reverse Holofoil,,
88953,Sceptile,Sceptile,https://tcgplayer-cdn.tcgplayer.com/product/88953_200w.jpg,3,1382,https://cpt.tcgcsv.com/5CK,2025-11-12T16:01:49.77,1,8/116,Holo Rare,130,Stage 2,"[1G] X-Scissor (30+) Flip a coin.  If heads, this attack does 40 more damage.",[1GG] Energy Bloom (80) Heal 20 damage from each of your Pokemon that has any Energy attached to it.,Rx2,W-20,2,3.0,4.41,19.99,4.67,,Holofoil,,
88953,Sceptile,Sceptile,https://tcgplayer-cdn.tcgplayer.com/product/88953_200w.jpg,3,1382,https://cpt.tcgcsv.com/5CK,2025-11-12T16:01:49.77,1,8/116,Holo Rare,130,Stage 2,"[1G] X-Scissor (30+) Flip a coin.  If heads, this attack does 40 more damage.",[1GG] Energy Bloom (80) Heal 20 damage from each of your Pokemon that has any Energy attached to it.,Rx2,W-20,2,3.5,4.0,7.99,7.99,,Reverse Holofoil,,
89017,Seadra,Seadra,https://tcgplayer-cdn.tcgplayer.com/product/89017_200w.jpg,3,1382,https://cpt.tcgcsv.com/mDK,2023-01-10T15:54:51.6,1,19/116,Uncommon,80,Stage 1,"[W] Smokescreen (20) If the Defending Pokemon tries to attack during your opponent's next turn, your opponent flips a coin.  If tails, that attack does nothing.",,Lx2,,1,0.16,0.32,1.56,0.3,,Normal,,
89017,Seadra,Seadra,https://tcgplayer-cdn.tcgplayer.com/product/89017_200w.jpg,3,1382,https://cpt.tcgcsv.com/mDK,2023-01-10T15:54:51.6,1,19/116,Uncommon,80,Stage 1,"[W] Smokescreen (20) If the Defending Pokemon tries to attack during your opponent's next turn, your opponent flips a coin.  If tails, that attack does nothing.",,Lx2,,1,0.3,1.06,2.0,1.2,,Reverse Holofoil,,
89060,Seismitoad (Team Plasma),Seismitoad Team Plasma,https://tcgplayer-cdn.tcgplayer.com/product/89060_200w.jpg,3,1382,https://cpt.tcgcsv.com/dFK,2025-11-21T15:28:20.133,1,26/116,Rare,140,Stage 2,[2] Seismic Punch (30) Does 30 damage to each Benched Pokemon (both yours and your opponent's).  (Don't apply Weakness and Resistance for Benched Pokemon.),[2WW] Splashing Turn (80) Switch this Pokemon with 1 of your Benched Pokemon.,Gx2,,3,0.22,0.55,5.0,0.54,,Normal,,
89060,Seismitoad (Team Plasma),Seismitoad Team Plasma,https://tcgplayer-cdn.tcgplayer.com/product/89060_200w.jpg,3,1382,https://cpt.tcgcsv.com/dFK,2025-11-21T15:28:20.133,1,26/116,Rare,140,Stage 2,[2] Seismic Punch (30) Does 30 damage to each Benched Pokemon (both yours and your opponent's).  (Don't apply Weakness and Resistance for Benched Pokemon.),[2WW] Splashing Turn (80) Switch this Pokemon with 1 of your Benched Pokemon.,Gx2,,3,0.99,2.0,4.0,2.48,,Reverse Holofoil,,
89096,Shadow Triad (Team Plasma),Shadow Triad Team Plasma,https://tcgplayer-cdn.tcgplayer.com/product/89096_200w.jpg,3,1382,https://cpt.tcgcsv.com/XFK,2024-09-17T09:10:03.177,1,102/116,Uncommon,0,Supporter,Put a Team Plasma card from your discard pile into your hand.,,,,,0.05,0.25,2.24,0.23,0.19,Normal,You may play only 1 Supporter card per turn (before your attack).,Supporter
89096,Shadow Triad (Team Plasma),Shadow Triad Team Plasma,https://tcgplayer-cdn.tcgplayer.com/product/89096_200w.jpg,3,1382,https://cpt.tcgcsv.com/XFK,2024-09-17T09:10:03.177,1,102/116,Uncommon,0,Supporter,Put a Team Plasma card from your discard pile into your hand.,,,,,0.4,2.78,10.0,2.67,,Reverse Holofoil,You may play only 1 Supporter card per turn (before your attack).,Supporter
89207,Sigilyph,Sigilyph,https://tcgplayer-cdn.tcgplayer.com/product/89207_200w.jpg,3,1382,https://cpt.tcgcsv.com/9JK,2023-01-10T16:16:41.04,1,118/116,Secret Rare,90,Basic,[2P] Psychic (50+) Does 10 more damage for each Energy attached to the Defending Pokemon.,,Px2,,1,64.05,120.0,200.0,74.67,,Holofoil,"Safeguard - Prevent all effects of attacks, including damage, done to this Pokemon by Pokemon-EX.  (Ability)",Psychic
89373,Sneasel,Sneasel,https://tcgplayer-cdn.tcgplayer.com/product/89373_200w.jpg,3,1382,https://cpt.tcgcsv.com/tMK,2023-01-10T16:07:03.373,1,65/116,Common,70,Basic,"[1D] Quick Attack (20+) Flip a coin.  If heads, this attack does 20 more damage.",,Fx2,P-20,1,0.13,0.25,5.0,0.25,,Normal,,
89373,Sneasel,Sneasel,https://tcgplayer-cdn.tcgplayer.com/product/89373_200w.jpg,3,1382,https://cpt.tcgcsv.com/tMK,2023-01-10T16:07:03.373,1,65/116,Common,70,Basic,"[1D] Quick Attack (20+) Flip a coin.  If heads, this attack does 20 more damage.",,Fx2,P-20,1,0.32,0.56,2.0,0.77,,Reverse Holofoil,,
89510,Staraptor,Staraptor,https://tcgplayer-cdn.tcgplayer.com/product/89510_200w.jpg,3,1382,https://cpt.tcgcsv.com/dQK,2023-01-10T16:13:35.543,1,97/116,Rare,130,Stage 2,[3] Wing Attack (60),[4] Strong Breeze - Your opponent shuffles the Defending Pokemon and all cards attached to it into his or her deck.,Lx2,F-20,1,0.4,0.69,4.0,0.78,,Normal,,
89510,Staraptor,Staraptor,https://tcgplayer-cdn.tcgplayer.com/product/89510_200w.jpg,3,1382,https://cpt.tcgcsv.com/dQK,2023-01-10T16:13:35.543,1,97/116,Rare,130,Stage 2,[3] Wing Attack (60),[4] Strong Breeze - Your opponent shuffles the Defending Pokemon and all cards attached to it into his or her deck.,Lx2,F-20,1,1.25,3.57,6.0,3.34,,Reverse Holofoil,,
89518,Staravia,Staravia,https://tcgplayer-cdn.tcgplayer.com/product/89518_200w.jpg,3,1382,https://cpt.tcgcsv.com/nQK,2023-01-10T16:13:29.827,1,96/116,Uncommon,80,Stage 1,"[2] Take Down (30) Flip a coin.  If tails, this Pokemon does 10 damage to itself.",,Lx2,F-20,1,0.09,0.25,5.0,0.22,,Normal,,
89518,Staravia,Staravia,https://tcgplayer-cdn.tcgplayer.com/product/89518_200w.jpg,3,1382,https://cpt.tcgcsv.com/nQK,2023-01-10T16:13:29.827,1,96/116,Uncommon,80,Stage 1,"[2] Take Down (30) Flip a coin.  If tails, this Pokemon does 10 damage to itself.",,Lx2,F-20,1,0.3,0.49,2.33,0.41,,Reverse Holofoil,,
89526,Starly,Starly,https://tcgplayer-cdn.tcgplayer.com/product/89526_200w.jpg,3,1382,https://cpt.tcgcsv.com/xQK,2023-01-10T16:13:23.673,1,95/116,Common,60,Basic,[1] Tackle (10),,Lx2,F-20,1,0.07,0.24,5.0,0.24,,Normal,,
89526,Starly,Starly,https://tcgplayer-cdn.tcgplayer.com/product/89526_200w.jpg,3,1382,https://cpt.tcgcsv.com/xQK,2023-01-10T16:13:23.673,1,95/116,Common,60,Basic,[1] Tackle (10),,Lx2,F-20,1,0.19,0.44,2.42,0.41,,Reverse Holofoil,,
89565,Steelix (Team Plasma),Steelix Team Plasma,https://tcgplayer-cdn.tcgplayer.com/product/89565_200w.jpg,3,1382,https://cpt.tcgcsv.com/kRK,2023-01-10T16:10:40.917,1,79/116,Rare,150,Stage 1,"[2M] Metal Defender (50) During your opponent's next turn, this Pokemon has no Weakness.",[4M] Heavy Impact (100),Rx2,P-20,4,0.6,2.09,4.69,1.97,,Normal,,
89565,Steelix (Team Plasma),Steelix Team Plasma,https://tcgplayer-cdn.tcgplayer.com/product/89565_200w.jpg,3,1382,https://cpt.tcgcsv.com/kRK,2023-01-10T16:10:40.917,1,79/116,Rare,150,Stage 1,"[2M] Metal Defender (50) During your opponent's next turn, this Pokemon has no Weakness.",[4M] Heavy Impact (100),Rx2,P-20,4,17.95,18.98,20.0,9.18,,Reverse Holofoil,,
89642,Superior Energy Retrieval,Superior Energy Retrieval,https://tcgplayer-cdn.tcgplayer.com/product/89642_200w.jpg,3,1382,https://cpt.tcgcsv.com/SSK,2025-12-04T04:13:58.03,1,103/116,Uncommon,0,Item,"Discard 2 cards from your hand.  (If you can't discard 2 cards, you can't play this card.)  Put 4 basic Energy cards from your discard pile into you hand.  (You can't choose a card you discarded with the effect of this card.)",,,,,0.95,1.74,3.27,1.94,2.22,Normal,You may play as many Item cards as you like during your turn (before your attack).,Item
89642,Superior Energy Retrieval,Superior Energy Retrieval,https://tcgplayer-cdn.tcgplayer.com/product/89642_200w.jpg,3,1382,https://cpt.tcgcsv.com/SSK,2025-12-04T04:13:58.03,1,103/116,Uncommon,0,Item,"Discard 2 cards from your hand.  (If you can't discard 2 cards, you can't play this card.)  Put 4 basic Energy cards from your discard pile into you hand.  (You can't choose a card you discarded with the effect of this card.)",,,,,8.0,10.15,15.0,8.53,,Reverse Holofoil,You may play as many Item cards as you like during your turn (before your attack).,Item
89847,Team Plasma Badge (Team Plasma),Team Plasma Badge Team Plasma,https://tcgplayer-cdn.tcgplayer.com/product/89847_200w.jpg,3,1382,https://cpt.tcgcsv.com/ZXK,2025-02-05T21:12:08.653,1,104/116,Uncommon,0,Tool,The Pokemon this card is attached to is a Team Plasma Pokemon.,,,,,0.08,0.28,2.0,0.28,,Normal,Attach a Pokemon Tool to 1 of your Pokemon that doesn't already have a Pokemon Tool attached to it.,Item
89847,Team Plasma Badge (Team Plasma),Team Plasma Badge Team Plasma,https://tcgplayer-cdn.tcgplayer.com/product/89847_200w.jpg,3,1382,https://cpt.tcgcsv.com/ZXK,2025-02-05T21:12:08.653,1,104/116,Uncommon,0,Tool,The Pokemon this card is attached to is a Team Plasma Pokemon.,,,,,0.49,0.78,4.0,0.61,,Reverse Holofoil,Attach a Pokemon Tool to 1 of your Pokemon that doesn't already have a Pokemon Tool attached to it.,Item
89848,Team Plasma Ball (Team Plasma),Team Plasma Ball Team Plasma,https://tcgplayer-cdn.tcgplayer.com/product/89848_200w.jpg,3,1382,https://cpt.tcgcsv.com/-XK,2025-11-21T15:29:15.553,1,105/116,Uncommon,0,Item,"Search your deck for a Team Plasma Pokemon, reveal it, and put it into your hand.  Shuffle your deck afterward.",,,,,0.05,0.28,19.98,0.31,0.23,Normal,You may play as many Item cards as you like during your turn (before your attack).,Item
89848,Team Plasma Ball (Team Plasma),Team Plasma Ball Team Plasma,https://tcgplayer-cdn.tcgplayer.com/product/89848_200w.jpg,3,1382,https://cpt.tcgcsv.com/-XK,2025-11-21T15:29:15.553,1,105/116,Uncommon,0,Item,"Search your deck for a Team Plasma Pokemon, reveal it, and put it into your hand.  Shuffle your deck afterward.",,,,,1.33,2.02,29.99,1.92,29.99,Reverse Holofoil,You may play as many Item cards as you like during your turn (before your attack).,Item
89907,Thundurus EX (Team Plasma),Thundurus EX Team Plasma,https://tcgplayer-cdn.tcgplayer.com/product/89907_200w.jpg,3,1382,https://cpt.tcgcsv.com/9-K,2023-01-10T16:00:00.527,1,38/116,Ultra Rare,170,Basic,[L] Raiden Knuckle (30) Attach an Energy card from your discard pile to 1 of your Benched Team Plasma Pokemon.,"[2LL] Thunderous Noise (90) If this Pokemon has any Plasma Energy attached to it, discard an Energy attached to the Defending Pokemon.",Fx2,,1,7.0,9.55,15.99,9.78,,Holofoil,,
89909,Thundurus EX (Team Plasma) (110 Full Art),Thundurus EX Team Plasma 110 Full Art,https://tcgplayer-cdn.tcgplayer.com/product/89909_200w.jpg,3,1382,https://cpt.tcgcsv.com/c-K,2023-01-10T16:15:32.49,1,110/116,Ultra Rare,170,Basic,[L] Raiden Knuckle (30) Attach an Energy card from your discard pile to 1 of your Benched Team Plasma Pokemon.,"[2LL] Thunderous Noise (90) If this Pokemon has any Plasma Energy attached to it, discard an Energy attached to the Defending Pokemon.",Fx2,,1,80.0,101.64,1999.99,137.5,,Holofoil,,Lightning
89981,Tornadus EX (Team Plasma),Tornadus EX Team Plasma,https://tcgplayer-cdn.tcgplayer.com/product/89981_200w.jpg,3,1382,https://cpt.tcgcsv.com/F_K,2023-01-10T16:13:41.987,1,98/116,Ultra Rare,180,Basic,"[1] Windfall - Shuffle your hand into your deck.  Then, draw 6 cards.",[4] Jet Blast (60+)  Does 30 more damage for each Plasma Energy attached to this Pokemon.,Lx2,F-20,2,9.3,10.99,17.9,10.89,,Holofoil,,
89982,Tornadus EX (Team Plasma) (114 Full Art),Tornadus EX Team Plasma 114 Full Art,https://tcgplayer-cdn.tcgplayer.com/product/89982_200w.jpg,3,1382,https://cpt.tcgcsv.com/G_K,2023-01-10T16:16:08.55,1,114/116,Ultra Rare,180,Basic,"[1] Windfall - Shuffle your hand into your deck.  Then, draw 6 cards.",[4] Jet Blast (60+)  Does 30 more damage for each Plasma Energy attached to this Pokemon.,Lx2,F-20,2,63.5,86.35,135.0,93.77,,Holofoil,,Colorless
90043,Treecko,Treecko,https://tcgplayer-cdn.tcgplayer.com/product/90043_200w.jpg,3,1382,https://cpt.tcgcsv.com/T0L,2023-01-10T15:52:47.993,1,6/116,Common,60,Basic,[1] Pound (10),[1G] Reckless Charge (30) This Pokemon does 10 damage to itself.,Rx2,W-20,1,0.17,0.38,5.0,0.51,,Normal,,
90043,Treecko,Treecko,https://tcgplayer-cdn.tcgplayer.com/product/90043_200w.jpg,3,1382,https://cpt.tcgcsv.com/T0L,2023-01-10T15:52:47.993,1,6/116,Common,60,Basic,[1] Pound (10),[1G] Reckless Charge (30) This Pokemon does 10 damage to itself.,Rx2,W-20,1,0.83,2.31,4.99,1.7,,Reverse Holofoil,,
90091,Tympole,Tympole,https://tcgplayer-cdn.tcgplayer.com/product/90091_200w.jpg,3,1382,https://cpt.tcgcsv.com/R2L,2023-01-10T15:57:38.977,1,24/116,Common,60,Basic,"[W] Surprise Attack (20) Flip a coin.  If tails, this attack does nothing.",,Gx2,,1,0.05,0.21,5.0,0.16,,Normal,,
90091,Tympole,Tympole,https://tcgplayer-cdn.tcgplayer.com/product/90091_200w.jpg,3,1382,https://cpt.tcgcsv.com/R2L,2023-01-10T15:57:38.977,1,24/116,Common,60,Basic,"[W] Surprise Attack (20) Flip a coin.  If tails, this attack does nothing.",,Gx2,,1,0.28,0.51,2.0,0.54,,Reverse Holofoil,,
90135,Ultra Ball,Ultra Ball,https://tcgplayer-cdn.tcgplayer.com/product/90135_200w.jpg,3,1382,https://cpt.tcgcsv.com/K3L,2023-01-10T16:17:05.96,1,122/116,Secret Rare,0,Item,"Discard 2 cards from your hand.  (If you can't discard 2 cards, you can't play this card.)  Search your deck for a Pokemon, reveal it, and put it into your hand.  Shuffle your deck afterward.",,,,,679.42,956.58,1500.0,789.99,,Holofoil,You may play as many Item cards as you like during your turn (before your attack).,Item
90152,Umbreon (Team Plasma),Umbreon Team Plasma,https://tcgplayer-cdn.tcgplayer.com/product/90152_200w.jpg,3,1382,https://cpt.tcgcsv.com/35L,2025-12-04T05:45:09.97,1,64/116,Holo Rare,100,Stage 1,[2D] Darkness Fang (70),,Fx2,P-20,1,72.0,100.0,140.0,82.49,,Holofoil,Dark Shade - Each of your Team Plasma Pokemon in play gets +20 HP.  (Ability),
90152,Umbreon (Team Plasma),Umbreon Team Plasma,https://tcgplayer-cdn.tcgplayer.com/product/90152_200w.jpg,3,1382,https://cpt.tcgcsv.com/35L,2025-12-04T05:45:09.97,1,64/116,Holo Rare,100,Stage 1,[2D] Darkness Fang (70),,Fx2,P-20,1,75.97,100.0,166.99,70.19,,Reverse Holofoil,Dark Shade - Each of your Team Plasma Pokemon in play gets +20 HP.  (Ability),
90267,Vanillish,Vanillish,https://tcgplayer-cdn.tcgplayer.com/product/90267_200w.jpg,3,1382,https://cpt.tcgcsv.com/m7L,2023-01-10T15:58:22.453,1,28/116,Uncommon,80,Stage 1,"[2] Surefire Spin (20+) Flip 2 coins.  If both of them are heads, this attack does 40 more damage.",,Mx2,,1,0.05,0.27,1.49,0.27,,Normal,,
90267,Vanillish,Vanillish,https://tcgplayer-cdn.tcgplayer.com/product/90267_200w.jpg,3,1382,https://cpt.tcgcsv.com/m7L,2023-01-10T15:58:22.453,1,28/116,Uncommon,80,Stage 1,"[2] Surefire Spin (20+) Flip 2 coins.  If both of them are heads, this attack does 40 more damage.",,Mx2,,1,0.25,0.49,2.0,0.48,,Reverse Holofoil,,
90272,Vanillite,Vanillite,https://tcgplayer-cdn.tcgplayer.com/product/90272_200w.jpg,3,1382,https://cpt.tcgcsv.com/s7L,2023-01-10T15:58:13.857,1,27/116,Common,60,Basic,"[2] Jump On (20+) Flip a coin.  If heads, this attack does 10 more damage.",,Mx2,,1,0.03,0.25,1.49,0.25,,Normal,,
90272,Vanillite,Vanillite,https://tcgplayer-cdn.tcgplayer.com/product/90272_200w.jpg,3,1382,https://cpt.tcgcsv.com/s7L,2023-01-10T15:58:13.857,1,27/116,Common,60,Basic,"[2] Jump On (20+) Flip a coin.  If heads, this attack does 10 more damage.",,Mx2,,1,0.3,0.64,2.28,0.93,,Reverse Holofoil,,
90276,Vanilluxe (Team Plasma),Vanilluxe Team Plasma,https://tcgplayer-cdn.tcgplayer.com/product/90276_200w.jpg,3,1382,https://cpt.tcgcsv.com/x7L,2023-01-10T15:58:31.163,1,29/116,Rare,130,Stage 2,[1] ChillMAX (60x) Flip a coin for each Energy attached to this Pokemon.  This attack does 60 damage times the number of heads.,[1W] Cold Breath (40) The Defending Pokemon is now Asleep.,Mx2,,1,0.33,0.58,5.0,0.61,,Normal,,
90276,Vanilluxe (Team Plasma),Vanilluxe Team Plasma,https://tcgplayer-cdn.tcgplayer.com/product/90276_200w.jpg,3,1382,https://cpt.tcgcsv.com/x7L,2023-01-10T15:58:31.163,1,29/116,Rare,130,Stage 2,[1] ChillMAX (60x) Flip a coin for each Energy attached to this Pokemon.  This attack does 60 damage times the number of heads.,[1W] Cold Breath (40) The Defending Pokemon is now Asleep.,Mx2,,1,0.9,6.0,49.97,3.29,,Reverse Holofoil,,
90291,Vaporeon (Team Plasma),Vaporeon Team Plasma,https://tcgplayer-cdn.tcgplayer.com/product/90291_200w.jpg,3,1382,https://cpt.tcgcsv.com/R7L,2025-12-04T04:17:44.047,1,20/116,Uncommon,110,Stage 1,[1] Refreshing Rain - Heal 30 from each of your Pokemon.,"[1W] Gold Breaker (30+) If the Defending Pokemon is a Pokemon-EX, this attack does 50 more damage.",Gx2,,2,1.4,2.8,10.0,2.8,,Normal,,
90291,Vaporeon (Team Plasma),Vaporeon Team Plasma,https://tcgplayer-cdn.tcgplayer.com/product/90291_200w.jpg,3,1382,https://cpt.tcgcsv.com/R7L,2025-12-04T04:17:44.047,1,20/116,Uncommon,110,Stage 1,[1] Refreshing Rain - Heal 30 from each of your Pokemon.,"[1W] Gold Breaker (30+) If the Defending Pokemon is a Pokemon-EX, this attack does 50 more damage.",Gx2,,2,8.0,14.15,20.29,30.44,,Reverse Holofoil,,
90424,Voltorb,Voltorb,https://tcgplayer-cdn.tcgplayer.com/product/90424_200w.jpg,3,1382,https://cpt.tcgcsv.com/vbL,2025-02-05T21:12:08.73,1,32/116,Common,60,Basic,[1L] Rollout (20),,Fx2,,1,0.06,0.25,1.49,0.25,,Normal,,
90424,Voltorb,Voltorb,https://tcgplayer-cdn.tcgplayer.com/product/90424_200w.jpg,3,1382,https://cpt.tcgcsv.com/vbL,2025-02-05T21:12:08.73,1,32/116,Common,60,Basic,[1L] Rollout (20),,Fx2,,1,0.34,0.56,2.62,0.53,,Reverse Holofoil,,
90535,Weavile (Team Plasma),Weavile Team Plasma,https://tcgplayer-cdn.tcgplayer.com/product/90535_200w.jpg,3,1382,https://cpt.tcgcsv.com/KdL,2025-05-10T15:46:17.017,1,66/116,Rare,90,Stage 1,[1] Hail - This attack does 10 damage to each of your opponent's Pokemon.  (Don?t apply Weakness and Resistance for Benched Pokemon.),[1D] Vilify (30x) Discard as many Pokemon as you like from your hand.  This attack does 30 damage times the number of Pokemon you discarded.,Fx2,P-20,1,0.94,1.5,5.0,1.54,,Normal,,
90535,Weavile (Team Plasma),Weavile Team Plasma,https://tcgplayer-cdn.tcgplayer.com/product/90535_200w.jpg,3,1382,https://cpt.tcgcsv.com/KdL,2025-05-10T15:46:17.017,1,66/116,Rare,90,Stage 1,[1] Hail - This attack does 10 damage to each of your opponent's Pokemon.  (Don?t apply Weakness and Resistance for Benched Pokemon.),[1D] Vilify (30x) Discard as many Pokemon as you like from your hand.  This attack does 30 damage times the number of Pokemon you discarded.,Fx2,P-20,1,3.4,4.29,24.99,3.11,4.29,Reverse Holofoil,,
90547,Weedle,Weedle,https://tcgplayer-cdn.tcgplayer.com/product/90547_200w.jpg,3,1382,https://cpt.tcgcsv.com/ZdL,2023-01-10T15:51:57.86,1,1/116,Common,50,Basic,[G] Triple Stab (10x) Flip 3 coins.  This attack does 10 damage times the number of heads.,,Rx2,,1,0.09,0.25,5.0,0.31,,Normal,,
90547,Weedle,Weedle,https://tcgplayer-cdn.tcgplayer.com/product/90547_200w.jpg,3,1382,https://cpt.tcgcsv.com/ZdL,2023-01-10T15:51:57.86,1,1/116,Common,50,Basic,[G] Triple Stab (10x) Flip 3 coins.  This attack does 10 damage times the number of heads.,,Rx2,,1,0.2,1.22,7.4,1.6,,Reverse Holofoil,,
90638,Wooper,Wooper,https://tcgplayer-cdn.tcgplayer.com/product/90638_200w.jpg,3,1382,https://cpt.tcgcsv.com/NgL,2023-01-10T15:57:01.137,1,21/116,Common,70,Basic,[1W] Slam (20x) Flip 2 coins.  This attack does 20 damage times the number of heads.,,Gx2,,2,0.32,0.78,5.0,0.65,,Normal,,
90638,Wooper,Wooper,https://tcgplayer-cdn.tcgplayer.com/product/90638_200w.jpg,3,1382,https://cpt.tcgcsv.com/NgL,2023-01-10T15:57:01.137,1,21/116,Common,70,Basic,[1W] Slam (20x) Flip 2 coins.  This attack does 20 damage times the number of heads.,,Gx2,,2,10.99,14.5,15.0,12.82,,Reverse Holofoil,,
90678,Yamask (54),Yamask 54,https://tcgplayer-cdn.tcgplayer.com/product/90678_200w.jpg,3,1382,https://cpt.tcgcsv.com/BhL,2023-01-10T16:03:08.783,1,54/116,Common,50,Basic,[P] Transfer Pain - Move 1 damage counter from any of your Pokemon to any of your opponent's Pokemon.,,Dx2,,2,0.1,0.25,5.0,0.25,,Normal,,
90678,Yamask (54),Yamask 54,https://tcgplayer-cdn.tcgplayer.com/product/90678_200w.jpg,3,1382,https://cpt.tcgcsv.com/BhL,2023-01-10T16:03:08.783,1,54/116,Common,50,Basic,[P] Transfer Pain - Move 1 damage counter from any of your Pokemon to any of your opponent's Pokemon.,,Dx2,,2,0.35,0.73,2.2,0.73,,Reverse Holofoil,,
90679,Yamask (55),Yamask 55,https://tcgplayer-cdn.tcgplayer.com/product/90679_200w.jpg,3,1382,https://cpt.tcgcsv.com/ChL,2023-01-10T16:03:17.497,1,55/116,Common,60,Basic,[1] Will-O-Wisp (10),[2P] Ram (30),Dx2,,1,0.05,0.25,1.49,0.23,,Normal,,
90679,Yamask (55),Yamask 55,https://tcgplayer-cdn.tcgplayer.com/product/90679_200w.jpg,3,1382,https://cpt.tcgcsv.com/ChL,2023-01-10T16:03:17.497,1,55/116,Common,60,Basic,[1] Will-O-Wisp (10),[2P] Ram (30),Dx2,,1,0.25,0.49,3.84,0.54,0.35,Reverse Holofoil,,
90736,Zekrom,Zekrom,https://tcgplayer-cdn.tcgplayer.com/product/90736_200w.jpg,3,1382,https://cpt.tcgcsv.com/LjL,2024-09-14T16:08:30.443,1,39/116,Holo Rare,130,Basic,[2L] Mach Claw (50) This attack's damage isn't affected by Resistance.,"[3L] Fusion Bolt (80+) If Reshiram is on your Bench, this attack does 40 more damage.",Fx2,,2,1.82,3.54,5.38,3.66,,Holofoil,,
90736,Zekrom,Zekrom,https://tcgplayer-cdn.tcgplayer.com/product/90736_200w.jpg,3,1382,https://cpt.tcgcsv.com/LjL,2024-09-14T16:08:30.443,1,39/116,Holo Rare,130,Basic,[2L] Mach Claw (50) This attack's damage isn't affected by Resistance.,"[3L] Fusion Bolt (80+) If Reshiram is on your Bench, this attack does 40 more damage.",Fx2,,2,4.55,6.88,10.0,5.29,,Reverse Holofoil,,
90782,Zweilous,Zweilous,https://tcgplayer-cdn.tcgplayer.com/product/90782_200w.jpg,3,1382,https://cpt.tcgcsv.com/GkL,2023-01-10T16:10:26.183,1,77/116,Uncommon,90,Stage 1,[1D] Bite (30),"[2D] Body Slam (30) Flip a coin.  If heads, the Defending Pokemon is now Paralyzed.",Fx2,P-20,2,0.15,0.35,5.0,0.43,,Normal,,
90782,Zweilous,Zweilous,https://tcgplayer-cdn.tcgplayer.com/product/90782_200w.jpg,3,1382,https://cpt.tcgcsv.com/GkL,2023-01-10T16:10:26.183,1,77/116,Uncommon,90,Stage 1,[1D] Bite (30),"[2D] Body Slam (30) Flip a coin.  If heads, the Defending Pokemon is now Paralyzed.",Fx2,P-20,2,0.4,0.9,3.0,0.93,,Reverse Holofoil,,
98516,Plasma Freeze Booster Box,Plasma Freeze Booster Box,https://tcgplayer-cdn.tcgplayer.com/product/98516_200w.jpg,3,1382,https://cpt.tcgcsv.com/lqP,2015-05-06T12:50:20.38,1,,,,,,,,,,,,,,,,,
98517,Plasma Freeze Booster Pack,Plasma Freeze Booster Pack,https://tcgplayer-cdn.tcgplayer.com/product/98517_200w.jpg,3,1382,https://cpt.tcgcsv.com/mqP,2017-07-22T17:07:55.837,1,,,,,,,,,,325.0,325.0,325.0,214.14,,Normal,,
276602,Plasma Freeze Sleeved Booster Pack Art Bundle [Set of 4],Plasma Freeze Sleeved Booster Pack Art Bundle Set of 4,https://tcgplayer-cdn.tcgplayer.com/product/276602_200w.jpg,3,1382,https://cpt.tcgcsv.com/3Gd3,2022-06-20T19:51:45.913,1,,,,,,,,,,,,,,,,"Collect each of the 4 unique art packs for Plasma Freeze.
<br>Each Plasma Storm sleeved booster pack contains 10 random cards.",
280563,Code Card - Plasma Freeze Booster Pack,Code Card Plasma Freeze Booster Pack,https://tcgplayer-cdn.tcgplayer.com/product/280563_200w.jpg,3,1382,https://cpt.tcgcsv.com/hfg3,2022-07-27T20:54:55.833,1,,Code Card,,,,,,,,0.14,0.2,2.99,0.19,,Normal,"This listing is <strong>not</strong> a physical item. Please keep in mind that this <strong>Code Card</strong> listing represents a digital copy of the stated item for the Pokmon TCG Online <strong>and/or</strong> the Pokmon TCG Live games. You may receive the physical <strong>Code Card</strong>. Upon purchase, please work with your specific Seller by sending them a message using the <strong>Contact Seller</strong> button on the order details in your <a href=https://store.tcgplayer.com/myaccount/orderhistory>Order History</a> to opt in to having your <strong>Code Card</strong> code delivered digitally due to the nature of the product.",
486243,"Plasma Freeze Theme Deck - ""Frost Ray"" [Glaceon]",Plasma Freeze Theme Deck Frost Ray Glaceon,https://tcgplayer-cdn.tcgplayer.com/product/486243_200w.jpg,3,1382,https://cpt.tcgcsv.com/TvV5,2023-03-02T20:10:53.717,1,,,,,,,,,,,,,,,,"<em>Freeze your foes with fear when you play the Frost Ray theme deck! Use Glaceon's Icy Wind attack to send opposing Pokmon into a cold, deep sleep, and Vanilluxe's powerful ChillMAX attack to let them know they're in for a rude awakening! You'll command the battlefield with superior speed using Glaceon's Freeze Zone Ability, and help keep the Energy flowing with Electrode's Magnetic Draw. Then, as you call Team Plasma Pokmon and Trainer cards from the discard pile with Raticate's Transfer Junk attack, your opponents will know anyone unwary enough to challenge you will be put on ice!</em>
<br><br><strong>Contents:</strong>
<br> 1 60-card preconstructed deck
<br> Damage counters
<br> 1 coin",
486245,"Plasma Freeze Theme Deck - ""Psy Crusher"" [Leafeon]",Plasma Freeze Theme Deck Psy Crusher Leafeon,https://tcgplayer-cdn.tcgplayer.com/product/486245_200w.jpg,3,1382,https://cpt.tcgcsv.com/WvV5,2023-03-02T20:10:22.36,1,,,,,,,,,,,,,,,,"<em>Mash your opponents' minds with mental might when you play the Psy Crusher theme deck! Use Leafeon's Energy Crush attack to turn the power of opposing Pokmon on themselves, and make sure no Pokmon can escape when you unleash Cofagrigus's Elongating Arms attack! Espeon keeps the reinforcements coming with Psy Alert, and Muk deals damage and heals itself. Then, when Beedrill Confuses and Poisons using Swift Sting, it won't take a mind-reader to know that the shattered remnants of the forces facing you have been crushed!</em>
<br><br><strong>Contents:</strong>
<br> 1 60-card preconstructed deck
<br> Damage counters
<br> 1 coin",
