productId,name,cleanName,imageUrl,categoryId,groupId,url,modifiedOn,imageCount,extNumber,extRarity,extCardType,extHP,extStage,extCardText,extAttack1,extWeakness,extResistance,extRetreatCost,lowPrice,midPrice,highPrice,marketPrice,directLowPrice,subTypeName,extAttack2
83456,Absol ex,Absol ex,https://tcgplayer-cdn.tcgplayer.com/product/83456_200w.jpg,3,1383,https://cpt.tcgcsv.com/8pH,2024-04-11T17:52:04.13,1,92/108,Ultra Rare,Darkness,100,Basic,"Cursed Eyes - Once during your turn, when you put Absol ex from your hand onto your Bench, you may move 3 damage counters from 1 of your opponent's Pokemon to another of his or her Pokemon.  (Poke-POWER)",[1D] Psychic Pulse (30) Does 10 damage to each of your opponent's Benched Pokemon that has any damage counters on it.  (Don't apply Weakness and Resistance for Benched Pokemon.),F,P,1,160.0,199.99,243.8,239.98,,Holofoil,
83477,Aggron,Aggron,https://tcgplayer-cdn.tcgplayer.com/product/83477_200w.jpg,3,1383,https://cpt.tcgcsv.com/zpH,2025-11-10T23:12:37.193,1,1/108,Holo Rare,Metal,110,Stage 2,"Terraforming - Once during your turn (before your attack), you may look at the top 5 cards from your deck and put them back on top of your deck in any order.  This power can't be used if Aggron is affected by a Special Condition.  (Poke-POWER)",[3] Metal Claw (50),R,G,4,8.35,11.27,29.99,14.05,,Holofoil,[2MM] Mix-Up (70) Your opponent discards the top card of his or her deck.
83477,Aggron,Aggron,https://tcgplayer-cdn.tcgplayer.com/product/83477_200w.jpg,3,1383,https://cpt.tcgcsv.com/zpH,2025-11-10T23:12:37.193,1,1/108,Holo Rare,Metal,110,Stage 2,"Terraforming - Once during your turn (before your attack), you may look at the top 5 cards from your deck and put them back on top of your deck in any order.  This power can't be used if Aggron is affected by a Special Condition.  (Poke-POWER)",[3] Metal Claw (50),R,G,4,15.98,27.6,49.0,24.47,,Reverse Holofoil,[2MM] Mix-Up (70) Your opponent discards the top card of his or her deck.
83515,Altaria,Altaria,https://tcgplayer-cdn.tcgplayer.com/product/83515_200w.jpg,3,1383,https://cpt.tcgcsv.com/kqH,2024-04-11T17:52:04.487,1,2/108,Holo Rare,Colorless,80,Stage 1,"Synergy Effect - If Drake's Stadium is in play, remove 1 damage counter from Altaria between turns.  (Poke-BODY)","[1W] Surprise (30) Choose 1 card from your opponent's hand without looking.  Look at the card you chose, then have your opponent shuffle that card into his or her deck.",C,FG,1,8.0,11.47,203.99,12.17,,Holofoil,[2L] Gust (50)
83515,Altaria,Altaria,https://tcgplayer-cdn.tcgplayer.com/product/83515_200w.jpg,3,1383,https://cpt.tcgcsv.com/kqH,2024-04-11T17:52:04.487,1,2/108,Holo Rare,Colorless,80,Stage 1,"Synergy Effect - If Drake's Stadium is in play, remove 1 damage counter from Altaria between turns.  (Poke-BODY)","[1W] Surprise (30) Choose 1 card from your opponent's hand without looking.  Look at the card you chose, then have your opponent shuffle that card into his or her deck.",C,FG,1,5.93,11.0,16.66,11.73,,Reverse Holofoil,[2L] Gust (50)
83560,Anorith,Anorith,https://tcgplayer-cdn.tcgplayer.com/product/83560_200w.jpg,3,1383,https://cpt.tcgcsv.com/drH,2024-04-11T17:52:04.517,1,26/108,Uncommon,Fighting,70,Stage 1,Solid Shell - Any damage done to Anorith by attacks is reduced by 10 (after applying Weakness and Resistance).  (Poke-BODY),"[1F] Fury Cutter (10+) Flip 3 coins.  If 1 of them is heads, this attack does 10 damage plus 10 more damage.  If 2 of them are heads, this attack does 10 damage plus 30 more damage.  If all of them are heads, this attack does 10 damage plus 50 more damage.",G,,1,0.25,0.55,9.99,0.72,,Normal,
83560,Anorith,Anorith,https://tcgplayer-cdn.tcgplayer.com/product/83560_200w.jpg,3,1383,https://cpt.tcgcsv.com/drH,2024-04-11T17:52:04.517,1,26/108,Uncommon,Fighting,70,Stage 1,Solid Shell - Any damage done to Anorith by attacks is reduced by 10 (after applying Weakness and Resistance).  (Poke-BODY),"[1F] Fury Cutter (10+) Flip 3 coins.  If 1 of them is heads, this attack does 10 damage plus 10 more damage.  If 2 of them are heads, this attack does 10 damage plus 30 more damage.  If all of them are heads, this attack does 10 damage plus 50 more damage.",G,,1,3.51,4.97,6.91,4.0,,Reverse Holofoil,
83620,Armaldo,Armaldo,https://tcgplayer-cdn.tcgplayer.com/product/83620_200w.jpg,3,1383,https://cpt.tcgcsv.com/qsH,2025-11-10T23:13:38.173,1,3/108,Holo Rare,Fighting,120,Stage 2,,"[F] Rock Blast - Discard up to 5 F Energy cards attached to Armaldo.  For each Energy card you discarded, choose an opponent's Pokemon in play and this attack does 20 damage to those Pokemon.  (You may choose the same Pokemon more than once.)  This attack's damage isn't affected by Weakness or Resistance.",G,,3,3.9,4.9,39.99,10.85,,Holofoil,[3] Mach Claw (60) This attack's damage isn't affected by Resistance.
83620,Armaldo,Armaldo,https://tcgplayer-cdn.tcgplayer.com/product/83620_200w.jpg,3,1383,https://cpt.tcgcsv.com/qsH,2025-11-10T23:13:38.173,1,3/108,Holo Rare,Fighting,120,Stage 2,,"[F] Rock Blast - Discard up to 5 F Energy cards attached to Armaldo.  For each Energy card you discarded, choose an opponent's Pokemon in play and this attack does 20 damage to those Pokemon.  (You may choose the same Pokemon more than once.)  This attack's damage isn't affected by Weakness or Resistance.",G,,3,7.0,7.78,9.36,11.72,,Reverse Holofoil,[3] Mach Claw (60) This attack's damage isn't affected by Resistance.
83635,Aron,Aron,https://tcgplayer-cdn.tcgplayer.com/product/83635_200w.jpg,3,1383,https://cpt.tcgcsv.com/KsH,2024-04-11T17:52:04.633,1,42/108,Common,Metal,50,Basic,,"[1] Dig Deep - Search your discard pile for an Energy card, show it to your opponent, and put it into your hand.",R,G,2,0.26,1.0,1.96,1.14,,Normal,[1M] Tackle (20)
83635,Aron,Aron,https://tcgplayer-cdn.tcgplayer.com/product/83635_200w.jpg,3,1383,https://cpt.tcgcsv.com/KsH,2024-04-11T17:52:04.633,1,42/108,Common,Metal,50,Basic,,"[1] Dig Deep - Search your discard pile for an Energy card, show it to your opponent, and put it into your hand.",R,G,2,49.0,49.0,49.0,8.07,,Reverse Holofoil,[1M] Tackle (20)
83696,Bagon,Bagon,https://tcgplayer-cdn.tcgplayer.com/product/83696_200w.jpg,3,1383,https://cpt.tcgcsv.com/XtH,2024-04-11T17:52:04.663,1,43/108,Common,Colorless,50,Basic,,[1] Retaliate (10x) Does 10 damage times the number of damage counters on Bagon.,C,FR,1,0.1,0.25,5.0,0.27,0.16,Normal,
83696,Bagon,Bagon,https://tcgplayer-cdn.tcgplayer.com/product/83696_200w.jpg,3,1383,https://cpt.tcgcsv.com/XtH,2024-04-11T17:52:04.663,1,43/108,Common,Colorless,50,Basic,,[1] Retaliate (10x) Does 10 damage times the number of damage counters on Bagon.,C,FR,1,3.5,4.58,27.63,5.34,,Reverse Holofoil,
83715,Baltoy,Baltoy,https://tcgplayer-cdn.tcgplayer.com/product/83715_200w.jpg,3,1383,https://cpt.tcgcsv.com/kvH,2024-04-11T17:52:04.697,1,44/108,Common,Psychic,50,Basic,,"[P] Psybeam (10) Flip a coin.  If heads, the Defending Pokemon is now Confused.",P,,1,0.07,0.32,5.0,0.37,,Normal,[2] Spinning Attack (20)
83715,Baltoy,Baltoy,https://tcgplayer-cdn.tcgplayer.com/product/83715_200w.jpg,3,1383,https://cpt.tcgcsv.com/kvH,2024-04-11T17:52:04.697,1,44/108,Common,Psychic,50,Basic,,"[P] Psybeam (10) Flip a coin.  If heads, the Defending Pokemon is now Confused.",P,,1,4.86,5.76,5.99,4.86,,Reverse Holofoil,[2] Spinning Attack (20)
83721,Banette,Banette,https://tcgplayer-cdn.tcgplayer.com/product/83721_200w.jpg,3,1383,https://cpt.tcgcsv.com/rvH,2024-04-11T17:52:04.727,1,4/108,Holo Rare,Psychic,70,Stage 1,,[1P] Grudge (20+) Does 20 damage plus 10 more damage for each Prize card your opponent has taken.,D,F,1,3.75,4.06,9.53,7.61,,Holofoil,[1PP] Bench Manipulation (40x) Your opponent flips a number of coins equal to the number of his or her Benched Pokemon.  This attack does 40 damage times the number of tails.  This attack's damage isn't affected by Weakness or Resistance.
83721,Banette,Banette,https://tcgplayer-cdn.tcgplayer.com/product/83721_200w.jpg,3,1383,https://cpt.tcgcsv.com/rvH,2024-04-11T17:52:04.727,1,4/108,Holo Rare,Psychic,70,Stage 1,,[1P] Grudge (20+) Does 20 damage plus 10 more damage for each Prize card your opponent has taken.,D,F,1,6.08,6.08,45.0,13.46,,Reverse Holofoil,[1PP] Bench Manipulation (40x) Your opponent flips a number of coins equal to the number of his or her Benched Pokemon.  This attack does 40 damage times the number of tails.  This attack's damage isn't affected by Weakness or Resistance.
83741,Battle Frontier,Battle Frontier,https://tcgplayer-cdn.tcgplayer.com/product/83741_200w.jpg,3,1383,https://cpt.tcgcsv.com/RvH,2024-04-11T17:52:04.773,1,71/108,Uncommon,Stadium,0,Stadium,"This card stays in play when you play it.  Discard this card if another Stadium card comes into play.  If another card with the same name is in play, you can't play this card.","Each player's C Evolved Pokemon, D Evolved Pokemon, and M Evolved Pokemon can't use any Poke-Powers or Poke-Bodies.",,,,1.07,2.23,5.97,2.23,,Normal,
83741,Battle Frontier,Battle Frontier,https://tcgplayer-cdn.tcgplayer.com/product/83741_200w.jpg,3,1383,https://cpt.tcgcsv.com/RvH,2024-04-11T17:52:04.773,1,71/108,Uncommon,Stadium,0,Stadium,"This card stays in play when you play it.  Discard this card if another Stadium card comes into play.  If another card with the same name is in play, you can't play this card.","Each player's C Evolved Pokemon, D Evolved Pokemon, and M Evolved Pokemon can't use any Poke-Powers or Poke-Bodies.",,,,3.5,4.72,8.74,5.76,,Reverse Holofoil,
83787,Beldum,Beldum,https://tcgplayer-cdn.tcgplayer.com/product/83787_200w.jpg,3,1383,https://cpt.tcgcsv.com/MwH,2024-08-20T16:02:20.393,1,45/108,Common,Metal,50,Basic,,"[M] Magnetic Lines (10) Flip a coin.  If heads, move a basic Energy card from the Defending Pokemon to another of your opponent's Pokemon.  (Ignore this effect if your opponent has only 1 Pokemon.)",R,G,2,0.1,0.33,5.0,0.35,,Normal,
83787,Beldum,Beldum,https://tcgplayer-cdn.tcgplayer.com/product/83787_200w.jpg,3,1383,https://cpt.tcgcsv.com/MwH,2024-08-20T16:02:20.393,1,45/108,Common,Metal,50,Basic,,"[M] Magnetic Lines (10) Flip a coin.  If heads, move a basic Energy card from the Defending Pokemon to another of your opponent's Pokemon.  (Ignore this effect if your opponent has only 1 Pokemon.)",R,G,2,2.42,3.79,12.05,7.5,,Reverse Holofoil,
83908,Blaziken,Blaziken,https://tcgplayer-cdn.tcgplayer.com/product/83908_200w.jpg,3,1383,https://cpt.tcgcsv.com/bBH,2024-04-11T17:52:04.837,1,5/108,Holo Rare,Fire,100,Stage 2,"Firestarter - Once during your turn (before your attack), you may attach a R Energy card from your discard pile to 1 of your Benched Pokemon.  This power can't be used if Blaziken is affected by a Special Condition.  (Poke-POWER)",[2R] Fire Stream (50) Discard a R Energy card attached to Blaziken.  This attack does 10 damage to each of your opponent's Benched Pokemon.  (Don't apply Weakness and Resistance for Benched Pokemon.),W,,2,11.0,19.99,39.99,17.17,,Holofoil,
83908,Blaziken,Blaziken,https://tcgplayer-cdn.tcgplayer.com/product/83908_200w.jpg,3,1383,https://cpt.tcgcsv.com/bBH,2024-04-11T17:52:04.837,1,5/108,Holo Rare,Fire,100,Stage 2,"Firestarter - Once during your turn (before your attack), you may attach a R Energy card from your discard pile to 1 of your Benched Pokemon.  This power can't be used if Blaziken is affected by a Special Condition.  (Poke-POWER)",[2R] Fire Stream (50) Discard a R Energy card attached to Blaziken.  This attack does 10 damage to each of your opponent's Benched Pokemon.  (Don't apply Weakness and Resistance for Benched Pokemon.),W,,2,20.0,129.68,130.0,23.13,,Reverse Holofoil,
84074,Cacnea,Cacnea,https://tcgplayer-cdn.tcgplayer.com/product/84074_200w.jpg,3,1383,https://cpt.tcgcsv.com/vFH,2024-04-11T17:52:04.867,1,46/108,Common,Grass,50,Basic,,"[1] Feint Attack - Choose 1 of your opponent's Pokemon.  This attack does 10 damage to that Pokemon.  This attack's damage isn't affected by Weakness, Resistance, Poke-Powers, Poke-Bodies, or any other effects on that Pokemon.",R,,1,0.09,0.25,1.45,0.39,0.39,Normal,
84074,Cacnea,Cacnea,https://tcgplayer-cdn.tcgplayer.com/product/84074_200w.jpg,3,1383,https://cpt.tcgcsv.com/vFH,2024-04-11T17:52:04.867,1,46/108,Common,Grass,50,Basic,,"[1] Feint Attack - Choose 1 of your opponent's Pokemon.  This attack does 10 damage to that Pokemon.  This attack's damage isn't affected by Weakness, Resistance, Poke-Powers, Poke-Bodies, or any other effects on that Pokemon.",R,,1,3.0,5.67,15.95,4.0,,Reverse Holofoil,
84079,Cacturne,Cacturne,https://tcgplayer-cdn.tcgplayer.com/product/84079_200w.jpg,3,1383,https://cpt.tcgcsv.com/CFH,2024-04-11T17:52:04.9,1,27/108,Uncommon,Darkness,70,Stage 1,"Poison Structure - Once during your turn (before your attack), if Sidney's Stadium is in play, you may choose 1 of the Defending Pokemon.  That Pokemon is now Poisoned.  This power can't be used if Cacturne is affected by a Special Condition.  (Poke-POWER)",[3] Pin Missile (20x) Flip 4 coins.  This attack does 20 damage times the number of heads.,F,P,1,0.17,0.5,2.55,0.86,,Normal,
84079,Cacturne,Cacturne,https://tcgplayer-cdn.tcgplayer.com/product/84079_200w.jpg,3,1383,https://cpt.tcgcsv.com/CFH,2024-04-11T17:52:04.9,1,27/108,Uncommon,Darkness,70,Stage 1,"Poison Structure - Once during your turn (before your attack), if Sidney's Stadium is in play, you may choose 1 of the Defending Pokemon.  That Pokemon is now Poisoned.  This power can't be used if Cacturne is affected by a Special Condition.  (Poke-POWER)",[3] Pin Missile (20x) Flip 4 coins.  This attack does 20 damage times the number of heads.,F,P,1,3.0,5.14,11.98,8.75,,Reverse Holofoil,
84113,Carvanha,Carvanha,https://tcgplayer-cdn.tcgplayer.com/product/84113_200w.jpg,3,1383,https://cpt.tcgcsv.com/hGH,2025-11-19T23:24:07.587,1,47/108,Common,Darkness,40,Basic,"Rough Skin - If Carvanha is your Active Pokemon and is damage by an opponent's attack (even if Carvanha is Knocked Out), put 1 damage counter on the Attacking Pokemon.  (Poke-BODY)",[1D] Gnaw (20),G,P,1,0.07,0.25,2.99,0.36,0.25,Normal,
84113,Carvanha,Carvanha,https://tcgplayer-cdn.tcgplayer.com/product/84113_200w.jpg,3,1383,https://cpt.tcgcsv.com/hGH,2025-11-19T23:24:07.587,1,47/108,Common,Darkness,40,Basic,"Rough Skin - If Carvanha is your Active Pokemon and is damage by an opponent's attack (even if Carvanha is Knocked Out), put 1 damage counter on the Attacking Pokemon.  (Poke-BODY)",[1D] Gnaw (20),G,P,1,2.99,3.25,9.99,3.38,,Reverse Holofoil,
84188,Charizard,Charizard,https://tcgplayer-cdn.tcgplayer.com/product/84188_200w.jpg,3,1383,https://cpt.tcgcsv.com/NHH,2024-04-11T17:52:05.023,1,6/108,Holo Rare,Fire,120,Stage 2,,[R] Combustion (30),W,,2,198.57,399.28,599.99,172.64,,Holofoil,[2RR] Bursting Inferno (50) Each Defending Pokemon is now Burned.
84188,Charizard,Charizard,https://tcgplayer-cdn.tcgplayer.com/product/84188_200w.jpg,3,1383,https://cpt.tcgcsv.com/NHH,2024-04-11T17:52:05.023,1,6/108,Holo Rare,Fire,120,Stage 2,,[R] Combustion (30),W,,2,86.13,113.12,239.89,152.55,,Reverse Holofoil,[2RR] Bursting Inferno (50) Each Defending Pokemon is now Burned.
84214,Charmander,Charmander,https://tcgplayer-cdn.tcgplayer.com/product/84214_200w.jpg,3,1383,https://cpt.tcgcsv.com/jJH,2025-11-19T23:24:53.433,1,48/108,Common,Fire,50,Basic,,"[R] Smokescreen (10) If the Defending Pokemon tries to attack during your opponent's next turn, your opponent flips a coin.  If tails, that attack does nothing.",W,,1,0.48,1.0,7.0,1.55,,Normal,
84214,Charmander,Charmander,https://tcgplayer-cdn.tcgplayer.com/product/84214_200w.jpg,3,1383,https://cpt.tcgcsv.com/jJH,2025-11-19T23:24:53.433,1,48/108,Common,Fire,50,Basic,,"[R] Smokescreen (10) If the Defending Pokemon tries to attack during your opponent's next turn, your opponent flips a coin.  If tails, that attack does nothing.",W,,1,15.0,21.62,22.13,28.31,,Reverse Holofoil,
84230,Charmeleon,Charmeleon,https://tcgplayer-cdn.tcgplayer.com/product/84230_200w.jpg,3,1383,https://cpt.tcgcsv.com/DJH,2024-04-11T17:52:05.15,1,28/108,Uncommon,Fire,70,Stage 1,,"[1] Scary Face - Flip a coin.  If heads, the Defending Pokemon can't attack or retreat during your opponent's next turn.",W,,1,0.25,0.83,9.08,1.23,,Normal,[1RR] Flame Tail (50)
84230,Charmeleon,Charmeleon,https://tcgplayer-cdn.tcgplayer.com/product/84230_200w.jpg,3,1383,https://cpt.tcgcsv.com/DJH,2024-04-11T17:52:05.15,1,28/108,Uncommon,Fire,70,Stage 1,,"[1] Scary Face - Flip a coin.  If heads, the Defending Pokemon can't attack or retreat during your opponent's next turn.",W,,1,20.0,33.0,99.0,22.0,,Reverse Holofoil,[1RR] Flame Tail (50)
84307,Chinchou,Chinchou,https://tcgplayer-cdn.tcgplayer.com/product/84307_200w.jpg,3,1383,https://cpt.tcgcsv.com/9LH,2024-04-11T17:52:05.18,1,49/108,Common,Lightning,50,Basic,,"[L] Positive Ion (10+) Flip a coin.  If heads, this attack does 10 damage plus 10 more damage.",F,,1,0.1,0.32,2.17,0.4,,Normal,"[2] Negative Ion (10) During your opponent's next turn, any damage done by attacks from the Defending Pokemon is reduced by 10 (before applying Weakness and Resistance)."
84307,Chinchou,Chinchou,https://tcgplayer-cdn.tcgplayer.com/product/84307_200w.jpg,3,1383,https://cpt.tcgcsv.com/9LH,2024-04-11T17:52:05.18,1,49/108,Common,Lightning,50,Basic,,"[L] Positive Ion (10+) Flip a coin.  If heads, this attack does 10 damage plus 10 more damage.",F,,1,2.94,9.0,19.99,3.66,,Reverse Holofoil,"[2] Negative Ion (10) During your opponent's next turn, any damage done by attacks from the Defending Pokemon is reduced by 10 (before applying Weakness and Resistance)."
84331,Claw Fossil,Claw Fossil,https://tcgplayer-cdn.tcgplayer.com/product/84331_200w.jpg,3,1383,https://cpt.tcgcsv.com/FLH,2024-04-11T17:52:05.37,1,84/108,Common,Item,40,Trainer,"Play Claw Fossil as if it were a Basic Pokemon.  While in play, Claw Fossil counts as a C Pokemon (as well as a Trainer card).  Claw Fossil has no attacks of its own, can't retreat, and can't be affected by any Special Conditions.  If Claw Fossil is Knocked Out, it doesn't count as a Knocked Out Pokemon.  (Discard it anyway.) At any time during your turn before your attack, you may discard Claw Fossil from play.

Jagged Stone - If Claw Fossil is your Active Pokemon and is damaged by an opponent's attack (even if Claw Fossil is Knocked Out), put 1 damage counter on the Attacking Pokemon.  (Poke-BODY)",,,,,0.04,0.25,1.49,0.29,,Normal,
84331,Claw Fossil,Claw Fossil,https://tcgplayer-cdn.tcgplayer.com/product/84331_200w.jpg,3,1383,https://cpt.tcgcsv.com/FLH,2024-04-11T17:52:05.37,1,84/108,Common,Item,40,Trainer,"Play Claw Fossil as if it were a Basic Pokemon.  While in play, Claw Fossil counts as a C Pokemon (as well as a Trainer card).  Claw Fossil has no attacks of its own, can't retreat, and can't be affected by any Special Conditions.  If Claw Fossil is Knocked Out, it doesn't count as a Knocked Out Pokemon.  (Discard it anyway.) At any time during your turn before your attack, you may discard Claw Fossil from play.

Jagged Stone - If Claw Fossil is your Active Pokemon and is damaged by an opponent's attack (even if Claw Fossil is Knocked Out), put 1 damage counter on the Attacking Pokemon.  (Poke-BODY)",,,,,0.5,1.73,3.97,1.7,,Reverse Holofoil,
84340,Claydol ex,Claydol ex,https://tcgplayer-cdn.tcgplayer.com/product/84340_200w.jpg,3,1383,https://cpt.tcgcsv.com/QLH,2024-04-11T17:52:05.463,1,93/108,Ultra Rare,Psychic,120,Stage 1,"Type Shift - Once during your turn (before your attack), you may use this power.  Claydol ex's type is F until the end of your turn.  (Poke-POWER)",[2] Psychic Boom (20+) Does 20 damage plus 10 more damage for each Energy attached to the Defending Pokemon.,P,,2,69.99,83.24,102.93,32.99,,Holofoil,"[1PP] Shadow Crush (60) You may discard a P Energy card attached to Claydol ex.  If you do, discard an Energy card attached to the Defending Pokemon."
84410,Combusken,Combusken,https://tcgplayer-cdn.tcgplayer.com/product/84410_200w.jpg,3,1383,https://cpt.tcgcsv.com/dNH,2024-04-11T17:52:05.51,1,29/108,Uncommon,Fire,80,Stage 1,Natural Cure - When you attach a R Energy from your hand to Combusken remove all Special Conditions from Combusken.  (Poke-BODY),"[2] Lunge (50) Flip a coin.  If tails, this attack does nothing.",W,,1,0.1,0.6,5.0,0.69,,Normal,
84410,Combusken,Combusken,https://tcgplayer-cdn.tcgplayer.com/product/84410_200w.jpg,3,1383,https://cpt.tcgcsv.com/dNH,2024-04-11T17:52:05.51,1,29/108,Uncommon,Fire,80,Stage 1,Natural Cure - When you attach a R Energy from your hand to Combusken remove all Special Conditions from Combusken.  (Poke-BODY),"[2] Lunge (50) Flip a coin.  If tails, this attack does nothing.",W,,1,19.99,20.98,249.99,16.45,,Reverse Holofoil,
84453,Cradily,Cradily,https://tcgplayer-cdn.tcgplayer.com/product/84453_200w.jpg,3,1383,https://cpt.tcgcsv.com/5PH,2025-11-10T23:15:13.72,1,7/108,Holo Rare,Grass,110,Stage 2,"Evolutionary Call - Once during your turn, when you play Cradily from your hand to evolve 1 of your Pokemon, you may search your deck for up to 3 in any combination of Basic Pokemon or Evolution cards.  Show them to your opponent and put them into your hand.  Shuffle your deck afterward.  (Poke-POWER)",[1GG] Poison Ring (50) The Defending Pokemon is now Poisoned.  The Defending Pokemon can't retreat during your opponent's next turn.,R,,2,2.99,3.26,29.99,8.83,13.28,Holofoil,
84453,Cradily,Cradily,https://tcgplayer-cdn.tcgplayer.com/product/84453_200w.jpg,3,1383,https://cpt.tcgcsv.com/5PH,2025-11-10T23:15:13.72,1,7/108,Holo Rare,Grass,110,Stage 2,"Evolutionary Call - Once during your turn, when you play Cradily from your hand to evolve 1 of your Pokemon, you may search your deck for up to 3 in any combination of Basic Pokemon or Evolution cards.  Show them to your opponent and put them into your hand.  Shuffle your deck afterward.  (Poke-POWER)",[1GG] Poison Ring (50) The Defending Pokemon is now Poisoned.  The Defending Pokemon can't retreat during your opponent's next turn.,R,,2,4.15,6.0,9.99,4.32,,Reverse Holofoil,
84541,Cyclone Energy,Cyclone Energy,https://tcgplayer-cdn.tcgplayer.com/product/84541_200w.jpg,3,1383,https://cpt.tcgcsv.com/RQH,2025-11-19T23:26:14.863,1,90/108,Uncommon,Energy,0,Special Energy,,"Cyclone Energy provides C Energy.  When you attach this card from your hand to your Active Pokemon, switch 1 of the Defending Pokemon with 1 of your opponent's Benched Pokemon.  Your opponent chooses the Benched Pokemon to switch.",,,,0.37,0.99,1.99,1.39,,Normal,
84541,Cyclone Energy,Cyclone Energy,https://tcgplayer-cdn.tcgplayer.com/product/84541_200w.jpg,3,1383,https://cpt.tcgcsv.com/RQH,2025-11-19T23:26:14.863,1,90/108,Uncommon,Energy,0,Special Energy,,"Cyclone Energy provides C Energy.  When you attach this card from your hand to your Active Pokemon, switch 1 of the Defending Pokemon with 1 of your opponent's Benched Pokemon.  Your opponent chooses the Benched Pokemon to switch.",,,,2.15,2.68,19.99,2.95,,Reverse Holofoil,
84688,Darkness Energy (Special),Darkness Energy Special,https://tcgplayer-cdn.tcgplayer.com/product/84688_200w.jpg,3,1383,https://cpt.tcgcsv.com/NTH,2024-04-11T17:52:05.667,1,87/108,Rare,Energy,0,Special Energy,,"If the Pokemon Darkness Energy is attached to attacks, the attack does 10 more damage to the Active Pokemon (before applying Weakness and Resistance).  Ignore this effect unless the Attacking Pokemon is D or has Dark in its name.  Darkness Energy provides D Energy.  (Doesn't count as a basic Energy card.)",,,,0.2,0.62,4.28,0.76,0.4,Normal,
84688,Darkness Energy (Special),Darkness Energy Special,https://tcgplayer-cdn.tcgplayer.com/product/84688_200w.jpg,3,1383,https://cpt.tcgcsv.com/NTH,2024-04-11T17:52:05.667,1,87/108,Rare,Energy,0,Special Energy,,"If the Pokemon Darkness Energy is attached to attacks, the attack does 10 more damage to the Active Pokemon (before applying Weakness and Resistance).  Ignore this effect unless the Attacking Pokemon is D or has Dark in its name.  Darkness Energy provides D Energy.  (Doesn't count as a basic Energy card.)",,,,2.13,3.43,5.68,2.77,,Reverse Holofoil,
84739,Delcatty,Delcatty,https://tcgplayer-cdn.tcgplayer.com/product/84739_200w.jpg,3,1383,https://cpt.tcgcsv.com/PVH,2024-04-11T17:52:05.727,1,8/108,Holo Rare,Colorless,70,Stage 1,"Energy Draw - Once during your turn (before your attack), you may discard 1 Energy card from your hand.  Then draw up to 3 cards from your deck.  This power can't be used if Delcatty is affected by a Special Condition.  (Poke-POWER)",[1] Max Energy Source (10x) Does 10 damage times the amount of Energy attached to all of your Active Pokemon.,F,,1,5.94,7.46,9.3,8.57,,Holofoil,
84739,Delcatty,Delcatty,https://tcgplayer-cdn.tcgplayer.com/product/84739_200w.jpg,3,1383,https://cpt.tcgcsv.com/PVH,2024-04-11T17:52:05.727,1,8/108,Holo Rare,Colorless,70,Stage 1,"Energy Draw - Once during your turn (before your attack), you may discard 1 Energy card from your hand.  Then draw up to 3 cards from your deck.  This power can't be used if Delcatty is affected by a Special Condition.  (Poke-POWER)",[1] Max Energy Source (10x) Does 10 damage times the amount of Energy attached to all of your Active Pokemon.,F,,1,7.08,7.5,12.93,12.75,,Reverse Holofoil,
84921,Drake's Stadium,Drakes Stadium,https://tcgplayer-cdn.tcgplayer.com/product/84921_200w.jpg,3,1383,https://cpt.tcgcsv.com/r-H,2024-04-11T17:52:05.773,1,72/108,Uncommon,Stadium,0,Stadium,"This card stays in play when you play it.  Discard this card if another Stadium card comes into play.  If another card with the same name is in play, you can't play this card.",Any damage done to C Active Pokemon (both yours and your opponent's) by an opponent's attack is reduced by 10 (after applying Weakness and Resistance).,,,,0.5,1.06,3.0,1.48,,Normal,
84921,Drake's Stadium,Drakes Stadium,https://tcgplayer-cdn.tcgplayer.com/product/84921_200w.jpg,3,1383,https://cpt.tcgcsv.com/r-H,2024-04-11T17:52:05.773,1,72/108,Uncommon,Stadium,0,Stadium,"This card stays in play when you play it.  Discard this card if another Stadium card comes into play.  If another card with the same name is in play, you can't play this card.",Any damage done to C Active Pokemon (both yours and your opponent's) by an opponent's attack is reduced by 10 (after applying Weakness and Resistance).,,,,0.99,2.3,4.68,2.69,,Reverse Holofoil,
85027,Dusclops,Dusclops,https://tcgplayer-cdn.tcgplayer.com/product/85027_200w.jpg,3,1383,https://cpt.tcgcsv.com/z0J,2024-04-11T17:52:05.82,1,14/108,Rare,Psychic,80,Stage 1,,[1P] Dark Mind (20) Does 20 damage to 1 of your opponent's Benched Pokemon.  (Don't apply Weakness and Resistance for Benched Pokemon.),D,F,2,0.3,0.66,3.84,0.7,,Normal,"[2P] Mysterious Light (50) If Phoebe's Stadium is in play, the Defending Pokemon is now Confused."
85027,Dusclops,Dusclops,https://tcgplayer-cdn.tcgplayer.com/product/85027_200w.jpg,3,1383,https://cpt.tcgcsv.com/z0J,2024-04-11T17:52:05.82,1,14/108,Rare,Psychic,80,Stage 1,,[1P] Dark Mind (20) Does 20 damage to 1 of your opponent's Benched Pokemon.  (Don't apply Weakness and Resistance for Benched Pokemon.),D,F,2,3.0,5.4,6.26,5.46,,Reverse Holofoil,"[2P] Mysterious Light (50) If Phoebe's Stadium is in play, the Defending Pokemon is now Confused."
85049,Duskull,Duskull,https://tcgplayer-cdn.tcgplayer.com/product/85049_200w.jpg,3,1383,https://cpt.tcgcsv.com/_0J,2024-04-11T17:52:05.883,1,50/108,Common,Psychic,50,Basic,,"[1P] Surprise Attack (30) Flip a coin.  If tails, this attack does nothing.",D,F,1,0.03,0.29,2.26,0.31,,Normal,
85049,Duskull,Duskull,https://tcgplayer-cdn.tcgplayer.com/product/85049_200w.jpg,3,1383,https://cpt.tcgcsv.com/_0J,2024-04-11T17:52:05.883,1,50/108,Common,Psychic,50,Basic,,"[1P] Surprise Attack (30) Flip a coin.  If tails, this attack does nothing.",D,F,1,19.99,19.99,19.99,9.89,,Reverse Holofoil,
85218,Energy Recycle System,Energy Recycle System,https://tcgplayer-cdn.tcgplayer.com/product/85218_200w.jpg,3,1383,https://cpt.tcgcsv.com/n6J,2024-04-11T17:52:05.947,1,73/108,Uncommon,Trainer,0,Trainer,,"Search your discard pile for basic Energy cards.  You may either show 1 basic Energy card to your opponent and put it into your hand, or show 3 basic Energy cards to your opponent and shuffle them into your deck.",,,,0.09,0.49,1.99,0.42,0.82,Normal,
85218,Energy Recycle System,Energy Recycle System,https://tcgplayer-cdn.tcgplayer.com/product/85218_200w.jpg,3,1383,https://cpt.tcgcsv.com/n6J,2024-04-11T17:52:05.947,1,73/108,Uncommon,Trainer,0,Trainer,,"Search your discard pile for basic Energy cards.  You may either show 1 basic Energy card to your opponent and put it into your hand, or show 3 basic Energy cards to your opponent and shuffle them into your deck.",,,,0.81,2.99,9.98,3.29,,Reverse Holofoil,
85224,Energy Removal 2,Energy Removal 2,https://tcgplayer-cdn.tcgplayer.com/product/85224_200w.jpg,3,1383,https://cpt.tcgcsv.com/v6J,2025-11-19T23:26:58.367,1,74/108,Uncommon,Trainer,0,Trainer,,"Flip a coin.  If heads, choose 1 Energy card attached to 1 of your opponent's Pokemon and discard it.",,,,0.1,0.49,1.99,0.61,0.47,Normal,
85224,Energy Removal 2,Energy Removal 2,https://tcgplayer-cdn.tcgplayer.com/product/85224_200w.jpg,3,1383,https://cpt.tcgcsv.com/v6J,2025-11-19T23:26:58.367,1,74/108,Uncommon,Trainer,0,Trainer,,"Flip a coin.  If heads, choose 1 Energy card attached to 1 of your opponent's Pokemon and discard it.",,,,1.75,2.14,30.0,2.03,,Reverse Holofoil,
85256,Energy Switch,Energy Switch,https://tcgplayer-cdn.tcgplayer.com/product/85256_200w.jpg,3,1383,https://cpt.tcgcsv.com/87J,2024-09-14T08:42:55.15,1,75/108,Uncommon,Trainer,0,Trainer,,Move a basic Energy card attached to 1 of your Pokemon to another of your Pokemon.,,,,0.2,0.54,2.49,1.47,2.49,Normal,
85256,Energy Switch,Energy Switch,https://tcgplayer-cdn.tcgplayer.com/product/85256_200w.jpg,3,1383,https://cpt.tcgcsv.com/87J,2024-09-14T08:42:55.15,1,75/108,Uncommon,Trainer,0,Trainer,,Move a basic Energy card attached to 1 of your Pokemon to another of your Pokemon.,,,,3.13,5.06,5.63,3.75,3.14,Reverse Holofoil,
85441,Fighting Energy,Fighting Energy,https://tcgplayer-cdn.tcgplayer.com/product/85441_200w.jpg,3,1383,https://cpt.tcgcsv.com/RbJ,2024-04-11T17:52:06.233,1,108/108,Rare,Energy,0,Energy,,,,,,2.99,4.4,8.94,4.82,,Holofoil,
85462,Fire Energy,Fire Energy,https://tcgplayer-cdn.tcgplayer.com/product/85462_200w.jpg,3,1383,https://cpt.tcgcsv.com/gcJ,2025-11-10T23:18:06.147,1,104/108,Rare,Energy,0,Energy,,,,,,4.75,7.19,10.99,7.44,7.19,Holofoil,
85503,Flareon Star,Flareon Star,https://tcgplayer-cdn.tcgplayer.com/product/85503_200w.jpg,3,1383,https://cpt.tcgcsv.com/5dJ,2024-04-11T17:52:06.343,1,100/108,Ultra Rare,Fire,70,Basic,"<b>Poke-POWER</b> Crimson Ray 
<br>Once during your turn, when you put Flareon Star from your hand onto your Bench, you may use this power.  Each Active Pokemon (both yours and your opponent's) is now Burned.","[1RR] Flamethrower (50) 
<br>Discard a R Energy attached to Flareon Star.",W,None,1,999.99,1799.99,1999.95,1000.0,,Holofoil,
85531,Flygon ex,Flygon ex,https://tcgplayer-cdn.tcgplayer.com/product/85531_200w.jpg,3,1383,https://cpt.tcgcsv.com/FdJ,2024-04-11T17:52:06.383,1,94/108,Ultra Rare,Colorless,150,Stage 2,"Psychic Protector - If Flygon ex is damaged by an opponent's attack, you may discard up to 4 cards from your hand.  If you do, any damage done to Flygon ex is reduced by 10 for each card you discarded.  (Poke-BODY)","[3] Slashing Strike (70) Flip a coin.  If tails, Flygon ex can't use Slashing Strike during your next turn.",C,FL,0,79.99,80.49,100.0,53.82,80.98,Holofoil,
85634,Gardevoir,Gardevoir,https://tcgplayer-cdn.tcgplayer.com/product/85634_200w.jpg,3,1383,https://cpt.tcgcsv.com/JgJ,2024-04-11T17:52:06.43,1,9/108,Holo Rare,Psychic,100,Stage 2,"Psy Shadow - Once during your turn (before your attack), you may search your deck for a P Energy card and attach it to 1 of your Pokemon.  Put 2 damage counters on that Pokemon.  Shuffle your deck afterward.  This power can't be used if Gardevoir is affected by a Special Condition.  (Poke-POWER)",[P] Energy Burst (10x) Does 10 damage times the total amount of Energy attached to Gardevoir and the Defending Pokemon.,P,,2,11.1,19.92,39.99,24.53,,Holofoil,
85634,Gardevoir,Gardevoir,https://tcgplayer-cdn.tcgplayer.com/product/85634_200w.jpg,3,1383,https://cpt.tcgcsv.com/JgJ,2024-04-11T17:52:06.43,1,9/108,Holo Rare,Psychic,100,Stage 2,"Psy Shadow - Once during your turn (before your attack), you may search your deck for a P Energy card and attach it to 1 of your Pokemon.  Put 2 damage counters on that Pokemon.  Shuffle your deck afterward.  This power can't be used if Gardevoir is affected by a Special Condition.  (Poke-POWER)",[P] Energy Burst (10x) Does 10 damage times the total amount of Energy attached to Gardevoir and the Defending Pokemon.,P,,2,17.49,31.25,45.0,24.95,,Reverse Holofoil,
85751,Glacia's Stadium,Glacias Stadium,https://tcgplayer-cdn.tcgplayer.com/product/85751_200w.jpg,3,1383,https://cpt.tcgcsv.com/2kJ,2024-04-11T17:52:06.477,1,76/108,Uncommon,Stadium,0,Stadium,"This card stays in play when you play it.  Discard this card if another Stadium card comes into play.  If another card with the same name is in play, you can't play this card.",Each player's W Pokemon (excluding Pokemon-ex) has no Weakness.,,,,0.66,1.5,4.0,1.73,,Normal,
85751,Glacia's Stadium,Glacias Stadium,https://tcgplayer-cdn.tcgplayer.com/product/85751_200w.jpg,3,1383,https://cpt.tcgcsv.com/2kJ,2024-04-11T17:52:06.477,1,76/108,Uncommon,Stadium,0,Stadium,"This card stays in play when you play it.  Discard this card if another Stadium card comes into play.  If another card with the same name is in play, you can't play this card.",Each player's W Pokemon (excluding Pokemon-ex) has no Weakness.,,,,2.1,2.88,4.99,4.36,,Reverse Holofoil,
85754,Glalie,Glalie,https://tcgplayer-cdn.tcgplayer.com/product/85754_200w.jpg,3,1383,https://cpt.tcgcsv.com/6kJ,2024-04-11T17:52:06.523,1,30/108,Uncommon,Water,80,Stage 1,"Synergy Effect - If Glacia's Stadium is in play, any damage done to Glalie by attacks from your opponent's Pokemon is reduced by 30 (after applying Weakness and Resistance).  (Poke-BODY)",[1W] Powder Snow (20) The Defending Pokemon is now Asleep.,M,,1,0.3,0.77,3.14,1.29,,Normal,[2W] Double-edge (60) Glalie does 10 damage to itself.
85754,Glalie,Glalie,https://tcgplayer-cdn.tcgplayer.com/product/85754_200w.jpg,3,1383,https://cpt.tcgcsv.com/6kJ,2024-04-11T17:52:06.523,1,30/108,Uncommon,Water,80,Stage 1,"Synergy Effect - If Glacia's Stadium is in play, any damage done to Glalie by attacks from your opponent's Pokemon is reduced by 30 (after applying Weakness and Resistance).  (Poke-BODY)",[1W] Powder Snow (20) The Defending Pokemon is now Asleep.,M,,1,2.86,2.99,10.0,2.92,,Reverse Holofoil,[2W] Double-edge (60) Glalie does 10 damage to itself.
85877,Grass Energy,Grass Energy,https://tcgplayer-cdn.tcgplayer.com/product/85877_200w.jpg,3,1383,https://cpt.tcgcsv.com/zmJ,2024-04-11T17:52:06.57,1,103/108,Rare,Energy,0,Energy,,,,,,4.0,5.55,9.86,5.98,,Holofoil,
85897,Great Ball,Great Ball,https://tcgplayer-cdn.tcgplayer.com/product/85897_200w.jpg,3,1383,https://cpt.tcgcsv.com/ZmJ,2024-04-11T17:52:06.717,1,77/108,Uncommon,Trainer,0,Trainer,,Search your deck for a Basic Pokemon (excluding Pokemon-ex) and put it onto your Bench.  Shuffle your deck afterward.,,,,0.8,1.34,4.97,0.91,,Normal,
85897,Great Ball,Great Ball,https://tcgplayer-cdn.tcgplayer.com/product/85897_200w.jpg,3,1383,https://cpt.tcgcsv.com/ZmJ,2024-04-11T17:52:06.717,1,77/108,Uncommon,Trainer,0,Trainer,,Search your deck for a Basic Pokemon (excluding Pokemon-ex) and put it onto your Bench.  Shuffle your deck afterward.,,,,4.18,4.85,9.99,5.0,4.48,Reverse Holofoil,
86351,Jolteon Star,Jolteon Star,https://tcgplayer-cdn.tcgplayer.com/product/86351_200w.jpg,3,1383,https://cpt.tcgcsv.com/2zJ,2024-04-11T17:52:06.757,1,101/108,Ultra Rare,Lightning,70,Basic,"<b>Poke-POWER</b> Yellow Ray  
<br>Once during your turn, when you put Jolteon Star from your hand onto your Bench, you may put 1 damage counter on each Active Pokemon <em>(both yours and your opponent's)</em>.","[1LL] Agility (40) 
<br>Flip a coin.  If heads, prevent all effects of an attack, including damage, done to Jolteon Star during your opponent's next turn.",F,M,1,1400.0,1799.99,1999.95,1151.24,,Holofoil,
86385,Kabuto,Kabuto,https://tcgplayer-cdn.tcgplayer.com/product/86385_200w.jpg,3,1383,https://cpt.tcgcsv.com/KzJ,2025-11-19T23:27:33.103,1,51/108,Common,Fighting,60,Stage 1,,"[1] Fast Evolution - Search your deck for an Evolution card, show it to your opponent, and put it into your hand.  Shuffle your deck afterward.",G,,2,0.19,0.5,3.14,0.56,,Normal,[1F] Double Scratch (20x) Flip 2 coins.  This attack does 20 damage times the number of heads.
86385,Kabuto,Kabuto,https://tcgplayer-cdn.tcgplayer.com/product/86385_200w.jpg,3,1383,https://cpt.tcgcsv.com/KzJ,2025-11-19T23:27:33.103,1,51/108,Common,Fighting,60,Stage 1,,"[1] Fast Evolution - Search your deck for an Evolution card, show it to your opponent, and put it into your hand.  Shuffle your deck afterward.",G,,2,5.76,5.91,6.05,5.76,,Reverse Holofoil,[1F] Double Scratch (20x) Flip 2 coins.  This attack does 20 damage times the number of heads.
86398,Kabutops,Kabutops,https://tcgplayer-cdn.tcgplayer.com/product/86398_200w.jpg,3,1383,https://cpt.tcgcsv.com/-zJ,2024-04-11T17:52:06.943,1,10/108,Holo Rare,Fighting,110,Stage 2,"Primal Stage - As long as Kabutops is your Active Pokemon, your opponent can't play any Basic Pokemon or Evolutions Cards from his or her hand to evolve his or her Active Pokemon.  (Poke-BODY)","[1F] Luring Antenna (20) Before doing damage, you may choose 1 of your opponent's Benched Pokemon and switch it with 1 of the Defending Pokemon.  If you do, this attack does 20 damage to the new Defending Pokemon.  Your opponent chooses the Defending Pokemon to switch.",G,,2,12.13,19.99,22.48,14.12,,Holofoil,[1FF] Blinding Scythe (60)
86398,Kabutops,Kabutops,https://tcgplayer-cdn.tcgplayer.com/product/86398_200w.jpg,3,1383,https://cpt.tcgcsv.com/-zJ,2024-04-11T17:52:06.943,1,10/108,Holo Rare,Fighting,110,Stage 2,"Primal Stage - As long as Kabutops is your Active Pokemon, your opponent can't play any Basic Pokemon or Evolutions Cards from his or her hand to evolve his or her Active Pokemon.  (Poke-BODY)","[1F] Luring Antenna (20) Before doing damage, you may choose 1 of your opponent's Benched Pokemon and switch it with 1 of the Defending Pokemon.  If you do, this attack does 20 damage to the new Defending Pokemon.  Your opponent chooses the Defending Pokemon to switch.",G,,2,4.98,8.5,29.99,18.72,,Reverse Holofoil,[1FF] Blinding Scythe (60)
86465,Kirlia,Kirlia,https://tcgplayer-cdn.tcgplayer.com/product/86465_200w.jpg,3,1383,https://cpt.tcgcsv.com/kCJ,2024-04-11T17:52:06.993,1,31/108,Uncommon,Psychic,70,Stage 1,,[1] Hypnosis - The Defending Pokemon is now Asleep.,P,,1,0.25,0.35,5.1,1.1,,Normal,"[1P] Dream Eater (50) If the Defending Pokemon is not Asleep, this attack does nothing."
86465,Kirlia,Kirlia,https://tcgplayer-cdn.tcgplayer.com/product/86465_200w.jpg,3,1383,https://cpt.tcgcsv.com/kCJ,2024-04-11T17:52:06.993,1,31/108,Uncommon,Psychic,70,Stage 1,,[1] Hypnosis - The Defending Pokemon is now Asleep.,P,,1,1.5,13.2,18.06,15.64,,Reverse Holofoil,"[1P] Dream Eater (50) If the Defending Pokemon is not Asleep, this attack does nothing."
86579,Lairon,Lairon,https://tcgplayer-cdn.tcgplayer.com/product/86579_200w.jpg,3,1383,https://cpt.tcgcsv.com/CFJ,2024-04-11T17:52:07.04,1,32/108,Uncommon,Metal,70,Stage 1,,"[1M] Granite Head (20) During your opponent's next turn, any damage done to Lairon by attacks is reduced by 10 (after applying Weakness and Resistance).",R,G,2,0.45,0.62,5.99,1.43,,Normal,"[3] Stomp (30+) Flip a coin.  If heads, this attack does 30 damage plus 20 more damage."
86579,Lairon,Lairon,https://tcgplayer-cdn.tcgplayer.com/product/86579_200w.jpg,3,1383,https://cpt.tcgcsv.com/CFJ,2024-04-11T17:52:07.04,1,32/108,Uncommon,Metal,70,Stage 1,,"[1M] Granite Head (20) During your opponent's next turn, any damage done to Lairon by attacks is reduced by 10 (after applying Weakness and Resistance).",R,G,2,2.62,3.66,4.69,4.95,,Reverse Holofoil,"[3] Stomp (30+) Flip a coin.  If heads, this attack does 30 damage plus 20 more damage."
86607,Lanturn,Lanturn,https://tcgplayer-cdn.tcgplayer.com/product/86607_200w.jpg,3,1383,https://cpt.tcgcsv.com/9GJ,2024-04-11T17:52:07.09,1,15/108,Rare,Lightning,80,Stage 1,"Energy Grounding - Once during your opponent's turn, when any of your Pokemon is Knocked Out by your opponent's attacks, you may use this power.  Choose a basic Energy card discarded from the Knocked Out Pokemon and attach it to Lanturn.  You can't use more than 1 Energy Grounding Poke-Power each turn.  (Poke-POWER)","[1LL] Lightning Strike (50) You may discard all L Energy attached to Lanturn.  If you do, this attack's base damage is 90 instead of 50.",F,,2,0.4,0.74,2.0,1.15,0.63,Normal,
86607,Lanturn,Lanturn,https://tcgplayer-cdn.tcgplayer.com/product/86607_200w.jpg,3,1383,https://cpt.tcgcsv.com/9GJ,2024-04-11T17:52:07.09,1,15/108,Rare,Lightning,80,Stage 1,"Energy Grounding - Once during your opponent's turn, when any of your Pokemon is Knocked Out by your opponent's attacks, you may use this power.  Choose a basic Energy card discarded from the Knocked Out Pokemon and attach it to Lanturn.  You can't use more than 1 Energy Grounding Poke-Power each turn.  (Poke-POWER)","[1LL] Lightning Strike (50) You may discard all L Energy attached to Lanturn.  If you do, this attack's base damage is 90 instead of 50.",F,,2,3.16,5.5,30.39,6.16,,Reverse Holofoil,
86766,Lightning Energy,Lightning Energy,https://tcgplayer-cdn.tcgplayer.com/product/86766_200w.jpg,3,1383,https://cpt.tcgcsv.com/lKJ,2026-01-06T18:30:32.377,1,106/108,Rare,Energy,0,Energy,,,,,,2.99,4.81,9.18,5.57,4.19,Holofoil,
86788,Lileep,Lileep,https://tcgplayer-cdn.tcgplayer.com/product/86788_200w.jpg,3,1383,https://cpt.tcgcsv.com/NKJ,2024-04-11T17:52:07.187,1,52/108,Common,Grass,80,Stage 1,,"[1G] Surprise (20) Choose 1 card from your opponent's hand without looking.  Look at the card you chose, then have your opponent shuffle that card into his or her deck.",R,,2,0.07,0.4,3.14,0.43,,Normal,[2G] Acid (40) The Defending Pokemon can't retreat during your opponent's next turn.
86788,Lileep,Lileep,https://tcgplayer-cdn.tcgplayer.com/product/86788_200w.jpg,3,1383,https://cpt.tcgcsv.com/NKJ,2024-04-11T17:52:07.187,1,52/108,Common,Grass,80,Stage 1,,"[1G] Surprise (20) Choose 1 card from your opponent's hand without looking.  Look at the card you chose, then have your opponent shuffle that card into his or her deck.",R,,2,1.97,5.7,24.99,4.49,,Reverse Holofoil,[2G] Acid (40) The Defending Pokemon can't retreat during your opponent's next turn.
86964,Machamp,Machamp,https://tcgplayer-cdn.tcgplayer.com/product/86964_200w.jpg,3,1383,https://cpt.tcgcsv.com/jPJ,2024-04-11T17:52:07.263,1,11/108,Holo Rare,Fighting,120,Stage 2,"Overzealous - If your opponent has any Pokemon-ex in play, each of Machamp's attacks does 30 more damage to the Defending Pokemon.  (Poke-BODY)","[1F] Brick Smash (40) This attack's damage isn't affected by Resistance, Poke-Powers, Poke-Bodies, or any other effects on the Defending Pokemon.",P,,2,9.53,14.99,39.99,13.18,,Holofoil,"[3F] Cross Chop (60+) Flip a coin.  If heads, this attack does 60 damage plus 30 more damage."
86964,Machamp,Machamp,https://tcgplayer-cdn.tcgplayer.com/product/86964_200w.jpg,3,1383,https://cpt.tcgcsv.com/jPJ,2024-04-11T17:52:07.263,1,11/108,Holo Rare,Fighting,120,Stage 2,"Overzealous - If your opponent has any Pokemon-ex in play, each of Machamp's attacks does 30 more damage to the Defending Pokemon.  (Poke-BODY)","[1F] Brick Smash (40) This attack's damage isn't affected by Resistance, Poke-Powers, Poke-Bodies, or any other effects on the Defending Pokemon.",P,,2,17.5,20.02,35.0,20.04,,Reverse Holofoil,"[3F] Cross Chop (60+) Flip a coin.  If heads, this attack does 60 damage plus 30 more damage."
86980,Machoke,Machoke,https://tcgplayer-cdn.tcgplayer.com/product/86980_200w.jpg,3,1383,https://cpt.tcgcsv.com/DPJ,2024-04-11T17:52:07.31,1,33/108,Uncommon,Fighting,80,Stage 1,,"[1] Steady Punch (10+) Flip a coin.  If heads, this attack does 10 damage plus 20 more damage.",P,,1,0.15,0.4,1.99,0.62,,Normal,[2F] Mega Kick (50)
86980,Machoke,Machoke,https://tcgplayer-cdn.tcgplayer.com/product/86980_200w.jpg,3,1383,https://cpt.tcgcsv.com/DPJ,2024-04-11T17:52:07.31,1,33/108,Uncommon,Fighting,80,Stage 1,,"[1] Steady Punch (10+) Flip a coin.  If heads, this attack does 10 damage plus 20 more damage.",P,,1,8.0,9.2,40.0,9.95,,Reverse Holofoil,[2F] Mega Kick (50)
86994,Machop,Machop,https://tcgplayer-cdn.tcgplayer.com/product/86994_200w.jpg,3,1383,https://cpt.tcgcsv.com/VPJ,2024-04-11T17:52:07.45,1,53/108,Common,Fighting,50,Basic,,"[1] Smash Punch (20) Flip a coin.  If tails, this attack does nothing.",P,,1,0.07,0.27,5.0,0.28,,Normal,[1F] Submission (30) Machop does 10 damage to itself.
86994,Machop,Machop,https://tcgplayer-cdn.tcgplayer.com/product/86994_200w.jpg,3,1383,https://cpt.tcgcsv.com/VPJ,2024-04-11T17:52:07.45,1,53/108,Common,Fighting,50,Basic,,"[1] Smash Punch (20) Flip a coin.  If tails, this attack does nothing.",P,,1,6.33,12.16,17.99,4.97,,Reverse Holofoil,[1F] Submission (30) Machop does 10 damage to itself.
87080,Magnemite,Magnemite,https://tcgplayer-cdn.tcgplayer.com/product/87080_200w.jpg,3,1383,https://cpt.tcgcsv.com/DRJ,2024-04-11T17:52:07.543,1,54/108,Common,Lightning,50,Basic,,[1] Ram (10),F,M,1,0.09,0.35,1.99,0.46,,Normal,[1L] Spark (20) Does 10 damage to 1 of your opponent's Benched Pokemon.  (Don't apply Weakness and Resistance for Benched Pokemon.)
87080,Magnemite,Magnemite,https://tcgplayer-cdn.tcgplayer.com/product/87080_200w.jpg,3,1383,https://cpt.tcgcsv.com/DRJ,2024-04-11T17:52:07.543,1,54/108,Common,Lightning,50,Basic,,[1] Ram (10),F,M,1,4.0,18.95,20.85,11.23,,Reverse Holofoil,[1L] Spark (20) Does 10 damage to 1 of your opponent's Benched Pokemon.  (Don't apply Weakness and Resistance for Benched Pokemon.)
87106,Magneton,Magneton,https://tcgplayer-cdn.tcgplayer.com/product/87106_200w.jpg,3,1383,https://cpt.tcgcsv.com/8SJ,2024-04-11T17:52:07.61,1,16/108,Rare,Lightning,70,Stage 1,"Magnetic Field - Once during your turn (before your attack), if you have basic Energy cards in your discard pile, you may discard any 1 card from your hand.  Then search for up to 2 basic Energy cards from your discard pile, show them to your opponent, and put them into your hand.  You can't return the card you first discarded to your hand in this way.  This power can't be used if Magneton is affected by a Special Condition.  (Poke-POWER)",[1L] Magnetic Force (10x) Does 10 damage times the amount of Energy attached to all of your Pokemon (including Magneton).,F,M,1,0.9,1.59,4.5,2.92,,Normal,
87106,Magneton,Magneton,https://tcgplayer-cdn.tcgplayer.com/product/87106_200w.jpg,3,1383,https://cpt.tcgcsv.com/8SJ,2024-04-11T17:52:07.61,1,16/108,Rare,Lightning,70,Stage 1,"Magnetic Field - Once during your turn (before your attack), if you have basic Energy cards in your discard pile, you may discard any 1 card from your hand.  Then search for up to 2 basic Energy cards from your discard pile, show them to your opponent, and put them into your hand.  You can't return the card you first discarded to your hand in this way.  This power can't be used if Magneton is affected by a Special Condition.  (Poke-POWER)",[1L] Magnetic Force (10x) Does 10 damage times the amount of Energy attached to all of your Pokemon (including Magneton).,F,M,1,5.02,15.0,28.95,10.13,,Reverse Holofoil,
87255,Master Ball,Master Ball,https://tcgplayer-cdn.tcgplayer.com/product/87255_200w.jpg,3,1383,https://cpt.tcgcsv.com/7WJ,2025-11-19T23:28:06.66,1,78/108,Uncommon,Trainer,0,Trainer,,"Look at the top 7 cards from your deck.  Choose a Basic Pokemon or Evolution card from those cards, show it to your opponent, and put it into your hand.  Put the other 6 cards back on top of your deck.  Shuffle your deck afterward.",,,,0.25,0.62,4.99,1.0,0.3,Normal,
87255,Master Ball,Master Ball,https://tcgplayer-cdn.tcgplayer.com/product/87255_200w.jpg,3,1383,https://cpt.tcgcsv.com/7WJ,2025-11-19T23:28:06.66,1,78/108,Uncommon,Trainer,0,Trainer,,"Look at the top 7 cards from your deck.  Choose a Basic Pokemon or Evolution card from those cards, show it to your opponent, and put it into your hand.  Put the other 6 cards back on top of your deck.  Shuffle your deck afterward.",,,,3.0,3.94,7.99,3.38,,Reverse Holofoil,
87260,Mawile,Mawile,https://tcgplayer-cdn.tcgplayer.com/product/87260_200w.jpg,3,1383,https://cpt.tcgcsv.com/dWJ,2024-04-11T17:52:07.763,1,17/108,Rare,Metal,60,Basic,,[1] Call for Family - Search your deck for a Basic Pokemon and put it onto your Bench.  Shuffle your deck afterward.,R,G,1,0.77,1.06,3.59,1.63,,Normal,"[2] Pull Away (20) If your opponent has 5 or more cards in his or her hand, your opponent discards a number of cards until your opponent has 4 cards left in his or her hand."
87260,Mawile,Mawile,https://tcgplayer-cdn.tcgplayer.com/product/87260_200w.jpg,3,1383,https://cpt.tcgcsv.com/dWJ,2024-04-11T17:52:07.763,1,17/108,Rare,Metal,60,Basic,,[1] Call for Family - Search your deck for a Basic Pokemon and put it onto your Bench.  Shuffle your deck afterward.,R,G,1,3.7,5.85,12.15,10.55,,Reverse Holofoil,"[2] Pull Away (20) If your opponent has 5 or more cards in his or her hand, your opponent discards a number of cards until your opponent has 4 cards left in his or her hand."
87274,Medicham,Medicham,https://tcgplayer-cdn.tcgplayer.com/product/87274_200w.jpg,3,1383,https://cpt.tcgcsv.com/vWJ,2024-04-11T17:52:07.843,1,34/108,Uncommon,Fighting,80,Stage 1,"Vigorous Aura - As long as Medicham is your Active Pokemon, attacks by each player's Active Pokemon do 10 more damage to any Active Pokemon (before applying Weakness and Resistance).  (Poke-BODY)",[2] Punch (30),P,,1,0.16,0.44,5.0,0.99,,Normal,"[1FF] Rolling Kick (40) Flip a coin.  If heads, the Defending Pokemon is now Paralyzed."
87274,Medicham,Medicham,https://tcgplayer-cdn.tcgplayer.com/product/87274_200w.jpg,3,1383,https://cpt.tcgcsv.com/vWJ,2024-04-11T17:52:07.843,1,34/108,Uncommon,Fighting,80,Stage 1,"Vigorous Aura - As long as Medicham is your Active Pokemon, attacks by each player's Active Pokemon do 10 more damage to any Active Pokemon (before applying Weakness and Resistance).  (Poke-BODY)",[2] Punch (30),P,,1,4.29,4.78,7.84,5.97,,Reverse Holofoil,"[1FF] Rolling Kick (40) Flip a coin.  If heads, the Defending Pokemon is now Paralyzed."
87283,Meditite,Meditite,https://tcgplayer-cdn.tcgplayer.com/product/87283_200w.jpg,3,1383,https://cpt.tcgcsv.com/HWJ,2025-11-19T23:30:11.927,1,55/108,Common,Fighting,40,Basic,,"[P] Psyshock (10) Flip a coin.  If heads, the Defending Pokemon is now Paralyzed.",P,,1,0.08,0.26,2.99,0.28,0.23,Normal,"[F] Cross Chop (10+) Flip a coin.  If heads, this attack does 10 damage plus 10 more damage."
87283,Meditite,Meditite,https://tcgplayer-cdn.tcgplayer.com/product/87283_200w.jpg,3,1383,https://cpt.tcgcsv.com/HWJ,2025-11-19T23:30:11.927,1,55/108,Common,Fighting,40,Basic,,"[P] Psyshock (10) Flip a coin.  If heads, the Defending Pokemon is now Paralyzed.",P,,1,1.99,3.3,4.0,4.84,,Reverse Holofoil,"[F] Cross Chop (10+) Flip a coin.  If heads, this attack does 10 damage plus 10 more damage."
87347,Metagross ex,Metagross ex,https://tcgplayer-cdn.tcgplayer.com/product/87347_200w.jpg,3,1383,https://cpt.tcgcsv.com/ZXJ,2024-04-11T17:52:08.113,1,95/108,Ultra Rare,Metal,150,Stage 2,"Magnetic Redraw - Once during your turn (before your attack), if Metagross ex is your Active Pokemon, you may use this power.  Each player shuffles his or her hand into his or her deck.  Then, each player draws 4 cards.  This power can't be used if Metagross ex is affected by a Special Condition.  (Poke-POWER)",[1MM] Scanblast (70) Does 70 damage to each of your opponent's Benched Pokemon that has the same name as the Defending Pokemon.  (Don't apply Weakness and Resistance for Benched Pokemon.),FR,G,4,44.32,52.73,61.14,60.22,,Holofoil,
87361,Metal Energy (Special),Metal Energy Special,https://tcgplayer-cdn.tcgplayer.com/product/87361_200w.jpg,3,1383,https://cpt.tcgcsv.com/fZJ,2024-04-11T17:52:08.193,1,88/108,Rare,Special Metal Energy,,,Damage done by attacks to the Pokemon that Metal Energy is attached to is reduced by 10 (after applying Weakness and Resistance).  Ignore this effect if the Pokemon that Metal Energy is attached to isn't M.  Metal Energy provides M Energy.  (Doesn't count as a basic Energy card.),,,,,0.5,1.0,3.0,1.22,,Normal,
87361,Metal Energy (Special),Metal Energy Special,https://tcgplayer-cdn.tcgplayer.com/product/87361_200w.jpg,3,1383,https://cpt.tcgcsv.com/fZJ,2024-04-11T17:52:08.193,1,88/108,Rare,Special Metal Energy,,,Damage done by attacks to the Pokemon that Metal Energy is attached to is reduced by 10 (after applying Weakness and Resistance).  Ignore this effect if the Pokemon that Metal Energy is attached to isn't M.  Metal Energy provides M Energy.  (Doesn't count as a basic Energy card.),,,,,2.0,3.06,4.87,3.12,,Reverse Holofoil,
87377,Metang,Metang,https://tcgplayer-cdn.tcgplayer.com/product/87377_200w.jpg,3,1383,https://cpt.tcgcsv.com/zZJ,2024-04-11T17:52:08.293,1,35/108,Uncommon,Metal,80,Stage 1,Clear Body - Metang cant be affected by any Special Conditions.  (Poke-BODY),"[1M] Extra Comet Punch (30+) During your next turn, Extra Comet Punch does 30 more damage.",R,G,2,0.63,0.92,4.94,1.7,,Normal,
87377,Metang,Metang,https://tcgplayer-cdn.tcgplayer.com/product/87377_200w.jpg,3,1383,https://cpt.tcgcsv.com/zZJ,2024-04-11T17:52:08.293,1,35/108,Uncommon,Metal,80,Stage 1,Clear Body - Metang cant be affected by any Special Conditions.  (Poke-BODY),"[1M] Extra Comet Punch (30+) During your next turn, Extra Comet Punch does 30 more damage.",R,G,2,10.46,14.69,34.99,15.97,,Reverse Holofoil,
87446,Mightyena,Mightyena,https://tcgplayer-cdn.tcgplayer.com/product/87446_200w.jpg,3,1383,https://cpt.tcgcsv.com/X-J,2024-04-11T17:52:08.353,1,18/108,Rare,Darkness,70,Stage 1,,"[2] Plunder (20) Before doing damage, discard all Trainer cards attached to the Defending Pokemon.",F,P,0,0.5,0.74,3.14,1.01,,Normal,"[1DD] Dark Burst (50+) If Sidney's Stadium is in play, this attack does 50 damage plus 20 more damage."
87446,Mightyena,Mightyena,https://tcgplayer-cdn.tcgplayer.com/product/87446_200w.jpg,3,1383,https://cpt.tcgcsv.com/X-J,2024-04-11T17:52:08.353,1,18/108,Rare,Darkness,70,Stage 1,,"[2] Plunder (20) Before doing damage, discard all Trainer cards attached to the Defending Pokemon.",F,P,0,5.16,10.34,30.69,6.87,,Reverse Holofoil,"[1DD] Dark Burst (50+) If Sidney's Stadium is in play, this attack does 50 damage plus 20 more damage."
87633,Multi Energy,Multi Energy,https://tcgplayer-cdn.tcgplayer.com/product/87633_200w.jpg,3,1383,https://cpt.tcgcsv.com/H3K,2024-04-11T17:52:08.417,1,89/108,Rare,Energy,0,Special Energy,,"Attach Multi Energy to 1 of your Pokemon.  While in play, Multi Energy provides every type of Energy but provides only 1 Energy at a time.  (Has no effect other than providing Energy.)  Multi Energy provides C Energy when attached to a Pokemon that already has Special Energy cards attached to it.",,,,0.98,1.95,3.97,2.67,,Normal,
87633,Multi Energy,Multi Energy,https://tcgplayer-cdn.tcgplayer.com/product/87633_200w.jpg,3,1383,https://cpt.tcgcsv.com/H3K,2024-04-11T17:52:08.417,1,89/108,Rare,Energy,0,Special Energy,,"Attach Multi Energy to 1 of your Pokemon.  While in play, Multi Energy provides every type of Energy but provides only 1 Energy at a time.  (Has no effect other than providing Energy.)  Multi Energy provides C Energy when attached to a Pokemon that already has Special Energy cards attached to it.",,,,2.45,3.6,29.97,3.54,,Reverse Holofoil,
87665,Mysterious Fossil,Mysterious Fossil,https://tcgplayer-cdn.tcgplayer.com/product/87665_200w.jpg,3,1383,https://cpt.tcgcsv.com/k5K,2024-04-11T17:52:08.47,1,85/108,Common,Trainer,50,Trainer,,"Play Mysterious Fossil as if it were a Basic Pokemon.  While in play, Mysterious Fossil counts as a C Pokemon (as well as a Trainer card).  Mysterious Fossil has no attacks, can't retreat, and can't be affected by any Special Conditions.  If Mysterious Fossil is Knocked Out, it doesn't count as a Knocked Out Pokemon.  (Discard it anyway.) At any time during your turn before your attack, you may discard Mysterious Fossil from play.",,,,0.08,0.3,1.54,0.48,,Normal,
87665,Mysterious Fossil,Mysterious Fossil,https://tcgplayer-cdn.tcgplayer.com/product/87665_200w.jpg,3,1383,https://cpt.tcgcsv.com/k5K,2024-04-11T17:52:08.47,1,85/108,Common,Trainer,50,Trainer,,"Play Mysterious Fossil as if it were a Basic Pokemon.  While in play, Mysterious Fossil counts as a C Pokemon (as well as a Trainer card).  Mysterious Fossil has no attacks, can't retreat, and can't be affected by any Special Conditions.  If Mysterious Fossil is Knocked Out, it doesn't count as a Knocked Out Pokemon.  (Discard it anyway.) At any time during your turn before your attack, you may discard Mysterious Fossil from play.",,,,0.99,1.28,5.99,1.25,,Reverse Holofoil,
87771,Ninetales,Ninetales,https://tcgplayer-cdn.tcgplayer.com/product/87771_200w.jpg,3,1383,https://cpt.tcgcsv.com/r7K,2024-04-11T17:52:08.517,1,19/108,Rare,Fire,70,Stage 1,"Safeguard - Prevent all effects of attacks, including damage, done to Ninetales by your opponent's Pokemon-ex.  (Poke-BODY)","[2] Quick Attack (20+) Flip a coin.  If heads, this attack does 20 damage plus 20 more damage.",W,,1,2.37,2.73,4.5,6.02,,Normal,[2R] Will-o'-the-wisp (50)
87771,Ninetales,Ninetales,https://tcgplayer-cdn.tcgplayer.com/product/87771_200w.jpg,3,1383,https://cpt.tcgcsv.com/r7K,2024-04-11T17:52:08.517,1,19/108,Rare,Fire,70,Stage 1,"Safeguard - Prevent all effects of attacks, including damage, done to Ninetales by your opponent's Pokemon-ex.  (Poke-BODY)","[2] Quick Attack (20+) Flip a coin.  If heads, this attack does 20 damage plus 20 more damage.",W,,1,117.09,133.54,149.99,34.0,,Reverse Holofoil,[2R] Will-o'-the-wisp (50)
87824,Nuzleaf,Nuzleaf,https://tcgplayer-cdn.tcgplayer.com/product/87824_200w.jpg,3,1383,https://cpt.tcgcsv.com/v8K,2024-04-11T17:52:08.593,1,36/108,Uncommon,Darkness,70,Stage 1,,"[1] Fake Out (10) Flip a coin.  If heads, the Defending Pokemon is now Paralyzed.",F,P,1,0.25,0.48,1.99,0.51,,Normal,[2D] Gentle Slap (40)
87824,Nuzleaf,Nuzleaf,https://tcgplayer-cdn.tcgplayer.com/product/87824_200w.jpg,3,1383,https://cpt.tcgcsv.com/v8K,2024-04-11T17:52:08.593,1,36/108,Uncommon,Darkness,70,Stage 1,,"[1] Fake Out (10) Flip a coin.  If heads, the Defending Pokemon is now Paralyzed.",F,P,1,8.0,9.12,15.0,8.97,11.7,Reverse Holofoil,[2D] Gentle Slap (40)
87859,Omanyte,Omanyte,https://tcgplayer-cdn.tcgplayer.com/product/87859_200w.jpg,3,1383,https://cpt.tcgcsv.com/c9K,2025-11-19T23:31:25.313,1,56/108,Common,Water,70,Stage 1,,"[W] Influence - Search your deck for Omanyte, Kabuto, Aerodactyl, Lileep, or Anorith and put 2 of them onto your Bench.  Shuffle you deck afterward.  Treat the new Benched Pokemon as Basic Pokemon.",L,,1,0.15,0.4,2.19,0.5,,Normal,[2] Mud Shot (20)
87859,Omanyte,Omanyte,https://tcgplayer-cdn.tcgplayer.com/product/87859_200w.jpg,3,1383,https://cpt.tcgcsv.com/c9K,2025-11-19T23:31:25.313,1,56/108,Common,Water,70,Stage 1,,"[W] Influence - Search your deck for Omanyte, Kabuto, Aerodactyl, Lileep, or Anorith and put 2 of them onto your Bench.  Shuffle you deck afterward.  Treat the new Benched Pokemon as Basic Pokemon.",L,,1,4.5,5.09,5.09,5.09,,Reverse Holofoil,[2] Mud Shot (20)
87869,Omastar,Omastar,https://tcgplayer-cdn.tcgplayer.com/product/87869_200w.jpg,3,1383,https://cpt.tcgcsv.com/p9K,2024-04-11T17:52:08.72,1,20/108,Rare,Water,110,Stage 2,,"[1] Pull Down - If your opponent has any Evolved Pokemon in play, remove the highest Stage Evolution card from each of them and put those cards back into his or her hand.",L,,2,0.35,0.89,1.99,1.53,,Normal,[2] Hydrocannon (30+) Does 30 damage plus 20 more damage for each W Energy attached to Omastar but not used to pay for this attack's Energy cost.  You can't add more than 40 damage in this way.
87869,Omastar,Omastar,https://tcgplayer-cdn.tcgplayer.com/product/87869_200w.jpg,3,1383,https://cpt.tcgcsv.com/p9K,2024-04-11T17:52:08.72,1,20/108,Rare,Water,110,Stage 2,,"[1] Pull Down - If your opponent has any Evolved Pokemon in play, remove the highest Stage Evolution card from each of them and put those cards back into his or her hand.",L,,2,3.7,6.49,6.99,6.1,,Reverse Holofoil,[2] Hydrocannon (30+) Does 30 damage plus 20 more damage for each W Energy attached to Omastar but not used to pay for this attack's Energy cost.  You can't add more than 40 damage in this way.
88010,Phoebe's Stadium,Phoebes Stadium,https://tcgplayer-cdn.tcgplayer.com/product/88010_200w.jpg,3,1383,https://cpt.tcgcsv.com/ddK,2024-04-11T17:52:08.78,1,79/108,Uncommon,Stadium,0,Stadium,"This card stays in play when you play it.  Discard this card if another Stadium card comes into play.  If another card with the same name is in play, you can't play this card.",Each player pays 2 less to retreat his or her P Pokemon.,,,,0.25,0.48,3.84,0.48,,Normal,
88010,Phoebe's Stadium,Phoebes Stadium,https://tcgplayer-cdn.tcgplayer.com/product/88010_200w.jpg,3,1383,https://cpt.tcgcsv.com/ddK,2024-04-11T17:52:08.78,1,79/108,Uncommon,Stadium,0,Stadium,"This card stays in play when you play it.  Discard this card if another Stadium card comes into play.  If another card with the same name is in play, you can't play this card.",Each player pays 2 less to retreat his or her P Pokemon.,,,,2.75,3.0,5.99,4.53,,Reverse Holofoil,
88017,Pichu,Pichu,https://tcgplayer-cdn.tcgplayer.com/product/88017_200w.jpg,3,1383,https://cpt.tcgcsv.com/mdK,2024-04-11T17:52:08.843,1,21/108,Rare,Lightning,50,Basic,"Baby Evolution - Once during your turn (before your attack), you may put Pikachu from your hand onto Pichu (this counts as evolving Pichu) and remove all damage counters from Pichu.  (Poke-POWER)","[L] Cry for Help - Search your deck for a L Pokemon (excluding Pokemon-ex), show it to your opponent, and put it into your hand.  Shuffle your deck afterward.",F,,1,6.65,9.17,12.79,9.34,,Normal,
88017,Pichu,Pichu,https://tcgplayer-cdn.tcgplayer.com/product/88017_200w.jpg,3,1383,https://cpt.tcgcsv.com/mdK,2024-04-11T17:52:08.843,1,21/108,Rare,Lightning,50,Basic,"Baby Evolution - Once during your turn (before your attack), you may put Pikachu from your hand onto Pichu (this counts as evolving Pichu) and remove all damage counters from Pichu.  (Poke-POWER)","[L] Cry for Help - Search your deck for a L Pokemon (excluding Pokemon-ex), show it to your opponent, and put it into your hand.  Shuffle your deck afterward.",F,,1,79.99,84.97,89.95,44.0,,Reverse Holofoil,
88084,Pikachu,Pikachu,https://tcgplayer-cdn.tcgplayer.com/product/88084_200w.jpg,3,1383,https://cpt.tcgcsv.com/JfK,2024-04-11T17:52:08.89,1,57/108,Common,Lightning,40,Basic,,[L] Charge - Search your discard pile for a L Energy card and attach it to Pikachu.,F,,1,2.44,4.99,10.0,6.16,,Normal,[2] Slam (20x) Flip 2 coins.  This attack does 20 damage times the number of heads.
88084,Pikachu,Pikachu,https://tcgplayer-cdn.tcgplayer.com/product/88084_200w.jpg,3,1383,https://cpt.tcgcsv.com/JfK,2024-04-11T17:52:08.89,1,57/108,Common,Lightning,40,Basic,,[L] Charge - Search your discard pile for a L Energy card and attach it to Pikachu.,F,,1,30.74,30.74,30.74,36.2,,Reverse Holofoil,[2] Slam (20x) Flip 2 coins.  This attack does 20 damage times the number of heads.
88299,Poochyena,Poochyena,https://tcgplayer-cdn.tcgplayer.com/product/88299_200w.jpg,3,1383,https://cpt.tcgcsv.com/_kK,2024-04-11T17:52:08.94,1,58/108,Common,Darkness,50,Basic,,[D] Double Kick (10x) Flip 2 coins.  This attack does 10 times the number of heads.,F,P,1,0.12,0.38,5.0,0.41,,Normal,
88299,Poochyena,Poochyena,https://tcgplayer-cdn.tcgplayer.com/product/88299_200w.jpg,3,1383,https://cpt.tcgcsv.com/_kK,2024-04-11T17:52:08.94,1,58/108,Common,Darkness,50,Basic,,[D] Double Kick (10x) Flip 2 coins.  This attack does 10 times the number of heads.,F,P,1,4.28,19.99,26.45,18.56,,Reverse Holofoil,
88383,Professor Birch,Professor Birch,https://tcgplayer-cdn.tcgplayer.com/product/88383_200w.jpg,3,1383,https://cpt.tcgcsv.com/HmK,2024-04-11T17:52:08.987,1,80/108,Uncommon,Supporter,0,Supporter,"You can play only one Supporter card each turn.  When you play this card, put it next to your Active Pokemon.  When your turn ends, discard this card.",Draw cards from your deck until you have 6 cards in your hand.,,,,0.15,0.35,1.99,0.73,,Normal,
88383,Professor Birch,Professor Birch,https://tcgplayer-cdn.tcgplayer.com/product/88383_200w.jpg,3,1383,https://cpt.tcgcsv.com/HmK,2024-04-11T17:52:08.987,1,80/108,Uncommon,Supporter,0,Supporter,"You can play only one Supporter card each turn.  When you play this card, put it next to your Active Pokemon.  When your turn ends, discard this card.",Draw cards from your deck until you have 6 cards in your hand.,,,,1.41,2.39,5.0,2.55,,Reverse Holofoil,
88422,Psychic Energy,Psychic Energy,https://tcgplayer-cdn.tcgplayer.com/product/88422_200w.jpg,3,1383,https://cpt.tcgcsv.com/snK,2025-11-10T23:18:58.363,1,107/108,Rare,Energy,0,Energy,,,,,,6.0,9.34,14.07,7.43,,Holofoil,
88509,Raichu,Raichu,https://tcgplayer-cdn.tcgplayer.com/product/88509_200w.jpg,3,1383,https://cpt.tcgcsv.com/cqK,2024-04-11T17:52:09.1,1,12/108,Holo Rare,Lightning,70,Stage 1,,[1] Plasma (10) Search your discard pile for a L Energy card and attach it to Raichu.,F,,1,15.65,18.0,98.74,22.06,,Holofoil,[1LL] Thunderbolt (100) Discard all Energy cards attached to Raichu.
88509,Raichu,Raichu,https://tcgplayer-cdn.tcgplayer.com/product/88509_200w.jpg,3,1383,https://cpt.tcgcsv.com/cqK,2024-04-11T17:52:09.1,1,12/108,Holo Rare,Lightning,70,Stage 1,,[1] Plasma (10) Search your discard pile for a L Energy card and attach it to Raichu.,F,,1,24.99,46.14,99.99,33.09,,Reverse Holofoil,[1LL] Thunderbolt (100) Discard all Energy cards attached to Raichu.
88560,Ralts,Ralts,https://tcgplayer-cdn.tcgplayer.com/product/88560_200w.jpg,3,1383,https://cpt.tcgcsv.com/drK,2024-04-11T17:52:09.18,1,59/108,Common,Psychic,50,Basic,,[1] Slap (10),P,,1,0.15,0.4,5.0,0.72,,Normal,[1P] Teleportation Burst (20) Switch Ralts with 1 of your Benched Pokemon.
88560,Ralts,Ralts,https://tcgplayer-cdn.tcgplayer.com/product/88560_200w.jpg,3,1383,https://cpt.tcgcsv.com/drK,2024-04-11T17:52:09.18,1,59/108,Common,Psychic,50,Basic,,[1] Slap (10),P,,1,4.0,4.0,8.63,9.32,,Reverse Holofoil,[1P] Teleportation Burst (20) Switch Ralts with 1 of your Benched Pokemon.
88813,Root Fossil,Root Fossil,https://tcgplayer-cdn.tcgplayer.com/product/88813_200w.jpg,3,1383,https://cpt.tcgcsv.com/hxK,2024-04-11T17:52:09.29,1,86/108,Common,Trainer,40,Trainer,"Play Root Fossil as if it were a Basic Pokemon.  While in play, Root Fossil counts as a C Pokemon (as well as a Trainer card).  Root Fossil has no attacks of its own, can't retreat, and can't be affected by any Special Conditions.  If Root Fossil is Knocked Out, it doesn't count as a Knocked Out Pokemon.  (Discard it anyway.) At any time during your turn before your attack, you may discard Root Fossil from play.

Spongy Stone - At any time between turns, remove 1 damage counter from Root Fossil (Poke-BODY)",,,,,0.08,0.28,5.0,0.34,,Normal,
88813,Root Fossil,Root Fossil,https://tcgplayer-cdn.tcgplayer.com/product/88813_200w.jpg,3,1383,https://cpt.tcgcsv.com/hxK,2024-04-11T17:52:09.29,1,86/108,Common,Trainer,40,Trainer,"Play Root Fossil as if it were a Basic Pokemon.  While in play, Root Fossil counts as a C Pokemon (as well as a Trainer card).  Root Fossil has no attacks of its own, can't retreat, and can't be affected by any Special Conditions.  If Root Fossil is Knocked Out, it doesn't count as a Knocked Out Pokemon.  (Discard it anyway.) At any time during your turn before your attack, you may discard Root Fossil from play.

Spongy Stone - At any time between turns, remove 1 damage counter from Root Fossil (Poke-BODY)",,,,,0.42,1.5,3.02,1.38,,Reverse Holofoil,
88851,Sableye,Sableye,https://tcgplayer-cdn.tcgplayer.com/product/88851_200w.jpg,3,1383,https://cpt.tcgcsv.com/2zK,2024-04-11T17:52:09.337,1,22/108,Rare,Psychic,60,Basic,"Synergy Effect - If Phoebe's Stadium is in play, prevent all damage done to Sableye by attacks from your opponent's Pokemon-ex.  (Poke-BODY)",[1] Down Draw - Draw 2 cards from the bottom of your deck.,,C,1,0.2,0.67,8.64,1.07,,Normal,"[1P] Feint Attack - Choose 1 of your opponent's Pokemon.  This attack does 20 damage to that Pokemon.  This attack's damage isn't affected by Weakness, Resistance, Poke-Powers, Poke-Bodies, or any other effects on that Pokemon."
88851,Sableye,Sableye,https://tcgplayer-cdn.tcgplayer.com/product/88851_200w.jpg,3,1383,https://cpt.tcgcsv.com/2zK,2024-04-11T17:52:09.337,1,22/108,Rare,Psychic,60,Basic,"Synergy Effect - If Phoebe's Stadium is in play, prevent all damage done to Sableye by attacks from your opponent's Pokemon-ex.  (Poke-BODY)",[1] Down Draw - Draw 2 cards from the bottom of your deck.,,C,1,7.5,18.75,29.99,9.42,,Reverse Holofoil,"[1P] Feint Attack - Choose 1 of your opponent's Pokemon.  This attack does 20 damage to that Pokemon.  This attack's damage isn't affected by Weakness, Resistance, Poke-Powers, Poke-Bodies, or any other effects on that Pokemon."
88904,Salamence ex,Salamence ex,https://tcgplayer-cdn.tcgplayer.com/product/88904_200w.jpg,3,1383,https://cpt.tcgcsv.com/6BK,2024-04-11T17:52:09.397,1,96/108,Ultra Rare,Colorless,160,Stage 2,,[2RR] Volcanic Flame (150) Discard the top 5 cards from your deck.,C,FR,2,109.99,172.49,249.95,134.36,,Holofoil,[2WW] Hydro Wave - Discard all W Energy attached to Salamence ex.  This attack does 30 damage to each of your opponent's Benched Pokemon.  (Don't apply Weakness and Resistance for Benched Pokemon.)
88976,Scott,Scott,https://tcgplayer-cdn.tcgplayer.com/product/88976_200w.jpg,3,1383,https://cpt.tcgcsv.com/xCK,2025-11-19T23:32:12.32,1,81/108,Uncommon,Supporter,0,Supporter,"You can play only one Supporter card each turn.  When you play this card, put it next to your Active Pokemon.  When your turn ends, discard this card.","Search your deck for up to 3 cards in any combination of Supporter cards and Stadium cards, show them to your opponent, and put them into your hand.  Shuffle your deck afterward.",,,,0.86,1.97,4.54,2.64,,Normal,
88976,Scott,Scott,https://tcgplayer-cdn.tcgplayer.com/product/88976_200w.jpg,3,1383,https://cpt.tcgcsv.com/xCK,2025-11-19T23:32:12.32,1,81/108,Uncommon,Supporter,0,Supporter,"You can play only one Supporter card each turn.  When you play this card, put it next to your Active Pokemon.  When your turn ends, discard this card.","Search your deck for up to 3 cards in any combination of Supporter cards and Stadium cards, show them to your opponent, and put them into your hand.  Shuffle your deck afterward.",,,,3.89,4.97,11.97,4.77,,Reverse Holofoil,
89031,Sealeo,Sealeo,https://tcgplayer-cdn.tcgplayer.com/product/89031_200w.jpg,3,1383,https://cpt.tcgcsv.com/FDK,2024-04-11T17:52:09.507,1,37/108,Uncommon,Water,70,Stage 1,,"[1W] Ice Beam (20) Flip a coin.  If heads, the Defending Pokemon is now Paralyzed.",L,,1,0.19,0.5,1.99,0.57,,Normal,
89031,Sealeo,Sealeo,https://tcgplayer-cdn.tcgplayer.com/product/89031_200w.jpg,3,1383,https://cpt.tcgcsv.com/FDK,2024-04-11T17:52:09.507,1,37/108,Uncommon,Water,70,Stage 1,,"[1W] Ice Beam (20) Flip a coin.  If heads, the Defending Pokemon is now Paralyzed.",L,,1,6.8,10.0,11.99,3.37,,Reverse Holofoil,
89042,Seedot,Seedot,https://tcgplayer-cdn.tcgplayer.com/product/89042_200w.jpg,3,1383,https://cpt.tcgcsv.com/SDK,2024-04-11T17:52:09.567,1,60/108,Common,Grass,40,Basic,,[1] Nap - Remove 2 damage counters from Seedot.,R,,1,0.13,0.3,5.0,0.35,,Normal,[1G] Double Spin (20x) Flip 2 coins.  This attack does 20 damage times the number of heads.
89042,Seedot,Seedot,https://tcgplayer-cdn.tcgplayer.com/product/89042_200w.jpg,3,1383,https://cpt.tcgcsv.com/SDK,2024-04-11T17:52:09.567,1,60/108,Common,Grass,40,Basic,,[1] Nap - Remove 2 damage counters from Seedot.,R,,1,2.98,2.99,2.99,1.92,,Reverse Holofoil,[1G] Double Spin (20x) Flip 2 coins.  This attack does 20 damage times the number of heads.
89085,Seviper,Seviper,https://tcgplayer-cdn.tcgplayer.com/product/89085_200w.jpg,3,1383,https://cpt.tcgcsv.com/KFK,2024-04-11T17:52:09.613,1,23/108,Rare,Grass,70,Basic,,[G] Sharp Fang (10),P,,1,0.35,0.67,4.0,1.41,,Normal,[2G] Toxic - The Defending Pokemon is now Poisoned.  Put 2 damage counters instead of 1 on the Defending Pokemon between turns.
89085,Seviper,Seviper,https://tcgplayer-cdn.tcgplayer.com/product/89085_200w.jpg,3,1383,https://cpt.tcgcsv.com/KFK,2024-04-11T17:52:09.613,1,23/108,Rare,Grass,70,Basic,,[G] Sharp Fang (10),P,,1,6.5,7.25,12.21,8.25,,Reverse Holofoil,[2G] Toxic - The Defending Pokemon is now Poisoned.  Put 2 damage counters instead of 1 on the Defending Pokemon between turns.
89098,Sharpedo,Sharpedo,https://tcgplayer-cdn.tcgplayer.com/product/89098_200w.jpg,3,1383,https://cpt.tcgcsv.com/-FK,2024-04-11T17:52:09.65,1,38/108,Uncommon,Darkness,70,Stage 1,,"[1D] Tight Jaw (20) Flip a coin.  If heads, the Defending Pokemon is now Paralyzed.",G,P,0,0.4,0.99,19.99,1.1,,Normal,[2D] Darkness Charge (50) Put 1 damage counter on Sharpedo.
89098,Sharpedo,Sharpedo,https://tcgplayer-cdn.tcgplayer.com/product/89098_200w.jpg,3,1383,https://cpt.tcgcsv.com/-FK,2024-04-11T17:52:09.65,1,38/108,Uncommon,Darkness,70,Stage 1,,"[1D] Tight Jaw (20) Flip a coin.  If heads, the Defending Pokemon is now Paralyzed.",G,P,0,3.0,6.0,9.0,8.24,,Reverse Holofoil,[2D] Darkness Charge (50) Put 1 damage counter on Sharpedo.
89126,Shelgon,Shelgon,https://tcgplayer-cdn.tcgplayer.com/product/89126_200w.jpg,3,1383,https://cpt.tcgcsv.com/xGK,2024-04-11T17:52:09.807,1,39/108,Uncommon,Colorless,80,Stage 1,,[1R] Rage (10+) Does 10 damage plus 10 more damage for each damage counter on Shelgon.,C,FR,2,0.21,0.4,1.99,0.57,,Normal,[2W] Rolling Tackle (40)
89126,Shelgon,Shelgon,https://tcgplayer-cdn.tcgplayer.com/product/89126_200w.jpg,3,1383,https://cpt.tcgcsv.com/xGK,2024-04-11T17:52:09.807,1,39/108,Uncommon,Colorless,80,Stage 1,,[1R] Rage (10+) Does 10 damage plus 10 more damage for each damage counter on Shelgon.,C,FR,2,2.24,4.97,7.99,6.5,,Reverse Holofoil,[2W] Rolling Tackle (40)
89161,Shiftry ex,Shiftry ex,https://tcgplayer-cdn.tcgplayer.com/product/89161_200w.jpg,3,1383,https://cpt.tcgcsv.com/fHK,2024-04-11T17:52:09.853,1,97/108,Ultra Rare,Darkness,140,Stage 2,,"[D] Skill Hack - Look at your opponent's hand and choose a Basic Pokemon or Evolution card you find there.  Choose 1 of that Pokemon's attacks.  Skill Hack copies that attack except for its Energy cost.  (You must still do anything else required for that attack.)  (No matter what type that Pokemon is, Shiftry ex's type is still D.)  Shiftry ex performs that attack.",FG,P,1,31.97,45.0,99.99,33.2,,Holofoil,[2D] Dirge (60) Does 60 damage to each of your opponent's Benched Pokemon that has the same name as the Defending Pokemon.  (Don't apply Weakness and Resistance for Benched Pokemon.)
89199,Shuppet,Shuppet,https://tcgplayer-cdn.tcgplayer.com/product/89199_200w.jpg,3,1383,https://cpt.tcgcsv.com/_HK,2025-11-19T23:32:45.49,1,61/108,Common,Psychic,50,Basic,,"[P] Bad Dream (10) Flip a coin.  If heads, the Defending Pokemon is now Asleep.  If tails, the Defending Pokemon is now Confused.",D,F,1,0.02,0.38,19.98,0.69,0.23,Normal,
89199,Shuppet,Shuppet,https://tcgplayer-cdn.tcgplayer.com/product/89199_200w.jpg,3,1383,https://cpt.tcgcsv.com/_HK,2025-11-19T23:32:45.49,1,61/108,Common,Psychic,50,Basic,,"[P] Bad Dream (10) Flip a coin.  If heads, the Defending Pokemon is now Asleep.  If tails, the Defending Pokemon is now Confused.",D,F,1,5.79,6.33,24.93,5.38,,Reverse Holofoil,
89203,Sidney's Stadium,Sidneys Stadium,https://tcgplayer-cdn.tcgplayer.com/product/89203_200w.jpg,3,1383,https://cpt.tcgcsv.com/5JK,2025-11-19T23:33:29.757,1,82/108,Uncommon,Stadium,0,Stadium,"This card stays in play when you play it.  Discard this card if another Stadium card comes into play.  If another card with the same name is in play, you can't play this card.","Each player's D Pokemon can't be Asleep, Confused, or Paralyzed.",,,,0.15,0.5,1.99,0.64,0.67,Normal,
89203,Sidney's Stadium,Sidneys Stadium,https://tcgplayer-cdn.tcgplayer.com/product/89203_200w.jpg,3,1383,https://cpt.tcgcsv.com/5JK,2025-11-19T23:33:29.757,1,82/108,Uncommon,Stadium,0,Stadium,"This card stays in play when you play it.  Discard this card if another Stadium card comes into play.  If another card with the same name is in play, you can't play this card.","Each player's D Pokemon can't be Asleep, Confused, or Paralyzed.",,,,1.2,1.48,5.99,1.41,,Reverse Holofoil,
89247,Skarmory ex,Skarmory ex,https://tcgplayer-cdn.tcgplayer.com/product/89247_200w.jpg,3,1383,https://cpt.tcgcsv.com/ZJK,2024-04-11T17:52:10.21,1,98/108,Ultra Rare,Metal,100,Basic,"Metal Gravity - If your opponent's Active Pokemon retreats and has 40 or more remaining HP, put 3 damage counters on that Pokemon.  You can't use more than 1 Metal Gravity Poke-Body each turn.  (Poke-BODY)",[2] Whirlwind (30) Your opponent switches the Defending Pokemon with 1 of his or her Benched Pokemon.,R,G,1,47.97,68.2,125.96,71.78,,Holofoil,[1MM] Razor Wing (60)
89266,Skitty,Skitty,https://tcgplayer-cdn.tcgplayer.com/product/89266_200w.jpg,3,1383,https://cpt.tcgcsv.com/lKK,2025-11-19T23:34:06.53,1,62/108,Common,Colorless,50,Basic,,"[1] Tail Whip - Flip a coin.  If heads, the Defending Pokemon can't attack during your opponent's next turn.",F,,1,0.2,0.4,2.0,1.03,,Normal,[2] Tackle (20)
89266,Skitty,Skitty,https://tcgplayer-cdn.tcgplayer.com/product/89266_200w.jpg,3,1383,https://cpt.tcgcsv.com/lKK,2025-11-19T23:34:06.53,1,62/108,Common,Colorless,50,Basic,,"[1] Tail Whip - Flip a coin.  If heads, the Defending Pokemon can't attack during your opponent's next turn.",F,,1,12.74,24.25,49.99,14.09,,Reverse Holofoil,[2] Tackle (20)
89290,Slaking,Slaking,https://tcgplayer-cdn.tcgplayer.com/product/89290_200w.jpg,3,1383,https://cpt.tcgcsv.com/QKK,2024-04-11T17:52:10.363,1,13/108,Holo Rare,Colorless,120,Stage 2,"Lazy - As long as Slaking is your Active Pokemon, your opponent's Pokemon can't use Poke-Powers.  (Poke-BODY)",[4] Critical Move (100) Discard a Basic Energy card attached to Slaking or this attack does nothing.  Slaking can't attack during your next turn.,F,,3,3.24,3.68,7.1,7.47,,Holofoil,
89290,Slaking,Slaking,https://tcgplayer-cdn.tcgplayer.com/product/89290_200w.jpg,3,1383,https://cpt.tcgcsv.com/QKK,2024-04-11T17:52:10.363,1,13/108,Holo Rare,Colorless,120,Stage 2,"Lazy - As long as Slaking is your Active Pokemon, your opponent's Pokemon can't use Poke-Powers.  (Poke-BODY)",[4] Critical Move (100) Discard a Basic Energy card attached to Slaking or this attack does nothing.  Slaking can't attack during your next turn.,F,,3,3.74,5.95,8.74,3.61,,Reverse Holofoil,
89297,Slakoth,Slakoth,https://tcgplayer-cdn.tcgplayer.com/product/89297_200w.jpg,3,1383,https://cpt.tcgcsv.com/ZKK,2024-08-20T16:02:20.453,1,63/108,Common,Colorless,40,Basic,,[1] Amnesia - Choose 1 of the Defending Pokemon's attacks.  That Pokemon can't use that attack during your opponent's next turn.,F,,1,0.13,0.38,4.49,0.87,,Normal,[1] Scratch (10)
89297,Slakoth,Slakoth,https://tcgplayer-cdn.tcgplayer.com/product/89297_200w.jpg,3,1383,https://cpt.tcgcsv.com/ZKK,2024-08-20T16:02:20.453,1,63/108,Common,Colorless,40,Basic,,[1] Amnesia - Choose 1 of the Defending Pokemon's attacks.  That Pokemon can't use that attack during your opponent's next turn.,F,,1,8.35,15.09,24.95,10.65,,Reverse Holofoil,[1] Scratch (10)
89401,Snorunt,Snorunt,https://tcgplayer-cdn.tcgplayer.com/product/89401_200w.jpg,3,1383,https://cpt.tcgcsv.com/2NK,2024-04-11T17:52:10.6,1,64/108,Common,Water,50,Basic,,[1] Pebble Throw - Choose 1 of your opponent's Benched Pokemon.  This attack does 10 damage to that Pokemon.  (Don't apply Weakness and Resistance for Benched Pokemon.),M,,1,0.15,0.33,5.0,0.49,,Normal,[1W] Double Headbutt (20x) Flip 2 coins.  This attack does 20 damage times the number of heads.
89401,Snorunt,Snorunt,https://tcgplayer-cdn.tcgplayer.com/product/89401_200w.jpg,3,1383,https://cpt.tcgcsv.com/2NK,2024-04-11T17:52:10.6,1,64/108,Common,Water,50,Basic,,[1] Pebble Throw - Choose 1 of your opponent's Benched Pokemon.  This attack does 10 damage to that Pokemon.  (Don't apply Weakness and Resistance for Benched Pokemon.),M,,1,1.89,4.49,7.5,5.07,,Reverse Holofoil,[1W] Double Headbutt (20x) Flip 2 coins.  This attack does 20 damage times the number of heads.
89447,Spheal,Spheal,https://tcgplayer-cdn.tcgplayer.com/product/89447_200w.jpg,3,1383,https://cpt.tcgcsv.com/ZNK,2024-04-11T17:52:10.673,1,65/108,Common,Water,40,Basic,,"[1] Defense Curl - Flip a coin.  If heads, prevent all damage done to Spheal during your opponent's next turn.",L,,1,0.1,0.45,5.0,0.5,,Normal,[1W] Aurora Beam (20)
89447,Spheal,Spheal,https://tcgplayer-cdn.tcgplayer.com/product/89447_200w.jpg,3,1383,https://cpt.tcgcsv.com/ZNK,2024-04-11T17:52:10.673,1,65/108,Common,Water,40,Basic,,"[1] Defense Curl - Flip a coin.  If heads, prevent all damage done to Spheal during your opponent's next turn.",L,,1,4.0,8.69,10.51,8.28,,Reverse Holofoil,[1W] Aurora Beam (20)
89568,Steven's Advice,Stevens Advice,https://tcgplayer-cdn.tcgplayer.com/product/89568_200w.jpg,3,1383,https://cpt.tcgcsv.com/nRK,2024-04-11T17:52:10.73,1,83/108,Uncommon,Supporter,0,Supporter,"You can play only one Supporter card each turn.  When you play this card, put it next to your Active Pokemon.  When your turn ends, discard this card.","Draw a number of cards up to the number of your opponent's Pokemon in play.  If you have 7 or more cards (including this one) in your hand, you can't play this card.",,,,1.49,4.71,6.99,3.48,,Normal,
89568,Steven's Advice,Stevens Advice,https://tcgplayer-cdn.tcgplayer.com/product/89568_200w.jpg,3,1383,https://cpt.tcgcsv.com/nRK,2024-04-11T17:52:10.73,1,83/108,Uncommon,Supporter,0,Supporter,"You can play only one Supporter card each turn.  When you play this card, put it next to your Active Pokemon.  When your turn ends, discard this card.","Draw a number of cards up to the number of your opponent's Pokemon in play.  If you have 7 or more cards (including this one) in your hand, you can't play this card.",,,,5.99,7.22,18.31,12.46,,Reverse Holofoil,
89656,Swablu,Swablu,https://tcgplayer-cdn.tcgplayer.com/product/89656_200w.jpg,3,1383,https://cpt.tcgcsv.com/8TK,2024-04-11T17:52:10.8,1,66/108,Common,Colorless,40,Basic,,[1] Fury Attack (10x) Flip 3 coins.  This attack does 10 times the number of heads.,L,F,1,0.03,0.29,1.49,0.35,,Normal,
89656,Swablu,Swablu,https://tcgplayer-cdn.tcgplayer.com/product/89656_200w.jpg,3,1383,https://cpt.tcgcsv.com/8TK,2024-04-11T17:52:10.8,1,66/108,Common,Colorless,40,Basic,,[1] Fury Attack (10x) Flip 3 coins.  This attack does 10 times the number of heads.,L,F,1,7.16,11.99,15.0,7.17,,Reverse Holofoil,
89959,Torchic,Torchic,https://tcgplayer-cdn.tcgplayer.com/product/89959_200w.jpg,3,1383,https://cpt.tcgcsv.com/c_K,2025-10-31T18:20:46.7,1,67/108,Common,Fire,50,Basic,,"[R] Super Singe (10) Flip a coin.  If heads, the Defending Pokemon is now Burned.",W,,1,0.11,0.35,5.0,0.55,,Normal,
89959,Torchic,Torchic,https://tcgplayer-cdn.tcgplayer.com/product/89959_200w.jpg,3,1383,https://cpt.tcgcsv.com/c_K,2025-10-31T18:20:46.7,1,67/108,Common,Fire,50,Basic,,"[R] Super Singe (10) Flip a coin.  If heads, the Defending Pokemon is now Burned.",W,,1,19.9,24.95,30.0,11.87,,Reverse Holofoil,
90022,Trapinch,Trapinch,https://tcgplayer-cdn.tcgplayer.com/product/90022_200w.jpg,3,1383,https://cpt.tcgcsv.com/s0L,2024-04-11T17:52:10.92,1,68/108,Common,Fighting,50,Basic,,"[1] Surprise Attack (20) Flip a coin.  If tails, this attack does nothing.",G,,1,0.1,0.33,2.25,0.5,2.07,Normal,
90022,Trapinch,Trapinch,https://tcgplayer-cdn.tcgplayer.com/product/90022_200w.jpg,3,1383,https://cpt.tcgcsv.com/s0L,2024-04-11T17:52:10.92,1,68/108,Common,Fighting,50,Basic,,"[1] Surprise Attack (20) Flip a coin.  If tails, this attack does nothing.",G,,1,9.13,18.97,30.99,30.0,,Reverse Holofoil,
90292,Vaporeon Star,Vaporeon Star,https://tcgplayer-cdn.tcgplayer.com/product/90292_200w.jpg,3,1383,https://cpt.tcgcsv.com/S7L,2024-04-11T17:52:11,1,102/108,Ultra Rare,Water,70,Basic,"<b>Poke-POWER</b> Blue Ray 
<br>Once during your turn, when you put Vaporeon Star from your hand onto your Bench, you may remove all Special conditions and 3 damage counters from each Active Pokemon (both yours and your opponent's).","[1WW] Whirlpool (40) 
<br>Flip a coin.  If heads, discard an Energy card attached to the Defending Pokemon.",L,None,1,1699.99,1703.97,35000.0,839.94,,Holofoil,
90336,Vibrava,Vibrava,https://tcgplayer-cdn.tcgplayer.com/product/90336_200w.jpg,3,1383,https://cpt.tcgcsv.com/L8L,2024-04-11T17:52:11.083,1,40/108,Uncommon,Colorless,80,Stage 1,,[2] Ram (20),C,FL,1,0.21,0.6,2.0,0.95,,Normal,"[1GL] Dragonbreath (60) Flip a coin.  If tails, this attack does nothing.  If heads, the Defending Pokemon is Paralyzed."
90336,Vibrava,Vibrava,https://tcgplayer-cdn.tcgplayer.com/product/90336_200w.jpg,3,1383,https://cpt.tcgcsv.com/L8L,2024-04-11T17:52:11.083,1,40/108,Uncommon,Colorless,80,Stage 1,,[2] Ram (20),C,FL,1,5.0,5.0,5.89,6.02,,Reverse Holofoil,"[1GL] Dragonbreath (60) Flip a coin.  If tails, this attack does nothing.  If heads, the Defending Pokemon is Paralyzed."
90369,Vigoroth,Vigoroth,https://tcgplayer-cdn.tcgplayer.com/product/90369_200w.jpg,3,1383,https://cpt.tcgcsv.com/p9L,2024-04-11T17:52:11.54,1,41/108,Uncommon,Colorless,70,Stage 1,"Strikes Back - If Vigoroth is your Active Pokemon and is damage by an opponent's attack (even if Vigoroth is Knocked Out), put 1 damage counter on the Attacking Pokemon.  (Poke-BODY)","[2] Ambush (20+) Flip a coin.  If heads, this attack does 20 damage plus 20 more damage.",F,,1,0.39,0.59,2.05,0.74,,Normal,
90369,Vigoroth,Vigoroth,https://tcgplayer-cdn.tcgplayer.com/product/90369_200w.jpg,3,1383,https://cpt.tcgcsv.com/p9L,2024-04-11T17:52:11.54,1,41/108,Uncommon,Colorless,70,Stage 1,"Strikes Back - If Vigoroth is your Active Pokemon and is damage by an opponent's attack (even if Vigoroth is Knocked Out), put 1 damage counter on the Attacking Pokemon.  (Poke-BODY)","[2] Ambush (20+) Flip a coin.  If heads, this attack does 20 damage plus 20 more damage.",F,,1,3.49,14.69,19.95,4.25,,Reverse Holofoil,
90440,Vulpix,Vulpix,https://tcgplayer-cdn.tcgplayer.com/product/90440_200w.jpg,3,1383,https://cpt.tcgcsv.com/QbL,2024-04-11T17:52:11.64,1,69/108,Common,Fire,50,Basic,,"[1] Confuse Ray - Flip a coin.  If heads, the Defending Pokemon is now Confused.",W,,1,0.09,0.37,4.09,0.78,,Normal,[1R] Ember (30) Discard a R Energy attached to Vulpix.
90440,Vulpix,Vulpix,https://tcgplayer-cdn.tcgplayer.com/product/90440_200w.jpg,3,1383,https://cpt.tcgcsv.com/QbL,2024-04-11T17:52:11.64,1,69/108,Common,Fire,50,Basic,,"[1] Confuse Ray - Flip a coin.  If heads, the Defending Pokemon is now Confused.",W,,1,11.87,13.51,18.69,13.96,,Reverse Holofoil,[1R] Ember (30) Discard a R Energy attached to Vulpix.
90471,Walrein ex,Walrein ex,https://tcgplayer-cdn.tcgplayer.com/product/90471_200w.jpg,3,1383,https://cpt.tcgcsv.com/rcL,2024-04-11T17:52:11.767,1,99/108,Ultra Rare,Water,150,Stage 2,"Chilling Breath - Once during your turn, when you play Walrein ex from your hand to evolve 1 of your Pokemon, you may use this power.  Your opponent can't play any Trainer cards from his or her hand during your opponent's next turn.  (Poke-POWER)","[1WW] Wreck (70+) If there is any Stadium in play, this attack does 70 damage plus 20 more damage.  Discard that Stadium card.",L,,3,36.0,79.69,80.97,38.54,44.99,Holofoil,
90474,Warp Energy,Warp Energy,https://tcgplayer-cdn.tcgplayer.com/product/90474_200w.jpg,3,1383,https://cpt.tcgcsv.com/vcL,2025-11-10T23:22:01.803,1,91/108,Uncommon,Energy,0,Special Energy,,"Warp Energy provides C Energy.  When you attach this card from your hand to your Active Pokemon, switch that Pokemon with 1 of your Benched Pokemon.",,,,0.85,1.39,501.5,1.29,4.25,Normal,
90474,Warp Energy,Warp Energy,https://tcgplayer-cdn.tcgplayer.com/product/90474_200w.jpg,3,1383,https://cpt.tcgcsv.com/vcL,2025-11-10T23:22:01.803,1,91/108,Uncommon,Energy,0,Special Energy,,"Warp Energy provides C Energy.  When you attach this card from your hand to your Active Pokemon, switch that Pokemon with 1 of your Benched Pokemon.",,,,3.96,6.99,11.5,4.81,6.99,Reverse Holofoil,
90509,Water Energy,Water Energy,https://tcgplayer-cdn.tcgplayer.com/product/90509_200w.jpg,3,1383,https://cpt.tcgcsv.com/cdL,2024-04-11T17:52:11.967,1,105/108,Rare,Energy,0,Energy,,,,,,3.0,4.87,9.0,4.88,,Holofoil,
90619,Wobbuffet,Wobbuffet,https://tcgplayer-cdn.tcgplayer.com/product/90619_200w.jpg,3,1383,https://cpt.tcgcsv.com/pgL,2024-04-11T17:52:12.093,1,24/108,Rare,Psychic,80,Basic,"Safeguard - Prevent all effects of attacks, including damage, done to Wobbuffet by your opponent's Pokemon-ex.  (Poke-BODY)","[2P] Flip Over (50) Wobbuffet does 10 damage to itself, and don't apply Weakness and Resistance to this damage.",P,,2,0.32,0.73,3.84,0.97,,Normal,
90619,Wobbuffet,Wobbuffet,https://tcgplayer-cdn.tcgplayer.com/product/90619_200w.jpg,3,1383,https://cpt.tcgcsv.com/pgL,2024-04-11T17:52:12.093,1,24/108,Rare,Psychic,80,Basic,"Safeguard - Prevent all effects of attacks, including damage, done to Wobbuffet by your opponent's Pokemon-ex.  (Poke-BODY)","[2P] Flip Over (50) Wobbuffet does 10 damage to itself, and don't apply Weakness and Resistance to this damage.",P,,2,7.35,13.55,18.99,12.5,,Reverse Holofoil,
90656,Wynaut,Wynaut,https://tcgplayer-cdn.tcgplayer.com/product/90656_200w.jpg,3,1383,https://cpt.tcgcsv.com/8hL,2024-04-11T17:52:12.22,1,70/108,Common,Psychic,50,Basic,"Baby Evolution - Once during your turn (before your attack), you may put Wobbuffet from your hand onto Wynaut (this counts as evolving Wynaut) and remove all damage counters from Wynaut.  (Poke-POWER)",[1] Flail (10x) Does 10 times the number of damage counters on Wynaut.,P,,1,0.36,0.79,29.99,1.66,29.99,Normal,
90656,Wynaut,Wynaut,https://tcgplayer-cdn.tcgplayer.com/product/90656_200w.jpg,3,1383,https://cpt.tcgcsv.com/8hL,2024-04-11T17:52:12.22,1,70/108,Common,Psychic,50,Basic,"Baby Evolution - Once during your turn (before your attack), you may put Wobbuffet from your hand onto Wynaut (this counts as evolving Wynaut) and remove all damage counters from Wynaut.  (Poke-POWER)",[1] Flail (10x) Does 10 times the number of damage counters on Wynaut.,P,,1,5.15,7.82,19.0,7.23,,Reverse Holofoil,
90705,Zangoose,Zangoose,https://tcgplayer-cdn.tcgplayer.com/product/90705_200w.jpg,3,1383,https://cpt.tcgcsv.com/7jL,2025-11-19T23:34:54.853,1,25/108,Rare,Colorless,70,Basic,Thick Skin - Zangoose can't be affected by any Special Conditions.  (Poke-BODY),[1] Call for Family - Search your deck for up to 2 Basic Pokemon and put them onto your Bench.  Shuffle your deck afterward.,F,,1,0.1,0.5,29.99,0.66,0.73,Normal,"[2] Sharp Claws (10+) Flip a coin.  If heads, this attack does 10 damage plus 20 more damage."
90705,Zangoose,Zangoose,https://tcgplayer-cdn.tcgplayer.com/product/90705_200w.jpg,3,1383,https://cpt.tcgcsv.com/7jL,2025-11-19T23:34:54.853,1,25/108,Rare,Colorless,70,Basic,Thick Skin - Zangoose can't be affected by any Special Conditions.  (Poke-BODY),[1] Call for Family - Search your deck for up to 2 Basic Pokemon and put them onto your Bench.  Shuffle your deck afterward.,F,,1,7.49,16.0,29.99,5.75,,Reverse Holofoil,"[2] Sharp Claws (10+) Flip a coin.  If heads, this attack does 10 damage plus 20 more damage."
98528,Power Keepers Booster Box,Power Keepers Booster Box,https://tcgplayer-cdn.tcgplayer.com/product/98528_200w.jpg,3,1383,https://cpt.tcgcsv.com/BqP,2024-01-25T14:45:55.403,1,,,,,,,,,,,,,,,,,
98529,Power Keepers Booster Pack,Power Keepers Booster Pack,https://tcgplayer-cdn.tcgplayer.com/product/98529_200w.jpg,3,1383,https://cpt.tcgcsv.com/CqP,2017-07-22T16:57:07.527,1,,,,,,,,,,,899.99,899.99,899.99,738.8,,Normal,
616213,EX Power Keepers Single Blister Pack,EX Power Keepers Single Blister Pack,https://tcgplayer-cdn.tcgplayer.com/product/616213_200w.jpg,3,1383,https://cpt.tcgcsv.com/hvX6,2025-01-31T20:45:19.183,1,,,,,,Each blister comes with a booster pack containing 9 cards.,,,,,,,,,,,
